"Model","WT500 (760203)"
"Comment",""
"Version","1.31"
"Date","2025/12/19"
"Time","09:05:57"

"<Settings>"
"Wiring","NONE"
"Element","Element1","Element2","Element3"
"Module","1kV40A","1kV40A","1kV40A"
"Wiring","1P2W","1P2W","1P2W"
"Voltage Range","15V","15V","15V"
"Terminal","Direct","Direct","Direct"
"Current Range","      1A","      1A","      1A"
"Sensor Ratio","10.0000","10.0000","10.0000"
"Line Filter","Off","Off","Off"
"Frequency Filter","Off","Off","Off"
"Scaling","On"
"Vt Ratio","1.0000","1.0000","1.0000"
"Ct Ratio","1.0000","1.0000","1.0000"
"Scaling Factor","1.0000","1.0000","1.0000"
"Sync Source","U1","U1","U1"
"Average","Off"
"F1","Off"
"F2","Off"
"F3","Off"
"F4","Off"
"F5","Off"
"F6","Off"
"F7","Off"
"F8","Off"
"S,Q Formula","Type 1"
"Phase Angle","180 degree"
"Max Hold","Off"
"Null","Off"
"Measurement Mode","Normal Mode"
"Update Rate","100ms"
"Crest Factor","3"
"Delta Measure Mode","RMS"

"<Settings (Harmonics)>"
"PLL Source","U3"
"Order","1 To 50"
"THD Formula","Total"

"Store No.","Date","Time","Urms-E1","Umn-E1","Urmn-E1","Udc-E1","Uac-E1","Irms-E1","Imn-E1","Irmn-E1","Idc-E1","Iac-E1","P-E1","S-E1","Q-E1","PF-E1","DEG-E1","FU-E1","FI-E1","U+pk-E1","U-pk-E1","I+pk-E1","I-pk-E1","CfU-E1","CfI-E1","Time-E1","Wp-E1","Wp+-E1","Wp--E1","q-E1","q+-E1","q--E1","WS-E1","WQ-E1","Urms-E2","Umn-E2","Urmn-E2","Udc-E2","Uac-E2","Irms-E2","Imn-E2","Irmn-E2","Idc-E2","Iac-E2","P-E2","S-E2","Q-E2","PF-E2","DEG-E2","FU-E2","FI-E2","U+pk-E2","U-pk-E2","I+pk-E2","I-pk-E2","CfU-E2","CfI-E2","Time-E2","Wp-E2","Wp+-E2","Wp--E2","q-E2","q+-E2","q--E2","WS-E2","WQ-E2","eta1","eta2"
    1,  2025/12/19,09:04:51,5.1349E+00,5.7010E+00,5.1327E+00,5.1327E+00,149.02E-03,69.222E-03,73.865E-03,66.501E-03,66.501E-03,19.217E-03,341.75E-03,355.45E-03,-97.705E-03,0.9615E+00,-15.95E+00,Error,NAN,5.1996E+00,5.0691E+00,152.43E-03,25.656E-03,1.013E+00,2.202E+00,NAN,NAN,NAN,NAN,NAN,NAN,NAN,NAN,NAN,0.000E+00,0.000E+00,0.000E+00,-1.0588E-03,0.000E+00,0.0000E+00,0.0000E+00,0.0000E+00,212.68E-06,0.0000E+00,-383.51E-09,0.000E+00,0.000E+00,Error,Error,Error,NAN,57.401E-03,-60.188E-03,7.8522E-03,-5.6642E-03,Error,Error,NAN,NAN,NAN,NAN,NAN,NAN,NAN,NAN,NAN,NAN,NAN
    2,  2025/12/19,09:04:51,5.1344E+00,5.7005E+00,5.1323E+00,5.1323E+00,149.01E-03,68.959E-03,73.870E-03,66.506E-03,66.506E-03,18.229E-03,341.81E-03,354.07E-03,-92.353E-03,0.9654E+00,-15.12E+00,Error,NAN,5.1949E+00,5.0803E+00,131.00E-03,23.014E-03,1.012E+00,1.900E+00,NAN,NAN,NAN,NAN,NAN,NAN,NAN,NAN,NAN,0.000E+00,0.000E+00,0.000E+00,-1.3896E-03,0.000E+00,0.0000E+00,0.0000E+00,0.0000E+00,202.12E-06,0.0000E+00,73.716E-09,0.000E+00,0.000E+00,Error,Error,Error,NAN,55.811E-03,-64.955E-03,7.1408E-03,-5.1560E-03,Error,Error,NAN,NAN,NAN,NAN,NAN,NAN,NAN,NAN,NAN,NAN,NAN
    3,  2025/12/19,09:04:51,5.1347E+00,5.7007E+00,5.1324E+00,5.1324E+00,153.01E-03,69.278E-03,73.890E-03,66.525E-03,66.525E-03,19.337E-03,341.93E-03,355.72E-03,-98.080E-03,0.9612E+00,-16.01E+00,Error,NAN,5.1933E+00,5.0755E+00,149.69E-03,23.421E-03,1.011E+00,2.161E+00,NAN,NAN,NAN,NAN,NAN,NAN,NAN,NAN,NAN,0.000E+00,0.000E+00,0.000E+00,-1.3348E-03,0.000E+00,0.0000E+00,0.0000E+00,0.0000E+00,214.59E-06,0.0000E+00,-367.44E-09,0.000E+00,0.000E+00,Error,Error,Error,NAN,57.401E-03,-69.722E-03,7.2424E-03,-7.0869E-03,Error,Error,NAN,NAN,NAN,NAN,NAN,NAN,NAN,NAN,NAN,NAN,NAN
    4,  2025/12/19,09:04:51,5.1346E+00,5.7007E+00,5.1325E+00,5.1325E+00,149.00E-03,69.295E-03,73.851E-03,66.489E-03,66.489E-03,19.519E-03,341.72E-03,355.80E-03,-99.121E-03,0.9604E+00,-16.18E+00,Error,NAN,5.1965E+00,5.0723E+00,159.95E-03,23.827E-03,1.012E+00,2.308E+00,NAN,NAN,NAN,NAN,NAN,NAN,NAN,NAN,NAN,0.000E+00,0.000E+00,0.000E+00,-1.3615E-03,0.000E+00,0.0000E+00,0.0000E+00,0.0000E+00,177.60E-06,0.0000E+00,-482.32E-09,0.000E+00,0.000E+00,Error,Error,Error,NAN,66.935E-03,-63.366E-03,6.5310E-03,-6.8837E-03,Error,Error,NAN,NAN,NAN,NAN,NAN,NAN,NAN,NAN,NAN,NAN,NAN
    5,  2025/12/19,09:04:51,5.1346E+00,5.7005E+00,5.1323E+00,5.1323E+00,152.97E-03,68.864E-03,73.842E-03,66.481E-03,66.481E-03,17.959E-03,341.68E-03,353.59E-03,-90.981E-03,0.9663E+00,-14.91E+00,Error,NAN,5.2108E+00,5.0691E+00,151.31E-03,23.929E-03,1.015E+00,2.197E+00,NAN,NAN,NAN,NAN,NAN,NAN,NAN,NAN,NAN,0.000E+00,0.000E+00,0.000E+00,-1.1737E-03,0.000E+00,0.0000E+00,0.0000E+00,0.0000E+00,170.38E-06,0.0000E+00,88.515E-09,0.000E+00,0.000E+00,Error,Error,Error,NAN,55.811E-03,-63.366E-03,6.9375E-03,-7.1886E-03,Error,Error,NAN,NAN,NAN,NAN,NAN,NAN,NAN,NAN,NAN,NAN,NAN
    6,  2025/12/19,09:04:51,5.1347E+00,5.7008E+00,5.1325E+00,5.1325E+00,149.09E-03,69.263E-03,73.840E-03,66.479E-03,66.479E-03,19.437E-03,341.66E-03,355.64E-03,-98.732E-03,0.9607E+00,-16.12E+00,Error,NAN,5.2028E+00,5.0691E+00,133.43E-03,20.881E-03,1.013E+00,1.926E+00,NAN,NAN,NAN,NAN,NAN,NAN,NAN,NAN,NAN,0.000E+00,0.000E+00,0.000E+00,-1.6436E-03,0.000E+00,0.0000E+00,0.0000E+00,0.0000E+00,137.82E-06,0.0000E+00,633.37E-09,0.000E+00,0.000E+00,Error,Error,Error,NAN,57.401E-03,-71.311E-03,6.8359E-03,-6.6804E-03,Error,Error,NAN,NAN,NAN,NAN,NAN,NAN,NAN,NAN,NAN,NAN,NAN
    7,  2025/12/19,09:04:51,5.1343E+00,5.7003E+00,5.1320E+00,5.1320E+00,153.02E-03,68.905E-03,73.847E-03,66.486E-03,66.486E-03,18.099E-03,341.76E-03,353.78E-03,-91.439E-03,0.9660E+00,-14.98E+00,Error,NAN,5.1965E+00,5.0675E+00,129.88E-03,24.741E-03,1.012E+00,1.885E+00,NAN,NAN,NAN,NAN,NAN,NAN,NAN,NAN,NAN,0.000E+00,0.000E+00,0.000E+00,-1.2433E-03,0.000E+00,0.0000E+00,0.0000E+00,0.0000E+00,136.39E-06,0.0000E+00,202.43E-09,0.000E+00,0.000E+00,Error,Error,Error,NAN,57.401E-03,-53.832E-03,6.6327E-03,-6.1723E-03,Error,Error,NAN,NAN,NAN,NAN,NAN,NAN,NAN,NAN,NAN,NAN,NAN
    8,  2025/12/19,09:04:52,5.1345E+00,5.7006E+00,5.1324E+00,5.1324E+00,149.00E-03,68.882E-03,73.817E-03,66.459E-03,66.459E-03,18.109E-03,341.61E-03,353.67E-03,-91.603E-03,0.9659E+00,-15.01E+00,Error,NAN,5.1949E+00,5.0803E+00,134.96E-03,20.475E-03,1.012E+00,1.959E+00,NAN,NAN,NAN,NAN,NAN,NAN,NAN,NAN,NAN,0.000E+00,0.000E+00,0.000E+00,-1.4135E-03,0.000E+00,0.0000E+00,0.0000E+00,0.0000E+00,143.59E-06,0.0000E+00,69.524E-09,0.000E+00,0.000E+00,Error,Error,Error,NAN,54.222E-03,-58.599E-03,6.2261E-03,-7.2902E-03,Error,Error,NAN,NAN,NAN,NAN,NAN,NAN,NAN,NAN,NAN,NAN,NAN
    9,  2025/12/19,09:04:52,5.1345E+00,5.7004E+00,5.1322E+00,5.1322E+00,152.99E-03,69.123E-03,73.813E-03,66.455E-03,66.455E-03,19.018E-03,341.54E-03,354.91E-03,-96.515E-03,0.9623E+00,-15.78E+00,Error,NAN,5.1981E+00,5.0787E+00,158.83E-03,23.421E-03,1.012E+00,2.298E+00,NAN,NAN,NAN,NAN,NAN,NAN,NAN,NAN,NAN,0.000E+00,0.000E+00,0.000E+00,-1.2896E-03,0.000E+00,0.0000E+00,0.0000E+00,0.0000E+00,161.37E-06,0.0000E+00,484.68E-09,0.000E+00,0.000E+00,Error,Error,Error,NAN,52.633E-03,-66.544E-03,7.0392E-03,-6.4772E-03,Error,Error,NAN,NAN,NAN,NAN,NAN,NAN,NAN,NAN,NAN,NAN,NAN
   10,  2025/12/19,09:04:52,5.1344E+00,5.7005E+00,5.1323E+00,5.1323E+00,149.03E-03,69.168E-03,73.797E-03,66.441E-03,66.441E-03,19.229E-03,341.52E-03,355.14E-03,-97.415E-03,0.9616E+00,-15.92E+00,Error,NAN,5.1949E+00,5.0787E+00,175.49E-03,22.710E-03,1.012E+00,2.537E+00,NAN,NAN,NAN,NAN,NAN,NAN,NAN,NAN,NAN,0.000E+00,0.000E+00,0.000E+00,-1.2646E-03,0.000E+00,0.0000E+00,0.0000E+00,0.0000E+00,149.06E-06,0.0000E+00,551.40E-09,0.000E+00,0.000E+00,Error,Error,Error,NAN,57.401E-03,-60.188E-03,6.6327E-03,-5.5625E-03,Error,Error,NAN,NAN,NAN,NAN,NAN,NAN,NAN,NAN,NAN,NAN,NAN
   11,  2025/12/19,09:04:52,5.1341E+00,5.7001E+00,5.1319E+00,5.1319E+00,153.05E-03,68.940E-03,73.807E-03,66.449E-03,66.449E-03,18.362E-03,341.61E-03,353.95E-03,-92.648E-03,0.9651E+00,-15.17E+00,Error,NAN,5.2028E+00,5.0707E+00,141.46E-03,23.218E-03,1.013E+00,2.052E+00,NAN,NAN,NAN,NAN,NAN,NAN,NAN,NAN,NAN,0.000E+00,0.000E+00,0.000E+00,-1.4655E-03,0.000E+00,0.0000E+00,0.0000E+00,0.0000E+00,141.00E-06,0.0000E+00,-353.88E-09,0.000E+00,0.000E+00,Error,Error,Error,NAN,54.222E-03,-61.777E-03,6.3278E-03,-5.6642E-03,Error,Error,NAN,NAN,NAN,NAN,NAN,NAN,NAN,NAN,NAN,NAN,NAN
   12,  2025/12/19,09:04:52,5.1344E+00,5.7004E+00,5.1322E+00,5.1322E+00,149.01E-03,69.067E-03,73.806E-03,66.449E-03,66.449E-03,18.836E-03,341.51E-03,354.62E-03,-95.501E-03,0.9631E+00,-15.62E+00,Error,NAN,5.2028E+00,5.0771E+00,145.22E-03,22.811E-03,1.013E+00,2.103E+00,NAN,NAN,NAN,NAN,NAN,NAN,NAN,NAN,NAN,0.000E+00,0.000E+00,0.000E+00,-1.3983E-03,0.000E+00,0.0000E+00,0.0000E+00,0.0000E+00,129.65E-06,0.0000E+00,404.14E-09,0.000E+00,0.000E+00,Error,Error,Error,NAN,63.757E-03,-64.955E-03,5.9213E-03,-6.2739E-03,Error,Error,NAN,NAN,NAN,NAN,NAN,NAN,NAN,NAN,NAN,NAN,NAN
   13,  2025/12/19,09:04:53,5.1350E+00,5.7011E+00,5.1328E+00,5.1328E+00,149.07E-03,69.206E-03,73.838E-03,66.478E-03,66.478E-03,19.239E-03,341.67E-03,355.37E-03,-97.728E-03,0.9614E+00,-15.96E+00,Error,NAN,5.1965E+00,5.0739E+00,137.29E-03,24.030E-03,1.012E+00,1.984E+00,NAN,NAN,NAN,NAN,NAN,NAN,NAN,NAN,NAN,0.000E+00,0.000E+00,0.000E+00,-1.3709E-03,0.000E+00,0.0000E+00,0.0000E+00,0.0000E+00,126.81E-06,0.0000E+00,-65.465E-09,0.000E+00,0.000E+00,Error,Error,Error,NAN,63.757E-03,-55.421E-03,6.9375E-03,-6.1723E-03,Error,Error,NAN,NAN,NAN,NAN,NAN,NAN,NAN,NAN,NAN,NAN,NAN
   14,  2025/12/19,09:04:53,5.1343E+00,5.7003E+00,5.1320E+00,5.1320E+00,153.02E-03,68.969E-03,73.857E-03,66.495E-03,66.495E-03,18.308E-03,341.77E-03,354.11E-03,-92.675E-03,0.9651E+00,-15.17E+00,Error,NAN,5.1949E+00,5.0707E+00,145.72E-03,24.538E-03,1.012E+00,2.113E+00,NAN,NAN,NAN,NAN,NAN,NAN,NAN,NAN,NAN,0.000E+00,0.000E+00,0.000E+00,-1.5939E-03,0.000E+00,0.0000E+00,0.0000E+00,0.0000E+00,67.567E-06,0.0000E+00,621.46E-09,0.000E+00,0.000E+00,Error,Error,Error,NAN,65.346E-03,-66.544E-03,6.2261E-03,-6.7821E-03,Error,Error,NAN,NAN,NAN,NAN,NAN,NAN,NAN,NAN,NAN,NAN,NAN
   15,  2025/12/19,09:04:53,5.1350E+00,5.7011E+00,5.1328E+00,5.1328E+00,149.04E-03,69.108E-03,73.895E-03,66.529E-03,66.529E-03,18.706E-03,341.96E-03,354.87E-03,-94.834E-03,0.9636E+00,-15.50E+00,Error,NAN,5.1933E+00,5.0787E+00,133.94E-03,24.233E-03,1.011E+00,1.938E+00,NAN,NAN,NAN,NAN,NAN,NAN,NAN,NAN,NAN,0.000E+00,0.000E+00,0.000E+00,-1.3433E-03,0.000E+00,0.0000E+00,0.0000E+00,0.0000E+00,103.30E-06,0.0000E+00,292.36E-09,0.000E+00,0.000E+00,Error,Error,Error,NAN,57.401E-03,-64.955E-03,6.3278E-03,-6.5788E-03,Error,Error,NAN,NAN,NAN,NAN,NAN,NAN,NAN,NAN,NAN,NAN,NAN
   16,  2025/12/19,09:04:53,5.1343E+00,5.7003E+00,5.1321E+00,5.1321E+00,152.97E-03,69.146E-03,73.860E-03,66.497E-03,66.497E-03,18.956E-03,341.84E-03,355.02E-03,-95.842E-03,0.9629E+00,-15.66E+00,Error,NAN,5.1965E+00,5.0771E+00,134.96E-03,19.154E-03,1.012E+00,1.952E+00,NAN,NAN,NAN,NAN,NAN,NAN,NAN,NAN,NAN,0.000E+00,0.000E+00,0.000E+00,-2.0240E-03,0.000E+00,0.0000E+00,0.0000E+00,0.0000E+00,53.899E-06,0.0000E+00,12.469E-09,0.000E+00,0.000E+00,Error,Error,Error,NAN,57.401E-03,-63.366E-03,6.5310E-03,-6.2739E-03,Error,Error,NAN,NAN,NAN,NAN,NAN,NAN,NAN,NAN,NAN,NAN,NAN
   17,  2025/12/19,09:04:53,5.1342E+00,5.7003E+00,5.1320E+00,5.1320E+00,149.01E-03,68.748E-03,73.880E-03,66.516E-03,66.516E-03,17.376E-03,341.84E-03,352.97E-03,-87.926E-03,0.9685E+00,-14.42E+00,Error,NAN,5.1981E+00,5.0771E+00,135.16E-03,23.522E-03,1.012E+00,1.966E+00,NAN,NAN,NAN,NAN,NAN,NAN,NAN,NAN,NAN,0.000E+00,0.000E+00,0.000E+00,-1.8727E-03,0.000E+00,0.0000E+00,0.0000E+00,0.0000E+00,98.964E-06,0.0000E+00,-100.24E-09,0.000E+00,0.000E+00,Error,Error,Error,NAN,65.346E-03,-64.955E-03,6.3278E-03,-6.3756E-03,Error,Error,NAN,NAN,NAN,NAN,NAN,NAN,NAN,NAN,NAN,NAN,NAN
   18,  2025/12/19,09:04:53,5.1346E+00,5.7006E+00,5.1323E+00,5.1323E+00,153.06E-03,69.265E-03,73.874E-03,66.510E-03,66.510E-03,19.342E-03,341.83E-03,355.65E-03,-98.174E-03,0.9611E+00,-16.02E+00,Error,NAN,5.1981E+00,5.0771E+00,129.47E-03,23.319E-03,1.012E+00,1.869E+00,NAN,NAN,NAN,NAN,NAN,NAN,NAN,NAN,NAN,0.000E+00,0.000E+00,0.000E+00,-1.1078E-03,0.000E+00,0.0000E+00,0.0000E+00,0.0000E+00,86.644E-06,0.0000E+00,-550.84E-09,0.000E+00,0.000E+00,Error,Error,Error,NAN,60.579E-03,-58.599E-03,6.1245E-03,-5.9690E-03,Error,Error,NAN,NAN,NAN,NAN,NAN,NAN,NAN,NAN,NAN,NAN,NAN
   19,  2025/12/19,09:04:53,5.1351E+00,5.7012E+00,5.1329E+00,5.1329E+00,148.98E-03,69.071E-03,73.948E-03,66.576E-03,66.576E-03,18.394E-03,342.15E-03,354.68E-03,-93.454E-03,0.9647E+00,-15.28E+00,Error,NAN,5.2092E+00,5.0628E+00,141.25E-03,24.640E-03,1.014E+00,2.045E+00,NAN,NAN,NAN,NAN,NAN,NAN,NAN,NAN,NAN,0.000E+00,0.000E+00,0.000E+00,-1.1436E-03,0.000E+00,0.0000E+00,0.0000E+00,0.0000E+00,70.934E-06,0.0000E+00,-159.44E-09,0.000E+00,0.000E+00,Error,Error,Error,NAN,60.579E-03,-55.421E-03,6.1245E-03,-6.1723E-03,Error,Error,NAN,NAN,NAN,NAN,NAN,NAN,NAN,NAN,NAN,NAN,NAN
   20,  2025/12/19,09:04:53,5.1346E+00,5.7006E+00,5.1323E+00,5.1323E+00,152.97E-03,69.190E-03,73.932E-03,66.563E-03,66.563E-03,18.887E-03,342.13E-03,355.27E-03,-95.713E-03,0.9630E+00,-15.63E+00,Error,NAN,5.1933E+00,5.0691E+00,141.76E-03,22.913E-03,1.011E+00,2.049E+00,NAN,NAN,NAN,NAN,NAN,NAN,NAN,NAN,NAN,0.000E+00,0.000E+00,0.000E+00,-1.5967E-03,0.000E+00,0.0000E+00,0.0000E+00,0.0000E+00,87.725E-06,0.0000E+00,8.7177E-09,0.000E+00,0.000E+00,Error,Error,Error,NAN,55.811E-03,-63.366E-03,7.6489E-03,-5.9690E-03,Error,Error,NAN,NAN,NAN,NAN,NAN,NAN,NAN,NAN,NAN,NAN,NAN
   21,  2025/12/19,09:04:53,5.1349E+00,5.7011E+00,5.1328E+00,5.1328E+00,149.04E-03,68.865E-03,73.873E-03,66.509E-03,66.509E-03,17.859E-03,341.86E-03,353.62E-03,-90.433E-03,0.9667E+00,-14.82E+00,Error,NAN,5.1933E+00,5.0819E+00,132.01E-03,25.452E-03,1.011E+00,1.917E+00,NAN,NAN,NAN,NAN,NAN,NAN,NAN,NAN,NAN,0.000E+00,0.000E+00,0.000E+00,-1.1459E-03,0.000E+00,0.0000E+00,0.0000E+00,0.0000E+00,64.547E-06,0.0000E+00,64.521E-09,0.000E+00,0.000E+00,Error,Error,Error,NAN,58.990E-03,-64.955E-03,6.1245E-03,-5.9690E-03,Error,Error,NAN,NAN,NAN,NAN,NAN,NAN,NAN,NAN,NAN,NAN,NAN
   22,  2025/12/19,09:04:53,5.1344E+00,5.7003E+00,5.1321E+00,5.1321E+00,153.04E-03,69.222E-03,73.882E-03,66.517E-03,66.517E-03,19.160E-03,341.95E-03,355.41E-03,-96.867E-03,0.9621E+00,-15.82E+00,Error,NAN,5.1901E+00,5.0691E+00,157.41E-03,21.592E-03,1.011E+00,2.274E+00,NAN,NAN,NAN,NAN,NAN,NAN,NAN,NAN,NAN,0.000E+00,0.000E+00,0.000E+00,-1.6038E-03,0.000E+00,0.0000E+00,0.0000E+00,0.0000E+00,72.322E-06,0.0000E+00,29.698E-09,0.000E+00,0.000E+00,Error,Error,Error,NAN,57.401E-03,-66.544E-03,6.4294E-03,-6.2739E-03,Error,Error,NAN,NAN,NAN,NAN,NAN,NAN,NAN,NAN,NAN,NAN,NAN
   23,  2025/12/19,09:04:54,5.1349E+00,5.7010E+00,5.1327E+00,5.1327E+00,149.06E-03,69.241E-03,73.877E-03,66.512E-03,66.512E-03,19.247E-03,341.87E-03,355.55E-03,-97.672E-03,0.9615E+00,-15.94E+00,Error,NAN,5.1949E+00,5.0771E+00,150.80E-03,22.405E-03,1.012E+00,2.178E+00,NAN,NAN,NAN,NAN,NAN,NAN,NAN,NAN,NAN,0.000E+00,0.000E+00,0.000E+00,-1.6921E-03,0.000E+00,0.0000E+00,0.0000E+00,0.0000E+00,77.320E-06,0.0000E+00,64.545E-09,0.000E+00,0.000E+00,Error,Error,Error,NAN,65.346E-03,-63.366E-03,6.0229E-03,-6.2739E-03,Error,Error,NAN,NAN,NAN,NAN,NAN,NAN,NAN,NAN,NAN,NAN,NAN
   24,  2025/12/19,09:04:54,5.1345E+00,5.7005E+00,5.1323E+00,5.1323E+00,153.02E-03,69.076E-03,73.897E-03,66.531E-03,66.531E-03,18.577E-03,341.98E-03,354.67E-03,-94.036E-03,0.9642E+00,-15.37E+00,Error,NAN,5.2028E+00,5.0739E+00,150.80E-03,22.202E-03,1.013E+00,2.183E+00,NAN,NAN,NAN,NAN,NAN,NAN,NAN,NAN,NAN,0.000E+00,0.000E+00,0.000E+00,-1.3229E-03,0.000E+00,0.0000E+00,0.0000E+00,0.0000E+00,57.133E-06,0.0000E+00,21.096E-09,0.000E+00,0.000E+00,Error,Error,Error,NAN,54.222E-03,-63.366E-03,7.5473E-03,-5.7658E-03,Error,Error,NAN,NAN,NAN,NAN,NAN,NAN,NAN,NAN,NAN,NAN,NAN
   25,  2025/12/19,09:04:54,5.1346E+00,5.7007E+00,5.1324E+00,5.1324E+00,149.05E-03,69.017E-03,73.924E-03,66.555E-03,66.555E-03,18.269E-03,342.13E-03,354.37E-03,-92.343E-03,0.9655E+00,-15.10E+00,Error,NAN,5.1981E+00,5.0835E+00,142.17E-03,21.288E-03,1.012E+00,2.060E+00,NAN,NAN,NAN,NAN,NAN,NAN,NAN,NAN,NAN,0.000E+00,0.000E+00,0.000E+00,-1.9433E-03,0.000E+00,0.0000E+00,0.0000E+00,0.0000E+00,72.072E-06,0.0000E+00,119.14E-09,0.000E+00,0.000E+00,Error,Error,Error,NAN,57.401E-03,-79.256E-03,6.9375E-03,-6.8837E-03,Error,Error,NAN,NAN,NAN,NAN,NAN,NAN,NAN,NAN,NAN,NAN,NAN
   26,  2025/12/19,09:04:54,5.1345E+00,5.7005E+00,5.1322E+00,5.1322E+00,153.04E-03,69.077E-03,73.827E-03,66.468E-03,66.468E-03,18.809E-03,341.60E-03,354.68E-03,-95.436E-03,0.9631E+00,-15.61E+00,Error,NAN,5.1949E+00,5.0771E+00,144.91E-03,22.100E-03,1.012E+00,2.098E+00,NAN,NAN,NAN,NAN,NAN,NAN,NAN,NAN,NAN,0.000E+00,0.000E+00,0.000E+00,-1.5545E-03,0.000E+00,0.0000E+00,0.0000E+00,0.0000E+00,80.503E-06,0.0000E+00,17.718E-09,0.000E+00,0.000E+00,Error,Error,Error,NAN,55.811E-03,-66.544E-03,6.3278E-03,-6.4772E-03,Error,Error,NAN,NAN,NAN,NAN,NAN,NAN,NAN,NAN,NAN,NAN,NAN
   27,  2025/12/19,09:04:54,5.1344E+00,5.7005E+00,5.1322E+00,5.1322E+00,149.03E-03,69.399E-03,73.904E-03,66.537E-03,66.537E-03,19.727E-03,341.97E-03,356.32E-03,-100.11E-03,0.9597E+00,-16.32E+00,Error,NAN,5.1981E+00,5.0691E+00,159.23E-03,19.459E-03,1.012E+00,2.294E+00,NAN,NAN,NAN,NAN,NAN,NAN,NAN,NAN,NAN,0.000E+00,0.000E+00,0.000E+00,-1.5868E-03,0.000E+00,0.0000E+00,0.0000E+00,0.0000E+00,125.45E-06,0.0000E+00,421.13E-09,0.000E+00,0.000E+00,Error,Error,Error,NAN,54.222E-03,-66.544E-03,6.7343E-03,-6.4772E-03,Error,Error,NAN,NAN,NAN,NAN,NAN,NAN,NAN,NAN,NAN,NAN,NAN
   28,  2025/12/19,09:04:54,5.1345E+00,5.7004E+00,5.1322E+00,5.1322E+00,152.99E-03,68.752E-03,73.910E-03,66.542E-03,66.542E-03,17.291E-03,342.07E-03,353.01E-03,-87.201E-03,0.9690E+00,-14.30E+00,Error,NAN,5.1933E+00,5.0803E+00,133.13E-03,22.405E-03,1.011E+00,1.936E+00,NAN,NAN,NAN,NAN,NAN,NAN,NAN,NAN,NAN,0.000E+00,0.000E+00,0.000E+00,-1.5176E-03,0.000E+00,0.0000E+00,0.0000E+00,0.0000E+00,108.95E-06,0.0000E+00,-200.67E-09,0.000E+00,0.000E+00,Error,Error,Error,NAN,66.935E-03,-60.188E-03,6.5310E-03,-6.2739E-03,Error,Error,NAN,NAN,NAN,NAN,NAN,NAN,NAN,NAN,NAN,NAN,NAN
   29,  2025/12/19,09:04:54,5.1349E+00,5.7010E+00,5.1327E+00,5.1327E+00,149.03E-03,69.228E-03,73.894E-03,66.528E-03,66.528E-03,19.147E-03,341.90E-03,355.48E-03,-97.325E-03,0.9618E+00,-15.89E+00,Error,NAN,5.1981E+00,5.0771E+00,138.31E-03,22.710E-03,1.012E+00,1.998E+00,NAN,NAN,NAN,NAN,NAN,NAN,NAN,NAN,NAN,0.000E+00,0.000E+00,0.000E+00,-1.2816E-03,0.000E+00,0.0000E+00,0.0000E+00,0.0000E+00,104.20E-06,0.0000E+00,-257.24E-09,0.000E+00,0.000E+00,Error,Error,Error,NAN,70.113E-03,-63.366E-03,6.1245E-03,-6.3756E-03,Error,Error,NAN,NAN,NAN,NAN,NAN,NAN,NAN,NAN,NAN,NAN,NAN
   30,  2025/12/19,09:04:54,5.1345E+00,5.7004E+00,5.1322E+00,5.1322E+00,153.02E-03,68.934E-03,73.915E-03,66.547E-03,66.547E-03,17.984E-03,342.01E-03,353.94E-03,-91.122E-03,0.9663E+00,-14.92E+00,Error,NAN,5.1996E+00,5.0691E+00,139.63E-03,24.640E-03,1.013E+00,2.026E+00,NAN,NAN,NAN,NAN,NAN,NAN,NAN,NAN,NAN,0.000E+00,0.000E+00,0.000E+00,-1.5456E-03,0.000E+00,0.0000E+00,0.0000E+00,0.0000E+00,125.19E-06,0.0000E+00,337.30E-09,0.000E+00,0.000E+00,Error,Error,Error,NAN,62.168E-03,-64.955E-03,6.0229E-03,-6.3756E-03,Error,Error,NAN,NAN,NAN,NAN,NAN,NAN,NAN,NAN,NAN,NAN,NAN
   31,  2025/12/19,09:04:54,5.1348E+00,5.7009E+00,5.1326E+00,5.1326E+00,149.05E-03,69.306E-03,73.898E-03,66.531E-03,66.531E-03,19.413E-03,341.98E-03,355.87E-03,-98.464E-03,0.9610E+00,-16.06E+00,Error,NAN,5.1949E+00,5.0675E+00,134.96E-03,22.405E-03,1.012E+00,1.947E+00,NAN,NAN,NAN,NAN,NAN,NAN,NAN,NAN,NAN,0.000E+00,0.000E+00,0.000E+00,-1.6538E-03,0.000E+00,0.0000E+00,0.0000E+00,0.0000E+00,120.91E-06,0.0000E+00,-20.061E-09,0.000E+00,0.000E+00,Error,Error,Error,NAN,60.579E-03,-58.599E-03,6.8359E-03,-6.6804E-03,Error,Error,NAN,NAN,NAN,NAN,NAN,NAN,NAN,NAN,NAN,NAN,NAN
   32,  2025/12/19,09:04:54,5.1347E+00,5.7007E+00,5.1325E+00,5.1325E+00,153.04E-03,69.126E-03,73.908E-03,66.541E-03,66.541E-03,18.730E-03,342.01E-03,354.95E-03,-94.955E-03,0.9636E+00,-15.52E+00,Error,NAN,5.1996E+00,5.0787E+00,136.18E-03,24.233E-03,1.013E+00,1.970E+00,NAN,NAN,NAN,NAN,NAN,NAN,NAN,NAN,NAN,0.000E+00,0.000E+00,0.000E+00,-1.5742E-03,0.000E+00,0.0000E+00,0.0000E+00,0.0000E+00,130.84E-06,0.0000E+00,-214.84E-09,0.000E+00,0.000E+00,Error,Error,Error,NAN,57.401E-03,-60.188E-03,6.7343E-03,-7.0869E-03,Error,Error,NAN,NAN,NAN,NAN,NAN,NAN,NAN,NAN,NAN,NAN,NAN
   33,  2025/12/19,09:04:55,5.1349E+00,5.7010E+00,5.1327E+00,5.1327E+00,149.06E-03,69.112E-03,73.932E-03,66.562E-03,66.562E-03,18.599E-03,342.22E-03,354.88E-03,-93.961E-03,0.9643E+00,-15.35E+00,Error,NAN,5.1917E+00,5.0835E+00,126.42E-03,24.945E-03,1.011E+00,1.829E+00,NAN,NAN,NAN,NAN,NAN,NAN,NAN,NAN,NAN,0.000E+00,0.000E+00,0.000E+00,-1.2032E-03,0.000E+00,0.0000E+00,0.0000E+00,0.0000E+00,176.07E-06,0.0000E+00,39.313E-09,0.000E+00,0.000E+00,Error,Error,Error,NAN,63.757E-03,-68.133E-03,6.2261E-03,-7.0869E-03,Error,Error,NAN,NAN,NAN,NAN,NAN,NAN,NAN,NAN,NAN,NAN,NAN
   34,  2025/12/19,09:04:55,5.1349E+00,5.7009E+00,5.1327E+00,5.1327E+00,153.00E-03,69.108E-03,73.889E-03,66.523E-03,66.523E-03,18.722E-03,341.94E-03,354.86E-03,-94.895E-03,0.9636E+00,-15.51E+00,Error,NAN,5.1965E+00,5.0819E+00,133.33E-03,23.726E-03,1.012E+00,1.929E+00,NAN,NAN,NAN,NAN,NAN,NAN,NAN,NAN,NAN,0.000E+00,0.000E+00,0.000E+00,-1.5978E-03,0.000E+00,0.0000E+00,0.0000E+00,0.0000E+00,130.44E-06,0.0000E+00,8.3826E-09,0.000E+00,0.000E+00,Error,Error,Error,NAN,55.811E-03,-66.544E-03,6.1245E-03,-6.4772E-03,Error,Error,NAN,NAN,NAN,NAN,NAN,NAN,NAN,NAN,NAN,NAN,NAN
   35,  2025/12/19,09:04:55,5.1347E+00,5.7008E+00,5.1325E+00,5.1325E+00,149.07E-03,69.173E-03,73.908E-03,66.541E-03,66.541E-03,18.900E-03,341.91E-03,355.18E-03,-96.179E-03,0.9626E+00,-15.71E+00,Error,NAN,5.1981E+00,5.0787E+00,134.35E-03,19.561E-03,1.012E+00,1.942E+00,NAN,NAN,NAN,NAN,NAN,NAN,NAN,NAN,NAN,0.000E+00,0.000E+00,0.000E+00,-1.2413E-03,0.000E+00,0.0000E+00,0.0000E+00,0.0000E+00,159.96E-06,0.0000E+00,-304.96E-09,0.000E+00,0.000E+00,Error,Error,Error,NAN,54.222E-03,-57.010E-03,6.7343E-03,-6.0707E-03,Error,Error,NAN,NAN,NAN,NAN,NAN,NAN,NAN,NAN,NAN,NAN,NAN
   36,  2025/12/19,09:04:55,5.1349E+00,5.7009E+00,5.1326E+00,5.1326E+00,153.04E-03,69.135E-03,73.900E-03,66.533E-03,66.533E-03,18.787E-03,341.98E-03,355.00E-03,-95.273E-03,0.9633E+00,-15.57E+00,Error,NAN,5.1981E+00,5.0755E+00,143.69E-03,21.389E-03,1.012E+00,2.078E+00,NAN,NAN,NAN,NAN,NAN,NAN,NAN,NAN,NAN,0.000E+00,0.000E+00,0.000E+00,-1.6998E-03,0.000E+00,0.0000E+00,0.0000E+00,0.0000E+00,180.44E-06,0.0000E+00,-12.433E-09,0.000E+00,0.000E+00,Error,Error,Error,NAN,60.579E-03,-60.188E-03,7.4457E-03,-5.7658E-03,Error,Error,NAN,NAN,NAN,NAN,NAN,NAN,NAN,NAN,NAN,NAN,NAN
   37,  2025/12/19,09:04:55,5.1349E+00,5.7011E+00,5.1328E+00,5.1328E+00,149.07E-03,68.996E-03,73.884E-03,66.519E-03,66.519E-03,18.323E-03,342.03E-03,354.29E-03,-92.395E-03,0.9654E+00,-15.12E+00,Error,NAN,5.1917E+00,5.0755E+00,139.93E-03,23.421E-03,1.011E+00,2.028E+00,NAN,NAN,NAN,NAN,NAN,NAN,NAN,NAN,NAN,0.000E+00,0.000E+00,0.000E+00,-1.1601E-03,0.000E+00,0.0000E+00,0.0000E+00,0.0000E+00,173.94E-06,0.0000E+00,117.56E-09,0.000E+00,0.000E+00,Error,Error,Error,NAN,68.524E-03,-68.133E-03,6.0229E-03,-6.6804E-03,Error,Error,NAN,NAN,NAN,NAN,NAN,NAN,NAN,NAN,NAN,NAN,NAN
   38,  2025/12/19,09:04:55,5.1349E+00,5.7009E+00,5.1326E+00,5.1326E+00,153.02E-03,69.194E-03,73.875E-03,66.510E-03,66.510E-03,19.085E-03,341.89E-03,355.31E-03,-96.704E-03,0.9622E+00,-15.79E+00,Error,NAN,5.1917E+00,5.0723E+00,162.89E-03,23.522E-03,1.011E+00,2.354E+00,NAN,NAN,NAN,NAN,NAN,NAN,NAN,NAN,NAN,0.000E+00,0.000E+00,0.000E+00,-1.1476E-03,0.000E+00,0.0000E+00,0.0000E+00,0.0000E+00,206.43E-06,0.0000E+00,10.780E-09,0.000E+00,0.000E+00,Error,Error,Error,NAN,62.168E-03,-64.955E-03,6.6327E-03,-6.5788E-03,Error,Error,NAN,NAN,NAN,NAN,NAN,NAN,NAN,NAN,NAN,NAN,NAN
   39,  2025/12/19,09:04:55,5.1348E+00,5.7009E+00,5.1326E+00,5.1326E+00,149.00E-03,69.015E-03,73.861E-03,66.498E-03,66.498E-03,18.470E-03,341.72E-03,354.38E-03,-93.875E-03,0.9643E+00,-15.36E+00,Error,NAN,5.1933E+00,5.0755E+00,141.15E-03,24.945E-03,1.011E+00,2.045E+00,NAN,NAN,NAN,NAN,NAN,NAN,NAN,NAN,NAN,0.000E+00,0.000E+00,0.000E+00,-1.6053E-03,0.000E+00,0.0000E+00,0.0000E+00,0.0000E+00,229.43E-06,0.0000E+00,316.85E-09,0.000E+00,0.000E+00,Error,Error,Error,NAN,57.401E-03,-61.777E-03,6.8359E-03,-6.1723E-03,Error,Error,NAN,NAN,NAN,NAN,NAN,NAN,NAN,NAN,NAN,NAN,NAN
   40,  2025/12/19,09:04:55,5.1345E+00,5.7004E+00,5.1322E+00,5.1322E+00,153.01E-03,69.139E-03,73.855E-03,66.493E-03,66.493E-03,18.947E-03,341.83E-03,354.99E-03,-95.785E-03,0.9629E+00,-15.65E+00,Error,NAN,5.1949E+00,5.0803E+00,153.34E-03,22.303E-03,1.012E+00,2.218E+00,NAN,NAN,NAN,NAN,NAN,NAN,NAN,NAN,NAN,0.000E+00,0.000E+00,0.000E+00,-953.13E-06,0.000E+00,0.0000E+00,0.0000E+00,0.0000E+00,224.20E-06,0.0000E+00,-537.88E-09,0.000E+00,0.000E+00,Error,Error,Error,NAN,62.168E-03,-58.599E-03,6.3278E-03,-6.4772E-03,Error,Error,NAN,NAN,NAN,NAN,NAN,NAN,NAN,NAN,NAN,NAN,NAN
   41,  2025/12/19,09:04:55,5.1333E+00,5.6992E+00,5.1311E+00,5.1311E+00,149.01E-03,69.024E-03,73.817E-03,66.459E-03,66.459E-03,18.643E-03,341.56E-03,354.32E-03,-94.233E-03,0.9640E+00,-15.42E+00,Error,NAN,5.1901E+00,5.0739E+00,139.83E-03,23.319E-03,1.011E+00,2.026E+00,NAN,NAN,NAN,NAN,NAN,NAN,NAN,NAN,NAN,0.000E+00,0.000E+00,0.000E+00,-1.2266E-03,0.000E+00,0.0000E+00,0.0000E+00,0.0000E+00,220.54E-06,0.0000E+00,-44.198E-09,0.000E+00,0.000E+00,Error,Error,Error,NAN,71.702E-03,-61.777E-03,6.3278E-03,-6.0707E-03,Error,Error,NAN,NAN,NAN,NAN,NAN,NAN,NAN,NAN,NAN,NAN,NAN
   42,  2025/12/19,09:04:56,5.1342E+00,5.7002E+00,5.1319E+00,5.1319E+00,153.02E-03,69.102E-03,73.836E-03,66.475E-03,66.475E-03,18.872E-03,341.72E-03,354.79E-03,-95.408E-03,0.9632E+00,-15.60E+00,Error,NAN,5.1949E+00,5.0675E+00,135.06E-03,22.913E-03,1.012E+00,1.954E+00,NAN,NAN,NAN,NAN,NAN,NAN,NAN,NAN,NAN,0.000E+00,0.000E+00,0.000E+00,-1.4378E-03,0.000E+00,0.0000E+00,0.0000E+00,0.0000E+00,157.06E-06,0.0000E+00,239.16E-09,0.000E+00,0.000E+00,Error,Error,Error,NAN,65.346E-03,-69.722E-03,6.7343E-03,-6.1723E-03,Error,Error,NAN,NAN,NAN,NAN,NAN,NAN,NAN,NAN,NAN,NAN,NAN
   43,  2025/12/19,09:04:56,5.1343E+00,5.7004E+00,5.1322E+00,5.1322E+00,148.95E-03,69.342E-03,73.875E-03,66.511E-03,66.511E-03,19.612E-03,341.93E-03,356.02E-03,-99.175E-03,0.9604E+00,-16.17E+00,Error,NAN,5.1949E+00,5.0835E+00,152.43E-03,22.811E-03,1.012E+00,2.198E+00,NAN,NAN,NAN,NAN,NAN,NAN,NAN,NAN,NAN,0.000E+00,0.000E+00,0.000E+00,-1.5587E-03,0.000E+00,0.0000E+00,0.0000E+00,0.0000E+00,163.51E-06,0.0000E+00,-185.08E-09,0.000E+00,0.000E+00,Error,Error,Error,NAN,60.579E-03,-57.010E-03,6.7343E-03,-6.7821E-03,Error,Error,NAN,NAN,NAN,NAN,NAN,NAN,NAN,NAN,NAN,NAN,NAN
   44,  2025/12/19,09:04:56,5.1348E+00,5.7008E+00,5.1325E+00,5.1325E+00,153.01E-03,68.723E-03,73.860E-03,66.497E-03,66.497E-03,17.347E-03,341.76E-03,352.87E-03,-87.858E-03,0.9685E+00,-14.42E+00,Error,NAN,5.1949E+00,5.0755E+00,152.84E-03,25.960E-03,1.012E+00,2.224E+00,NAN,NAN,NAN,NAN,NAN,NAN,NAN,NAN,NAN,0.000E+00,0.000E+00,0.000E+00,-1.3644E-03,0.000E+00,0.0000E+00,0.0000E+00,0.0000E+00,180.73E-06,0.0000E+00,-462.60E-09,0.000E+00,0.000E+00,Error,Error,Error,NAN,60.579E-03,-63.366E-03,6.2261E-03,-6.4772E-03,Error,Error,NAN,NAN,NAN,NAN,NAN,NAN,NAN,NAN,NAN,NAN,NAN
   45,  2025/12/19,09:04:56,5.1348E+00,5.7009E+00,5.1326E+00,5.1326E+00,149.02E-03,69.297E-03,73.913E-03,66.545E-03,66.545E-03,19.334E-03,342.09E-03,355.83E-03,-97.916E-03,0.9614E+00,-15.97E+00,Error,NAN,5.1949E+00,5.0819E+00,155.07E-03,22.710E-03,1.012E+00,2.238E+00,NAN,NAN,NAN,NAN,NAN,NAN,NAN,NAN,NAN,0.000E+00,0.000E+00,0.000E+00,-1.5250E-03,0.000E+00,0.0000E+00,0.0000E+00,0.0000E+00,204.03E-06,0.0000E+00,-406.93E-09,0.000E+00,0.000E+00,Error,Error,Error,NAN,55.811E-03,-60.188E-03,7.1408E-03,-6.1723E-03,Error,Error,NAN,NAN,NAN,NAN,NAN,NAN,NAN,NAN,NAN,NAN,NAN
   46,  2025/12/19,09:04:56,5.1349E+00,5.7009E+00,5.1326E+00,5.1326E+00,153.02E-03,68.919E-03,73.896E-03,66.529E-03,66.529E-03,17.991E-03,341.90E-03,353.89E-03,-91.324E-03,0.9661E+00,-14.95E+00,Error,NAN,5.1949E+00,5.0835E+00,140.65E-03,23.116E-03,1.012E+00,2.041E+00,NAN,NAN,NAN,NAN,NAN,NAN,NAN,NAN,NAN,0.000E+00,0.000E+00,0.000E+00,-1.2592E-03,0.000E+00,0.0000E+00,0.0000E+00,0.0000E+00,176.36E-06,0.0000E+00,-176.24E-09,0.000E+00,0.000E+00,Error,Error,Error,NAN,62.168E-03,-63.366E-03,6.6327E-03,-6.6804E-03,Error,Error,NAN,NAN,NAN,NAN,NAN,NAN,NAN,NAN,NAN,NAN,NAN
   47,  2025/12/19,09:04:57,5.1349E+00,5.7011E+00,5.1328E+00,5.1328E+00,149.01E-03,69.051E-03,73.862E-03,66.499E-03,66.499E-03,18.600E-03,341.80E-03,354.58E-03,-94.320E-03,0.9640E+00,-15.43E+00,Error,NAN,5.2028E+00,5.0787E+00,136.07E-03,23.726E-03,1.013E+00,1.971E+00,NAN,NAN,NAN,NAN,NAN,NAN,NAN,NAN,NAN,0.000E+00,0.000E+00,0.000E+00,-1.4000E-03,0.000E+00,0.0000E+00,0.0000E+00,0.0000E+00,162.84E-06,0.0000E+00,-68.620E-09,0.000E+00,0.000E+00,Error,Error,Error,NAN,60.579E-03,-57.010E-03,6.1245E-03,-6.4772E-03,Error,Error,NAN,NAN,NAN,NAN,NAN,NAN,NAN,NAN,NAN,NAN,NAN
   48,  2025/12/19,09:04:57,5.1349E+00,5.7009E+00,5.1327E+00,5.1327E+00,153.02E-03,69.698E-03,73.902E-03,66.536E-03,66.536E-03,20.757E-03,342.09E-03,357.90E-03,-105.20E-03,0.9558E+00,-17.09E+00,Error,NAN,5.1996E+00,5.0819E+00,157.61E-03,25.046E-03,1.013E+00,2.261E+00,NAN,NAN,NAN,NAN,NAN,NAN,NAN,NAN,NAN,0.000E+00,0.000E+00,0.000E+00,-1.8855E-03,0.000E+00,0.0000E+00,0.0000E+00,0.0000E+00,136.10E-06,0.0000E+00,-475.10E-09,0.000E+00,0.000E+00,Error,Error,Error,NAN,60.579E-03,-58.599E-03,6.0229E-03,-6.5788E-03,Error,Error,NAN,NAN,NAN,NAN,NAN,NAN,NAN,NAN,NAN,NAN,NAN
   49,  2025/12/19,09:04:57,5.1351E+00,5.7012E+00,5.1329E+00,5.1329E+00,149.04E-03,68.528E-03,73.865E-03,66.501E-03,66.501E-03,16.541E-03,341.75E-03,351.89E-03,-83.875E-03,0.9712E+00,-13.79E+00,Error,NAN,5.1933E+00,5.0819E+00,147.15E-03,25.859E-03,1.011E+00,2.147E+00,NAN,NAN,NAN,NAN,NAN,NAN,NAN,NAN,NAN,0.000E+00,0.000E+00,0.000E+00,-1.5435E-03,0.000E+00,0.0000E+00,0.0000E+00,0.0000E+00,155.85E-06,0.0000E+00,-22.838E-09,0.000E+00,0.000E+00,Error,Error,Error,NAN,54.222E-03,-69.722E-03,6.0229E-03,-6.0707E-03,Error,Error,NAN,NAN,NAN,NAN,NAN,NAN,NAN,NAN,NAN,NAN,NAN
   50,  2025/12/19,09:04:57,5.1347E+00,5.7008E+00,5.1325E+00,5.1325E+00,149.03E-03,69.036E-03,73.931E-03,66.561E-03,66.561E-03,18.316E-03,342.17E-03,354.48E-03,-92.582E-03,0.9653E+00,-15.14E+00,Error,NAN,5.1996E+00,5.0771E+00,134.45E-03,22.710E-03,1.013E+00,1.948E+00,NAN,NAN,NAN,NAN,NAN,NAN,NAN,NAN,NAN,0.000E+00,0.000E+00,0.000E+00,-1.8301E-03,0.000E+00,0.0000E+00,0.0000E+00,0.0000E+00,136.22E-06,0.0000E+00,-227.46E-09,0.000E+00,0.000E+00,Error,Error,Error,NAN,63.757E-03,-74.489E-03,6.1245E-03,-6.2739E-03,Error,Error,NAN,NAN,NAN,NAN,NAN,NAN,NAN,NAN,NAN,NAN,NAN
   51,  2025/12/19,09:04:57,5.1347E+00,5.7008E+00,5.1325E+00,5.1325E+00,149.05E-03,69.163E-03,73.878E-03,66.513E-03,66.513E-03,18.961E-03,341.87E-03,355.13E-03,-96.132E-03,0.9627E+00,-15.71E+00,Error,NAN,5.1933E+00,5.0819E+00,136.38E-03,23.624E-03,1.011E+00,1.972E+00,NAN,NAN,NAN,NAN,NAN,NAN,NAN,NAN,NAN,0.000E+00,0.000E+00,0.000E+00,-1.7162E-03,0.000E+00,0.0000E+00,0.0000E+00,0.0000E+00,114.70E-06,0.0000E+00,397.89E-09,0.000E+00,0.000E+00,Error,Error,Error,NAN,52.633E-03,-61.777E-03,6.3278E-03,-7.0869E-03,Error,Error,NAN,NAN,NAN,NAN,NAN,NAN,NAN,NAN,NAN,NAN,NAN
   52,  2025/12/19,09:04:57,5.1344E+00,5.7003E+00,5.1321E+00,5.1321E+00,153.96E-03,69.015E-03,73.910E-03,66.543E-03,66.543E-03,18.307E-03,342.07E-03,354.35E-03,-92.474E-03,0.9653E+00,-15.13E+00,Error,NAN,5.1996E+00,5.0771E+00,141.97E-03,23.014E-03,1.013E+00,2.057E+00,NAN,NAN,NAN,NAN,NAN,NAN,NAN,NAN,NAN,0.000E+00,0.000E+00,0.000E+00,-1.8115E-03,0.000E+00,0.0000E+00,0.0000E+00,0.0000E+00,138.61E-06,0.0000E+00,239.72E-09,0.000E+00,0.000E+00,Error,Error,Error,NAN,58.990E-03,-64.955E-03,6.9375E-03,-6.1723E-03,Error,Error,NAN,NAN,NAN,NAN,NAN,NAN,NAN,NAN,NAN,NAN,NAN
   53,  2025/12/19,09:04:58,5.1345E+00,5.7005E+00,5.1323E+00,5.1323E+00,149.01E-03,69.396E-03,73.945E-03,66.574E-03,66.574E-03,19.587E-03,342.16E-03,356.31E-03,-99.424E-03,0.9603E+00,-16.20E+00,Error,NAN,5.1933E+00,5.0771E+00,143.59E-03,24.233E-03,1.011E+00,2.069E+00,NAN,NAN,NAN,NAN,NAN,NAN,NAN,NAN,NAN,0.000E+00,0.000E+00,0.000E+00,-1.5751E-03,0.000E+00,0.0000E+00,0.0000E+00,0.0000E+00,105.98E-06,0.0000E+00,30.993E-09,0.000E+00,0.000E+00,Error,Error,Error,NAN,73.291E-03,-57.010E-03,5.6164E-03,-6.1723E-03,Error,Error,NAN,NAN,NAN,NAN,NAN,NAN,NAN,NAN,NAN,NAN,NAN
   54,  2025/12/19,09:04:58,5.1345E+00,5.7004E+00,5.1322E+00,5.1322E+00,153.94E-03,68.793E-03,73.929E-03,66.560E-03,66.560E-03,17.386E-03,342.11E-03,353.22E-03,-87.876E-03,0.9686E+00,-14.41E+00,Error,NAN,5.2044E+00,5.0691E+00,139.53E-03,24.741E-03,1.014E+00,2.028E+00,NAN,NAN,NAN,NAN,NAN,NAN,NAN,NAN,NAN,0.000E+00,0.000E+00,0.000E+00,-1.3586E-03,0.000E+00,0.0000E+00,0.0000E+00,0.0000E+00,112.81E-06,0.0000E+00,-213.81E-09,0.000E+00,0.000E+00,Error,Error,Error,NAN,58.990E-03,-64.955E-03,5.8196E-03,-5.9690E-03,Error,Error,NAN,NAN,NAN,NAN,NAN,NAN,NAN,NAN,NAN,NAN,NAN
   55,  2025/12/19,09:04:58,5.1346E+00,5.7007E+00,5.1324E+00,5.1324E+00,149.01E-03,69.340E-03,73.915E-03,66.547E-03,66.547E-03,19.482E-03,342.08E-03,356.03E-03,-98.694E-03,0.9608E+00,-16.09E+00,Error,NAN,5.2108E+00,5.0771E+00,135.97E-03,22.811E-03,1.015E+00,1.961E+00,NAN,NAN,NAN,NAN,NAN,NAN,NAN,NAN,NAN,0.000E+00,0.000E+00,0.000E+00,-1.4698E-03,0.000E+00,0.0000E+00,0.0000E+00,0.0000E+00,112.60E-06,0.0000E+00,287.48E-09,0.000E+00,0.000E+00,Error,Error,Error,NAN,57.401E-03,-61.777E-03,6.3278E-03,-6.0707E-03,Error,Error,NAN,NAN,NAN,NAN,NAN,NAN,NAN,NAN,NAN,NAN,NAN
   56,  2025/12/19,09:04:58,5.1344E+00,5.7003E+00,5.1321E+00,5.1321E+00,153.98E-03,68.960E-03,73.931E-03,66.561E-03,66.561E-03,18.030E-03,342.12E-03,354.07E-03,-91.193E-03,0.9663E+00,-14.93E+00,Error,NAN,5.1917E+00,5.0755E+00,134.65E-03,25.249E-03,1.011E+00,1.953E+00,NAN,NAN,NAN,NAN,NAN,NAN,NAN,NAN,NAN,0.000E+00,0.000E+00,0.000E+00,-1.3618E-03,0.000E+00,0.0000E+00,0.0000E+00,0.0000E+00,118.38E-06,0.0000E+00,-76.111E-09,0.000E+00,0.000E+00,Error,Error,Error,NAN,63.757E-03,-69.722E-03,6.0229E-03,-6.3756E-03,Error,Error,NAN,NAN,NAN,NAN,NAN,NAN,NAN,NAN,NAN,NAN,NAN
   57,  2025/12/19,09:04:58,5.1346E+00,5.7007E+00,5.1325E+00,5.1325E+00,149.02E-03,69.070E-03,73.923E-03,66.554E-03,66.554E-03,18.471E-03,342.04E-03,354.65E-03,-93.709E-03,0.9645E+00,-15.32E+00,Error,NAN,5.1933E+00,5.0835E+00,159.84E-03,23.218E-03,1.011E+00,2.314E+00,NAN,NAN,NAN,NAN,NAN,NAN,NAN,NAN,NAN,0.000E+00,0.000E+00,0.000E+00,-1.7974E-03,0.000E+00,0.0000E+00,0.0000E+00,0.0000E+00,92.508E-06,0.0000E+00,-584.55E-09,0.000E+00,0.000E+00,Error,Error,Error,NAN,55.811E-03,-58.599E-03,7.3440E-03,-6.1723E-03,Error,Error,NAN,NAN,NAN,NAN,NAN,NAN,NAN,NAN,NAN,NAN,NAN
   58,  2025/12/19,09:04:58,5.1348E+00,5.7007E+00,5.1325E+00,5.1325E+00,153.89E-03,69.270E-03,73.854E-03,66.492E-03,66.492E-03,19.419E-03,341.81E-03,355.68E-03,-98.387E-03,0.9610E+00,-16.06E+00,Error,NAN,5.1996E+00,5.0739E+00,153.34E-03,23.319E-03,1.013E+00,2.214E+00,NAN,NAN,NAN,NAN,NAN,NAN,NAN,NAN,NAN,0.000E+00,0.000E+00,0.000E+00,-1.8613E-03,0.000E+00,0.0000E+00,0.0000E+00,0.0000E+00,95.671E-06,0.0000E+00,3.3053E-09,0.000E+00,0.000E+00,Error,Error,Error,NAN,62.168E-03,-64.955E-03,7.8522E-03,-5.8674E-03,Error,Error,NAN,NAN,NAN,NAN,NAN,NAN,NAN,NAN,NAN,NAN,NAN
   59,  2025/12/19,09:04:58,5.1345E+00,5.7006E+00,5.1323E+00,5.1323E+00,149.02E-03,68.911E-03,73.875E-03,66.511E-03,66.511E-03,18.028E-03,341.96E-03,353.82E-03,-90.848E-03,0.9665E+00,-14.88E+00,Error,NAN,5.1965E+00,5.0803E+00,161.47E-03,21.084E-03,1.012E+00,2.343E+00,NAN,NAN,NAN,NAN,NAN,NAN,NAN,NAN,NAN,0.000E+00,0.000E+00,0.000E+00,-1.6934E-03,0.000E+00,0.0000E+00,0.0000E+00,0.0000E+00,95.137E-06,0.0000E+00,760.29E-09,0.000E+00,0.000E+00,Error,Error,Error,NAN,65.346E-03,-61.777E-03,7.4457E-03,-6.0707E-03,Error,Error,NAN,NAN,NAN,NAN,NAN,NAN,NAN,NAN,NAN,NAN,NAN
   60,  2025/12/19,09:04:58,5.1343E+00,5.7003E+00,5.1320E+00,5.1320E+00,153.93E-03,69.277E-03,73.925E-03,66.555E-03,66.555E-03,19.225E-03,342.14E-03,355.69E-03,-97.253E-03,0.9619E+00,-15.87E+00,Error,NAN,5.1933E+00,5.0787E+00,151.31E-03,23.827E-03,1.011E+00,2.184E+00,NAN,NAN,NAN,NAN,NAN,NAN,NAN,NAN,NAN,0.000E+00,0.000E+00,0.000E+00,-1.5712E-03,0.000E+00,0.0000E+00,0.0000E+00,0.0000E+00,105.20E-06,0.0000E+00,94.653E-09,0.000E+00,0.000E+00,Error,Error,Error,NAN,58.990E-03,-63.366E-03,6.1245E-03,-5.9690E-03,Error,Error,NAN,NAN,NAN,NAN,NAN,NAN,NAN,NAN,NAN,NAN,NAN
   61,  2025/12/19,09:04:58,5.1348E+00,5.7010E+00,5.1327E+00,5.1327E+00,149.07E-03,69.054E-03,73.866E-03,66.503E-03,66.503E-03,18.598E-03,341.75E-03,354.58E-03,-94.526E-03,0.9638E+00,-15.46E+00,Error,NAN,5.1981E+00,5.0739E+00,140.75E-03,23.624E-03,1.012E+00,2.038E+00,NAN,NAN,NAN,NAN,NAN,NAN,NAN,NAN,NAN,0.000E+00,0.000E+00,0.000E+00,-1.4760E-03,0.000E+00,0.0000E+00,0.0000E+00,0.0000E+00,120.72E-06,0.0000E+00,505.16E-09,0.000E+00,0.000E+00,Error,Error,Error,NAN,55.811E-03,-58.599E-03,7.7505E-03,-6.3756E-03,Error,Error,NAN,NAN,NAN,NAN,NAN,NAN,NAN,NAN,NAN,NAN,NAN
   62,  2025/12/19,09:04:59,5.1345E+00,5.7005E+00,5.1322E+00,5.1322E+00,153.98E-03,69.080E-03,73.877E-03,66.513E-03,66.513E-03,18.657E-03,341.97E-03,354.69E-03,-94.163E-03,0.9641E+00,-15.40E+00,Error,NAN,5.2044E+00,5.0819E+00,139.02E-03,23.421E-03,1.014E+00,2.012E+00,NAN,NAN,NAN,NAN,NAN,NAN,NAN,NAN,NAN,0.000E+00,0.000E+00,0.000E+00,-1.7392E-03,0.000E+00,0.0000E+00,0.0000E+00,0.0000E+00,128.69E-06,0.0000E+00,549.56E-09,0.000E+00,0.000E+00,Error,Error,Error,NAN,60.579E-03,-61.777E-03,7.4457E-03,-5.7658E-03,Error,Error,NAN,NAN,NAN,NAN,NAN,NAN,NAN,NAN,NAN,NAN,NAN
   63,  2025/12/19,09:04:59,5.1347E+00,5.7009E+00,5.1326E+00,5.1326E+00,149.07E-03,69.104E-03,73.913E-03,66.545E-03,66.545E-03,18.631E-03,342.01E-03,354.83E-03,-94.527E-03,0.9639E+00,-15.45E+00,Error,NAN,5.2012E+00,5.0771E+00,126.22E-03,23.522E-03,1.013E+00,1.827E+00,NAN,NAN,NAN,NAN,NAN,NAN,NAN,NAN,NAN,0.000E+00,0.000E+00,0.000E+00,-1.3888E-03,0.000E+00,0.0000E+00,0.0000E+00,0.0000E+00,121.50E-06,0.0000E+00,-1.4493E-09,0.000E+00,0.000E+00,Error,Error,Error,NAN,63.757E-03,-63.366E-03,7.5473E-03,-6.5788E-03,Error,Error,NAN,NAN,NAN,NAN,NAN,NAN,NAN,NAN,NAN,NAN,NAN
   64,  2025/12/19,09:04:59,5.1344E+00,5.7004E+00,5.1321E+00,5.1321E+00,153.94E-03,69.422E-03,73.852E-03,66.490E-03,66.490E-03,19.961E-03,341.82E-03,356.44E-03,-101.06E-03,0.9590E+00,-16.47E+00,Error,NAN,5.2028E+00,5.0755E+00,144.20E-03,20.678E-03,1.013E+00,2.077E+00,NAN,NAN,NAN,NAN,NAN,NAN,NAN,NAN,NAN,0.000E+00,0.000E+00,0.000E+00,-1.3901E-03,0.000E+00,0.0000E+00,0.0000E+00,0.0000E+00,152.35E-06,0.0000E+00,228.69E-09,0.000E+00,0.000E+00,Error,Error,Error,NAN,58.990E-03,-68.133E-03,8.4619E-03,-6.2739E-03,Error,Error,NAN,NAN,NAN,NAN,NAN,NAN,NAN,NAN,NAN,NAN,NAN
   65,  2025/12/19,09:04:59,5.1348E+00,5.7009E+00,5.1326E+00,5.1326E+00,149.05E-03,68.765E-03,73.828E-03,66.468E-03,66.468E-03,17.623E-03,341.66E-03,353.09E-03,-89.119E-03,0.9676E+00,-14.62E+00,Error,NAN,5.1949E+00,5.0723E+00,131.50E-03,25.554E-03,1.012E+00,1.912E+00,NAN,NAN,NAN,NAN,NAN,NAN,NAN,NAN,NAN,0.000E+00,0.000E+00,0.000E+00,-1.3201E-03,0.000E+00,0.0000E+00,0.0000E+00,0.0000E+00,174.64E-06,0.0000E+00,159.93E-09,0.000E+00,0.000E+00,Error,Error,Error,NAN,54.222E-03,-72.900E-03,7.2424E-03,-6.2739E-03,Error,Error,NAN,NAN,NAN,NAN,NAN,NAN,NAN,NAN,NAN,NAN,NAN
   66,  2025/12/19,09:04:59,5.1347E+00,5.7006E+00,5.1324E+00,5.1324E+00,153.95E-03,68.956E-03,73.842E-03,66.481E-03,66.481E-03,18.307E-03,341.83E-03,354.07E-03,-92.286E-03,0.9654E+00,-15.11E+00,Error,NAN,5.1981E+00,5.0819E+00,147.86E-03,23.726E-03,1.012E+00,2.144E+00,NAN,NAN,NAN,NAN,NAN,NAN,NAN,NAN,NAN,0.000E+00,0.000E+00,0.000E+00,-1.6192E-03,0.000E+00,0.0000E+00,0.0000E+00,0.0000E+00,188.00E-06,0.0000E+00,-347.61E-09,0.000E+00,0.000E+00,Error,Error,Error,NAN,60.579E-03,-68.133E-03,6.6327E-03,-5.5625E-03,Error,Error,NAN,NAN,NAN,NAN,NAN,NAN,NAN,NAN,NAN,NAN,NAN
   67,  2025/12/19,09:04:59,5.1348E+00,5.7009E+00,5.1326E+00,5.1326E+00,149.04E-03,69.309E-03,73.863E-03,66.500E-03,66.500E-03,19.530E-03,341.85E-03,355.88E-03,-98.971E-03,0.9606E+00,-16.15E+00,Error,NAN,5.1981E+00,5.0835E+00,131.91E-03,23.319E-03,1.012E+00,1.903E+00,NAN,NAN,NAN,NAN,NAN,NAN,NAN,NAN,NAN,0.000E+00,0.000E+00,0.000E+00,-1.3557E-03,0.000E+00,0.0000E+00,0.0000E+00,0.0000E+00,163.69E-06,0.0000E+00,48.360E-09,0.000E+00,0.000E+00,Error,Error,Error,NAN,60.579E-03,-64.955E-03,6.3278E-03,-6.9853E-03,Error,Error,NAN,NAN,NAN,NAN,NAN,NAN,NAN,NAN,NAN,NAN,NAN
   68,  2025/12/19,09:04:59,5.1346E+00,5.7005E+00,5.1323E+00,5.1323E+00,153.88E-03,68.944E-03,73.835E-03,66.475E-03,66.475E-03,18.285E-03,341.65E-03,354.00E-03,-92.663E-03,0.9651E+00,-15.17E+00,Error,NAN,5.1981E+00,5.0803E+00,130.89E-03,22.100E-03,1.012E+00,1.899E+00,NAN,NAN,NAN,NAN,NAN,NAN,NAN,NAN,NAN,0.000E+00,0.000E+00,0.000E+00,-1.2289E-03,0.000E+00,0.0000E+00,0.0000E+00,0.0000E+00,148.33E-06,0.0000E+00,-49.864E-09,0.000E+00,0.000E+00,Error,Error,Error,NAN,60.579E-03,-61.777E-03,8.4619E-03,-5.6642E-03,Error,Error,NAN,NAN,NAN,NAN,NAN,NAN,NAN,NAN,NAN,NAN,NAN
   69,  2025/12/19,09:04:59,5.1348E+00,5.7009E+00,5.1326E+00,5.1326E+00,149.02E-03,68.989E-03,73.896E-03,66.530E-03,66.530E-03,18.255E-03,342.03E-03,354.24E-03,-92.237E-03,0.9655E+00,-15.09E+00,Error,NAN,5.1949E+00,5.0755E+00,144.40E-03,23.726E-03,1.012E+00,2.093E+00,NAN,NAN,NAN,NAN,NAN,NAN,NAN,NAN,NAN,0.000E+00,0.000E+00,0.000E+00,-1.6110E-03,0.000E+00,0.0000E+00,0.0000E+00,0.0000E+00,133.56E-06,0.0000E+00,347.12E-09,0.000E+00,0.000E+00,Error,Error,Error,NAN,58.990E-03,-63.366E-03,7.1408E-03,-6.9853E-03,Error,Error,NAN,NAN,NAN,NAN,NAN,NAN,NAN,NAN,NAN,NAN,NAN
   70,  2025/12/19,09:04:59,5.1343E+00,5.7002E+00,5.1320E+00,5.1320E+00,153.98E-03,69.337E-03,73.875E-03,66.511E-03,66.511E-03,19.592E-03,341.77E-03,355.99E-03,-99.611E-03,0.9601E+00,-16.25E+00,Error,NAN,5.2012E+00,5.0723E+00,138.00E-03,22.405E-03,1.013E+00,1.990E+00,NAN,NAN,NAN,NAN,NAN,NAN,NAN,NAN,NAN,0.000E+00,0.000E+00,0.000E+00,-1.4380E-03,0.000E+00,0.0000E+00,0.0000E+00,0.0000E+00,183.14E-06,0.0000E+00,125.16E-09,0.000E+00,0.000E+00,Error,Error,Error,NAN,58.990E-03,-60.188E-03,6.8359E-03,-6.2739E-03,Error,Error,NAN,NAN,NAN,NAN,NAN,NAN,NAN,NAN,NAN,NAN,NAN
   71,  2025/12/19,09:04:59,5.1345E+00,5.7005E+00,5.1323E+00,5.1323E+00,149.00E-03,68.822E-03,73.893E-03,66.527E-03,66.527E-03,17.622E-03,342.02E-03,353.36E-03,-88.805E-03,0.9679E+00,-14.56E+00,Error,NAN,5.1996E+00,5.0819E+00,135.77E-03,21.288E-03,1.013E+00,1.973E+00,NAN,NAN,NAN,NAN,NAN,NAN,NAN,NAN,NAN,0.000E+00,0.000E+00,0.000E+00,-1.2236E-03,0.000E+00,0.0000E+00,0.0000E+00,0.0000E+00,153.84E-06,0.0000E+00,-349.54E-09,0.000E+00,0.000E+00,Error,Error,Error,NAN,58.990E-03,-64.955E-03,7.2424E-03,-5.4609E-03,Error,Error,NAN,NAN,NAN,NAN,NAN,NAN,NAN,NAN,NAN,NAN,NAN
   72,  2025/12/19,09:05:00,5.1344E+00,5.7004E+00,5.1321E+00,5.1321E+00,153.94E-03,69.261E-03,73.905E-03,66.538E-03,66.538E-03,19.231E-03,342.01E-03,355.62E-03,-97.420E-03,0.9617E+00,-15.90E+00,Error,NAN,5.1885E+00,5.0723E+00,140.24E-03,23.218E-03,1.011E+00,2.025E+00,NAN,NAN,NAN,NAN,NAN,NAN,NAN,NAN,NAN,0.000E+00,0.000E+00,0.000E+00,-1.3237E-03,0.000E+00,0.0000E+00,0.0000E+00,0.0000E+00,166.17E-06,0.0000E+00,168.50E-09,0.000E+00,0.000E+00,Error,Error,Error,NAN,60.579E-03,-63.366E-03,8.0554E-03,-6.6804E-03,Error,Error,NAN,NAN,NAN,NAN,NAN,NAN,NAN,NAN,NAN,NAN,NAN
   73,  2025/12/19,09:05:00,5.1347E+00,5.7008E+00,5.1325E+00,5.1325E+00,149.04E-03,69.146E-03,73.941E-03,66.570E-03,66.570E-03,18.697E-03,342.18E-03,355.04E-03,-94.695E-03,0.9638E+00,-15.47E+00,Error,NAN,5.1885E+00,5.0691E+00,147.76E-03,23.319E-03,1.010E+00,2.137E+00,NAN,NAN,NAN,NAN,NAN,NAN,NAN,NAN,NAN,0.000E+00,0.000E+00,0.000E+00,-1.2235E-03,0.000E+00,0.0000E+00,0.0000E+00,0.0000E+00,151.49E-06,0.0000E+00,230.18E-09,0.000E+00,0.000E+00,Error,Error,Error,NAN,57.401E-03,-55.421E-03,5.9213E-03,-6.3756E-03,Error,Error,NAN,NAN,NAN,NAN,NAN,NAN,NAN,NAN,NAN,NAN,NAN
   74,  2025/12/19,09:05:00,5.1346E+00,5.7005E+00,5.1323E+00,5.1323E+00,153.96E-03,69.227E-03,73.927E-03,66.558E-03,66.558E-03,19.037E-03,342.10E-03,355.45E-03,-96.480E-03,0.9625E+00,-15.75E+00,Error,NAN,5.1933E+00,5.0803E+00,140.95E-03,24.437E-03,1.011E+00,2.036E+00,NAN,NAN,NAN,NAN,NAN,NAN,NAN,NAN,NAN,0.000E+00,0.000E+00,0.000E+00,-1.6406E-03,0.000E+00,0.0000E+00,0.0000E+00,0.0000E+00,133.19E-06,0.0000E+00,-326.96E-09,0.000E+00,0.000E+00,Error,Error,Error,NAN,57.401E-03,-64.955E-03,6.8359E-03,-5.8674E-03,Error,Error,NAN,NAN,NAN,NAN,NAN,NAN,NAN,NAN,NAN,NAN,NAN
   75,  2025/12/19,09:05:00,5.1349E+00,5.7011E+00,5.1328E+00,5.1328E+00,149.05E-03,69.174E-03,73.921E-03,66.552E-03,66.552E-03,18.863E-03,342.09E-03,355.20E-03,-95.620E-03,0.9631E+00,-15.62E+00,Error,NAN,5.1981E+00,5.0739E+00,141.46E-03,23.624E-03,1.012E+00,2.045E+00,NAN,NAN,NAN,NAN,NAN,NAN,NAN,NAN,NAN,0.000E+00,0.000E+00,0.000E+00,-1.4011E-03,0.000E+00,0.0000E+00,0.0000E+00,0.0000E+00,175.54E-06,0.0000E+00,-348.38E-09,0.000E+00,0.000E+00,Error,Error,Error,NAN,55.811E-03,-71.311E-03,7.8522E-03,-7.0869E-03,Error,Error,NAN,NAN,NAN,NAN,NAN,NAN,NAN,NAN,NAN,NAN,NAN
   76,  2025/12/19,09:05:00,5.1344E+00,5.7003E+00,5.1321E+00,5.1321E+00,153.96E-03,68.998E-03,73.894E-03,66.528E-03,66.528E-03,18.297E-03,342.06E-03,354.26E-03,-92.189E-03,0.9655E+00,-15.08E+00,Error,NAN,5.2172E+00,5.0644E+00,140.14E-03,23.116E-03,1.016E+00,2.031E+00,NAN,NAN,NAN,NAN,NAN,NAN,NAN,NAN,NAN,0.000E+00,0.000E+00,0.000E+00,-1.4323E-03,0.000E+00,0.0000E+00,0.0000E+00,0.0000E+00,182.64E-06,0.0000E+00,45.732E-09,0.000E+00,0.000E+00,Error,Error,Error,NAN,63.757E-03,-85.612E-03,6.4294E-03,-5.8674E-03,Error,Error,NAN,NAN,NAN,NAN,NAN,NAN,NAN,NAN,NAN,NAN,NAN
   77,  2025/12/19,09:05:00,5.1350E+00,5.7011E+00,5.1328E+00,5.1328E+00,149.06E-03,69.184E-03,73.900E-03,66.533E-03,66.533E-03,18.967E-03,342.00E-03,355.26E-03,-96.165E-03,0.9627E+00,-15.71E+00,Error,NAN,5.2012E+00,5.0771E+00,135.87E-03,23.421E-03,1.013E+00,1.964E+00,NAN,NAN,NAN,NAN,NAN,NAN,NAN,NAN,NAN,0.000E+00,0.000E+00,0.000E+00,-1.4481E-03,0.000E+00,0.0000E+00,0.0000E+00,0.0000E+00,197.33E-06,0.0000E+00,336.87E-09,0.000E+00,0.000E+00,Error,Error,Error,NAN,55.811E-03,-60.188E-03,7.3440E-03,-5.8674E-03,Error,Error,NAN,NAN,NAN,NAN,NAN,NAN,NAN,NAN,NAN,NAN,NAN
   78,  2025/12/19,09:05:00,5.1345E+00,5.7005E+00,5.1322E+00,5.1322E+00,153.91E-03,69.361E-03,73.952E-03,66.580E-03,66.580E-03,19.445E-03,342.26E-03,356.14E-03,-98.463E-03,0.9610E+00,-16.05E+00,Error,NAN,5.1949E+00,5.0771E+00,139.63E-03,22.303E-03,1.012E+00,2.013E+00,NAN,NAN,NAN,NAN,NAN,NAN,NAN,NAN,NAN,0.000E+00,0.000E+00,0.000E+00,-1.4375E-03,0.000E+00,0.0000E+00,0.0000E+00,0.0000E+00,143.15E-06,0.0000E+00,344.36E-09,0.000E+00,0.000E+00,Error,Error,Error,NAN,60.579E-03,-58.599E-03,6.8359E-03,-5.3593E-03,Error,Error,NAN,NAN,NAN,NAN,NAN,NAN,NAN,NAN,NAN,NAN,NAN
   79,  2025/12/19,09:05:00,5.1345E+00,5.7006E+00,5.1323E+00,5.1323E+00,149.00E-03,68.766E-03,73.935E-03,66.565E-03,66.565E-03,17.260E-03,342.15E-03,353.08E-03,-87.153E-03,0.9691E+00,-14.29E+00,Error,NAN,5.1917E+00,5.0771E+00,129.88E-03,23.827E-03,1.011E+00,1.889E+00,NAN,NAN,NAN,NAN,NAN,NAN,NAN,NAN,NAN,0.000E+00,0.000E+00,0.000E+00,-1.0871E-03,0.000E+00,0.0000E+00,0.0000E+00,0.0000E+00,141.78E-06,0.0000E+00,-305.44E-09,0.000E+00,0.000E+00,Error,Error,Error,NAN,57.401E-03,-64.955E-03,6.7343E-03,-6.7821E-03,Error,Error,NAN,NAN,NAN,NAN,NAN,NAN,NAN,NAN,NAN,NAN,NAN
   80,  2025/12/19,09:05:00,5.1345E+00,5.7004E+00,5.1322E+00,5.1322E+00,153.94E-03,69.398E-03,73.917E-03,66.549E-03,66.549E-03,19.681E-03,342.11E-03,356.32E-03,-99.619E-03,0.9601E+00,-16.23E+00,Error,NAN,5.1965E+00,5.0723E+00,138.11E-03,21.084E-03,1.012E+00,1.990E+00,NAN,NAN,NAN,NAN,NAN,NAN,NAN,NAN,NAN,0.000E+00,0.000E+00,0.000E+00,-1.2506E-03,0.000E+00,0.0000E+00,0.0000E+00,0.0000E+00,123.66E-06,0.0000E+00,254.74E-09,0.000E+00,0.000E+00,Error,Error,Error,NAN,60.579E-03,-60.188E-03,5.9213E-03,-5.7658E-03,Error,Error,NAN,NAN,NAN,NAN,NAN,NAN,NAN,NAN,NAN,NAN,NAN
   81,  2025/12/19,09:05:00,5.1345E+00,5.7006E+00,5.1323E+00,5.1323E+00,149.05E-03,69.126E-03,73.929E-03,66.559E-03,66.559E-03,18.662E-03,342.13E-03,354.93E-03,-94.459E-03,0.9639E+00,-15.43E+00,Error,NAN,5.1965E+00,5.0644E+00,154.16E-03,24.030E-03,1.012E+00,2.230E+00,NAN,NAN,NAN,NAN,NAN,NAN,NAN,NAN,NAN,0.000E+00,0.000E+00,0.000E+00,-1.8223E-03,0.000E+00,0.0000E+00,0.0000E+00,0.0000E+00,169.59E-06,0.0000E+00,-299.83E-09,0.000E+00,0.000E+00,Error,Error,Error,NAN,62.168E-03,-74.489E-03,6.2261E-03,-5.7658E-03,Error,Error,NAN,NAN,NAN,NAN,NAN,NAN,NAN,NAN,NAN,NAN,NAN
   82,  2025/12/19,09:05:01,5.1346E+00,5.7005E+00,5.1323E+00,5.1323E+00,153.98E-03,68.933E-03,73.897E-03,66.531E-03,66.531E-03,18.040E-03,341.91E-03,353.94E-03,-91.514E-03,0.9660E+00,-14.98E+00,Error,NAN,5.1949E+00,5.0755E+00,163.70E-03,24.945E-03,1.012E+00,2.375E+00,NAN,NAN,NAN,NAN,NAN,NAN,NAN,NAN,NAN,0.000E+00,0.000E+00,0.000E+00,-1.4206E-03,0.000E+00,0.0000E+00,0.0000E+00,0.0000E+00,178.52E-06,0.0000E+00,25.862E-09,0.000E+00,0.000E+00,Error,Error,Error,NAN,55.811E-03,-61.777E-03,6.4294E-03,-5.7658E-03,Error,Error,NAN,NAN,NAN,NAN,NAN,NAN,NAN,NAN,NAN,NAN,NAN
   83,  2025/12/19,09:05:01,5.1347E+00,5.7008E+00,5.1325E+00,5.1325E+00,149.03E-03,69.268E-03,73.951E-03,66.579E-03,66.579E-03,19.109E-03,342.26E-03,355.67E-03,-96.723E-03,0.9623E+00,-15.78E+00,Error,NAN,5.1933E+00,5.0723E+00,139.93E-03,22.608E-03,1.011E+00,2.020E+00,NAN,NAN,NAN,NAN,NAN,NAN,NAN,NAN,NAN,0.000E+00,0.000E+00,0.000E+00,-1.4613E-03,0.000E+00,0.0000E+00,0.0000E+00,0.0000E+00,201.40E-06,0.0000E+00,-159.34E-09,0.000E+00,0.000E+00,Error,Error,Error,NAN,63.757E-03,-61.777E-03,7.5473E-03,-6.3756E-03,Error,Error,NAN,NAN,NAN,NAN,NAN,NAN,NAN,NAN,NAN,NAN,NAN
   84,  2025/12/19,09:05:01,5.1341E+00,5.7000E+00,5.1318E+00,5.1318E+00,153.91E-03,69.234E-03,73.972E-03,66.598E-03,66.598E-03,18.923E-03,342.28E-03,355.45E-03,-95.886E-03,0.9629E+00,-15.65E+00,Error,NAN,5.1996E+00,5.0675E+00,152.43E-03,23.929E-03,1.013E+00,2.202E+00,NAN,NAN,NAN,NAN,NAN,NAN,NAN,NAN,NAN,0.000E+00,0.000E+00,0.000E+00,-1.2879E-03,0.000E+00,0.0000E+00,0.0000E+00,0.0000E+00,187.62E-06,0.0000E+00,24.505E-09,0.000E+00,0.000E+00,Error,Error,Error,NAN,63.757E-03,-61.777E-03,7.0392E-03,-6.1723E-03,Error,Error,NAN,NAN,NAN,NAN,NAN,NAN,NAN,NAN,NAN,NAN,NAN
   85,  2025/12/19,09:05:01,5.1348E+00,5.7009E+00,5.1326E+00,5.1326E+00,149.04E-03,69.287E-03,73.973E-03,66.599E-03,66.599E-03,19.110E-03,342.34E-03,355.77E-03,-96.828E-03,0.9623E+00,-15.79E+00,Error,NAN,5.1949E+00,5.0771E+00,135.06E-03,23.624E-03,1.012E+00,1.949E+00,NAN,NAN,NAN,NAN,NAN,NAN,NAN,NAN,NAN,0.000E+00,0.000E+00,0.000E+00,-1.4220E-03,0.000E+00,0.0000E+00,0.0000E+00,0.0000E+00,126.50E-06,0.0000E+00,-173.22E-09,0.000E+00,0.000E+00,Error,Error,Error,NAN,66.935E-03,-68.133E-03,7.9538E-03,-5.8674E-03,Error,Error,NAN,NAN,NAN,NAN,NAN,NAN,NAN,NAN,NAN,NAN,NAN
   86,  2025/12/19,09:05:02,5.1339E+00,5.7000E+00,5.1318E+00,5.1318E+00,149.01E-03,69.186E-03,73.858E-03,66.496E-03,66.496E-03,19.107E-03,341.76E-03,355.20E-03,-96.790E-03,0.9622E+00,-15.81E+00,Error,NAN,5.1917E+00,5.0755E+00,135.16E-03,24.335E-03,1.011E+00,1.954E+00,NAN,NAN,NAN,NAN,NAN,NAN,NAN,NAN,NAN,0.000E+00,0.000E+00,0.000E+00,-1.4696E-03,0.000E+00,0.0000E+00,0.0000E+00,0.0000E+00,107.61E-06,0.0000E+00,126.89E-09,0.000E+00,0.000E+00,Error,Error,Error,NAN,52.633E-03,-57.010E-03,6.1245E-03,-6.0707E-03,Error,Error,NAN,NAN,NAN,NAN,NAN,NAN,NAN,NAN,NAN,NAN,NAN
   87,  2025/12/19,09:05:02,5.1339E+00,5.6997E+00,5.1316E+00,5.1316E+00,153.88E-03,69.090E-03,73.879E-03,66.515E-03,66.515E-03,18.688E-03,341.88E-03,354.70E-03,-94.498E-03,0.9639E+00,-15.45E+00,Error,NAN,5.1949E+00,5.0723E+00,147.04E-03,25.452E-03,1.012E+00,2.128E+00,NAN,NAN,NAN,NAN,NAN,NAN,NAN,NAN,NAN,0.000E+00,0.000E+00,0.000E+00,-1.4761E-03,0.000E+00,0.0000E+00,0.0000E+00,0.0000E+00,166.48E-06,0.0000E+00,-431.60E-09,0.000E+00,0.000E+00,Error,Error,Error,NAN,58.990E-03,-58.599E-03,6.3278E-03,-5.8674E-03,Error,Error,NAN,NAN,NAN,NAN,NAN,NAN,NAN,NAN,NAN,NAN,NAN
   88,  2025/12/19,09:05:02,5.1343E+00,5.7004E+00,5.1321E+00,5.1321E+00,149.03E-03,69.154E-03,73.884E-03,66.519E-03,66.519E-03,18.910E-03,341.98E-03,355.06E-03,-95.487E-03,0.9632E+00,-15.60E+00,Error,NAN,5.2044E+00,5.0787E+00,163.81E-03,24.843E-03,1.014E+00,2.369E+00,NAN,NAN,NAN,NAN,NAN,NAN,NAN,NAN,NAN,0.000E+00,0.000E+00,0.000E+00,-1.3752E-03,0.000E+00,0.0000E+00,0.0000E+00,0.0000E+00,152.08E-06,0.0000E+00,-392.76E-09,0.000E+00,0.000E+00,Error,Error,Error,NAN,55.811E-03,-61.777E-03,7.2424E-03,-6.1723E-03,Error,Error,NAN,NAN,NAN,NAN,NAN,NAN,NAN,NAN,NAN,NAN,NAN
   89,  2025/12/19,09:05:02,5.1343E+00,5.7002E+00,5.1320E+00,5.1320E+00,153.91E-03,68.714E-03,73.900E-03,66.534E-03,66.534E-03,17.171E-03,342.02E-03,352.80E-03,-86.515E-03,0.9695E+00,-14.20E+00,Error,NAN,5.1901E+00,5.0755E+00,125.41E-03,23.319E-03,1.011E+00,1.825E+00,NAN,NAN,NAN,NAN,NAN,NAN,NAN,NAN,NAN,0.000E+00,0.000E+00,0.000E+00,-1.2971E-03,0.000E+00,0.0000E+00,0.0000E+00,0.0000E+00,150.77E-06,0.0000E+00,-74.930E-09,0.000E+00,0.000E+00,Error,Error,Error,NAN,65.346E-03,-66.544E-03,6.1245E-03,-6.2739E-03,Error,Error,NAN,NAN,NAN,NAN,NAN,NAN,NAN,NAN,NAN,NAN,NAN
   90,  2025/12/19,09:05:02,5.1345E+00,5.7006E+00,5.1324E+00,5.1324E+00,149.01E-03,69.381E-03,73.881E-03,66.516E-03,66.516E-03,19.731E-03,341.87E-03,356.24E-03,-100.17E-03,0.9597E+00,-16.33E+00,Error,NAN,5.1933E+00,5.0819E+00,166.75E-03,22.913E-03,1.011E+00,2.403E+00,NAN,NAN,NAN,NAN,NAN,NAN,NAN,NAN,NAN,0.000E+00,0.000E+00,0.000E+00,-1.4889E-03,0.000E+00,0.0000E+00,0.0000E+00,0.0000E+00,166.50E-06,0.0000E+00,57.132E-09,0.000E+00,0.000E+00,Error,Error,Error,NAN,58.990E-03,-68.133E-03,6.9375E-03,-6.0707E-03,Error,Error,NAN,NAN,NAN,NAN,NAN,NAN,NAN,NAN,NAN,NAN,NAN
   91,  2025/12/19,09:05:03,5.1344E+00,5.7003E+00,5.1321E+00,5.1321E+00,153.96E-03,69.140E-03,73.889E-03,66.523E-03,66.523E-03,18.841E-03,341.90E-03,354.99E-03,-95.530E-03,0.9631E+00,-15.61E+00,Error,NAN,5.1981E+00,5.0739E+00,148.06E-03,22.913E-03,1.012E+00,2.141E+00,NAN,NAN,NAN,NAN,NAN,NAN,NAN,NAN,NAN,0.000E+00,0.000E+00,0.000E+00,-1.4050E-03,0.000E+00,0.0000E+00,0.0000E+00,0.0000E+00,149.02E-06,0.0000E+00,-56.366E-09,0.000E+00,0.000E+00,Error,Error,Error,NAN,63.757E-03,-60.188E-03,6.3278E-03,-6.0707E-03,Error,Error,NAN,NAN,NAN,NAN,NAN,NAN,NAN,NAN,NAN,NAN,NAN
   92,  2025/12/19,09:05:03,5.1348E+00,5.7009E+00,5.1326E+00,5.1326E+00,149.02E-03,69.160E-03,73.878E-03,66.514E-03,66.514E-03,18.950E-03,341.89E-03,355.12E-03,-96.021E-03,0.9628E+00,-15.69E+00,Error,NAN,5.1965E+00,5.0819E+00,163.81E-03,17.935E-03,1.012E+00,2.368E+00,NAN,NAN,NAN,NAN,NAN,NAN,NAN,NAN,NAN,0.000E+00,0.000E+00,0.000E+00,-1.6164E-03,0.000E+00,0.0000E+00,0.0000E+00,0.0000E+00,150.10E-06,0.0000E+00,165.54E-09,0.000E+00,0.000E+00,Error,Error,Error,NAN,55.811E-03,-55.421E-03,7.5473E-03,-7.2902E-03,Error,Error,NAN,NAN,NAN,NAN,NAN,NAN,NAN,NAN,NAN,NAN,NAN
   93,  2025/12/19,09:05:03,5.1341E+00,5.6999E+00,5.1318E+00,5.1318E+00,153.92E-03,68.750E-03,73.864E-03,66.501E-03,66.501E-03,17.444E-03,341.87E-03,352.97E-03,-87.817E-03,0.9686E+00,-14.41E+00,Error,NAN,5.2012E+00,5.0755E+00,136.28E-03,24.030E-03,1.013E+00,1.982E+00,NAN,NAN,NAN,NAN,NAN,NAN,NAN,NAN,NAN,0.000E+00,0.000E+00,0.000E+00,-1.3741E-03,0.000E+00,0.0000E+00,0.0000E+00,0.0000E+00,133.94E-06,0.0000E+00,465.59E-09,0.000E+00,0.000E+00,Error,Error,Error,NAN,66.935E-03,-61.777E-03,6.5310E-03,-6.5788E-03,Error,Error,NAN,NAN,NAN,NAN,NAN,NAN,NAN,NAN,NAN,NAN,NAN
   94,  2025/12/19,09:05:03,5.1346E+00,5.7008E+00,5.1325E+00,5.1325E+00,149.03E-03,69.256E-03,73.867E-03,66.503E-03,66.503E-03,19.332E-03,341.87E-03,355.61E-03,-97.889E-03,0.9614E+00,-15.98E+00,Error,NAN,5.1996E+00,5.0675E+00,146.54E-03,22.100E-03,1.013E+00,2.116E+00,NAN,NAN,NAN,NAN,NAN,NAN,NAN,NAN,NAN,0.000E+00,0.000E+00,0.000E+00,-905.59E-06,0.000E+00,0.0000E+00,0.0000E+00,0.0000E+00,114.61E-06,0.0000E+00,351.89E-09,0.000E+00,0.000E+00,Error,Error,Error,NAN,55.811E-03,-58.599E-03,6.8359E-03,-5.9690E-03,Error,Error,NAN,NAN,NAN,NAN,NAN,NAN,NAN,NAN,NAN,NAN,NAN
   95,  2025/12/19,09:05:03,5.1343E+00,5.7002E+00,5.1320E+00,5.1320E+00,153.94E-03,69.341E-03,73.877E-03,66.513E-03,66.513E-03,19.601E-03,341.89E-03,356.02E-03,-99.282E-03,0.9603E+00,-16.19E+00,Error,NAN,5.1981E+00,5.0739E+00,167.26E-03,22.811E-03,1.012E+00,2.412E+00,NAN,NAN,NAN,NAN,NAN,NAN,NAN,NAN,NAN,0.000E+00,0.000E+00,0.000E+00,-1.3984E-03,0.000E+00,0.0000E+00,0.0000E+00,0.0000E+00,96.740E-06,0.0000E+00,-69.294E-09,0.000E+00,0.000E+00,Error,Error,Error,NAN,58.990E-03,-63.366E-03,7.0392E-03,-5.7658E-03,Error,Error,NAN,NAN,NAN,NAN,NAN,NAN,NAN,NAN,NAN,NAN,NAN
   96,  2025/12/19,09:05:03,5.1346E+00,5.7007E+00,5.1324E+00,5.1324E+00,149.05E-03,68.953E-03,73.901E-03,66.534E-03,66.534E-03,18.105E-03,342.04E-03,354.05E-03,-91.427E-03,0.9661E+00,-14.97E+00,Error,NAN,5.1981E+00,5.0771E+00,133.43E-03,22.710E-03,1.012E+00,1.935E+00,NAN,NAN,NAN,NAN,NAN,NAN,NAN,NAN,NAN,0.000E+00,0.000E+00,0.000E+00,-1.4412E-03,0.000E+00,0.0000E+00,0.0000E+00,0.0000E+00,122.97E-06,0.0000E+00,-76.128E-09,0.000E+00,0.000E+00,Error,Error,Error,NAN,70.113E-03,-61.777E-03,6.5310E-03,-6.9853E-03,Error,Error,NAN,NAN,NAN,NAN,NAN,NAN,NAN,NAN,NAN,NAN,NAN
   97,  2025/12/19,09:05:03,5.1345E+00,5.7004E+00,5.1322E+00,5.1322E+00,153.91E-03,69.002E-03,73.940E-03,66.569E-03,66.569E-03,18.159E-03,342.14E-03,354.29E-03,-91.973E-03,0.9657E+00,-15.05E+00,Error,NAN,5.1981E+00,5.0755E+00,130.79E-03,23.116E-03,1.012E+00,1.895E+00,NAN,NAN,NAN,NAN,NAN,NAN,NAN,NAN,NAN,0.000E+00,0.000E+00,0.000E+00,-1.5934E-03,0.000E+00,0.0000E+00,0.0000E+00,0.0000E+00,151.86E-06,0.0000E+00,103.74E-09,0.000E+00,0.000E+00,Error,Error,Error,NAN,62.168E-03,-68.133E-03,6.1245E-03,-5.9690E-03,Error,Error,NAN,NAN,NAN,NAN,NAN,NAN,NAN,NAN,NAN,NAN,NAN
   98,  2025/12/19,09:05:03,5.1346E+00,5.7006E+00,5.1324E+00,5.1324E+00,149.07E-03,69.231E-03,73.951E-03,66.579E-03,66.579E-03,18.978E-03,342.15E-03,355.47E-03,-96.402E-03,0.9625E+00,-15.74E+00,Error,NAN,5.1981E+00,5.0628E+00,146.74E-03,22.913E-03,1.012E+00,2.120E+00,NAN,NAN,NAN,NAN,NAN,NAN,NAN,NAN,NAN,0.000E+00,0.000E+00,0.000E+00,-1.3704E-03,0.000E+00,0.0000E+00,0.0000E+00,0.0000E+00,146.99E-06,0.0000E+00,-98.861E-09,0.000E+00,0.000E+00,Error,Error,Error,NAN,60.579E-03,-72.900E-03,6.8359E-03,-6.3756E-03,Error,Error,NAN,NAN,NAN,NAN,NAN,NAN,NAN,NAN,NAN,NAN,NAN
   99,  2025/12/19,09:05:03,5.1345E+00,5.7004E+00,5.1322E+00,5.1322E+00,153.96E-03,69.380E-03,73.936E-03,66.565E-03,66.565E-03,19.562E-03,342.20E-03,356.23E-03,-98.998E-03,0.9606E+00,-16.14E+00,Error,NAN,5.2044E+00,5.0787E+00,144.40E-03,24.335E-03,1.014E+00,2.081E+00,NAN,NAN,NAN,NAN,NAN,NAN,NAN,NAN,NAN,0.000E+00,0.000E+00,0.000E+00,-977.46E-06,0.000E+00,0.0000E+00,0.0000E+00,0.0000E+00,179.55E-06,0.0000E+00,-346.16E-09,0.000E+00,0.000E+00,Error,Error,Error,NAN,60.579E-03,-61.777E-03,6.4294E-03,-6.5788E-03,Error,Error,NAN,NAN,NAN,NAN,NAN,NAN,NAN,NAN,NAN,NAN,NAN
  100,  2025/12/19,09:05:03,5.1346E+00,5.7007E+00,5.1325E+00,5.1325E+00,149.03E-03,68.924E-03,73.951E-03,66.580E-03,66.580E-03,17.824E-03,342.28E-03,353.90E-03,-89.935E-03,0.9672E+00,-14.72E+00,Error,NAN,5.1981E+00,5.0787E+00,148.87E-03,22.303E-03,1.012E+00,2.160E+00,NAN,NAN,NAN,NAN,NAN,NAN,NAN,NAN,NAN,0.000E+00,0.000E+00,0.000E+00,-1.1882E-03,0.000E+00,0.0000E+00,0.0000E+00,0.0000E+00,201.18E-06,0.0000E+00,-14.546E-09,0.000E+00,0.000E+00,Error,Error,Error,NAN,71.702E-03,-66.544E-03,6.5310E-03,-6.1723E-03,Error,Error,NAN,NAN,NAN,NAN,NAN,NAN,NAN,NAN,NAN,NAN,NAN
  101,  2025/12/19,09:05:04,5.1346E+00,5.7005E+00,5.1323E+00,5.1323E+00,153.94E-03,69.121E-03,73.883E-03,66.518E-03,66.518E-03,18.790E-03,341.89E-03,354.91E-03,-95.221E-03,0.9633E+00,-15.56E+00,Error,NAN,5.1901E+00,5.0787E+00,129.07E-03,24.538E-03,1.011E+00,1.867E+00,NAN,NAN,NAN,NAN,NAN,NAN,NAN,NAN,NAN,0.000E+00,0.000E+00,0.000E+00,-1.5330E-03,0.000E+00,0.0000E+00,0.0000E+00,0.0000E+00,211.48E-06,0.0000E+00,-258.59E-09,0.000E+00,0.000E+00,Error,Error,Error,NAN,58.990E-03,-63.366E-03,6.0229E-03,-6.1723E-03,Error,Error,NAN,NAN,NAN,NAN,NAN,NAN,NAN,NAN,NAN,NAN,NAN
  102,  2025/12/19,09:05:04,5.1345E+00,5.7006E+00,5.1324E+00,5.1324E+00,149.05E-03,69.210E-03,73.933E-03,66.563E-03,66.563E-03,18.957E-03,342.13E-03,355.36E-03,-96.051E-03,0.9628E+00,-15.68E+00,Error,NAN,5.1949E+00,5.0755E+00,136.89E-03,23.218E-03,1.012E+00,1.978E+00,NAN,NAN,NAN,NAN,NAN,NAN,NAN,NAN,NAN,0.000E+00,0.000E+00,0.000E+00,-1.2813E-03,0.000E+00,0.0000E+00,0.0000E+00,0.0000E+00,227.39E-06,0.0000E+00,151.08E-09,0.000E+00,0.000E+00,Error,Error,Error,NAN,58.990E-03,-58.599E-03,6.8359E-03,-6.2739E-03,Error,Error,NAN,NAN,NAN,NAN,NAN,NAN,NAN,NAN,NAN,NAN,NAN
  103,  2025/12/19,09:05:04,5.1345E+00,5.7004E+00,5.1322E+00,5.1322E+00,153.94E-03,69.012E-03,73.882E-03,66.517E-03,66.517E-03,18.388E-03,341.90E-03,354.34E-03,-93.078E-03,0.9649E+00,-15.23E+00,Error,NAN,5.2140E+00,5.0723E+00,144.10E-03,24.030E-03,1.015E+00,2.088E+00,NAN,NAN,NAN,NAN,NAN,NAN,NAN,NAN,NAN,0.000E+00,0.000E+00,0.000E+00,-1.4477E-03,0.000E+00,0.0000E+00,0.0000E+00,0.0000E+00,199.38E-06,0.0000E+00,247.22E-09,0.000E+00,0.000E+00,Error,Error,Error,NAN,58.990E-03,-68.133E-03,5.9213E-03,-6.1723E-03,Error,Error,NAN,NAN,NAN,NAN,NAN,NAN,NAN,NAN,NAN,NAN,NAN
  104,  2025/12/19,09:05:04,5.1346E+00,5.7007E+00,5.1324E+00,5.1324E+00,149.04E-03,68.991E-03,73.889E-03,66.524E-03,66.524E-03,18.285E-03,341.98E-03,354.24E-03,-92.386E-03,0.9654E+00,-15.12E+00,Error,NAN,5.1965E+00,5.0723E+00,146.94E-03,22.507E-03,1.012E+00,2.130E+00,NAN,NAN,NAN,NAN,NAN,NAN,NAN,NAN,NAN,0.000E+00,0.000E+00,0.000E+00,-1.5362E-03,0.000E+00,0.0000E+00,0.0000E+00,0.0000E+00,257.14E-06,0.0000E+00,-421.31E-09,0.000E+00,0.000E+00,Error,Error,Error,NAN,55.811E-03,-60.188E-03,6.5310E-03,-6.3756E-03,Error,Error,NAN,NAN,NAN,NAN,NAN,NAN,NAN,NAN,NAN,NAN,NAN
  105,  2025/12/19,09:05:04,5.1340E+00,5.6998E+00,5.1317E+00,5.1317E+00,153.95E-03,69.049E-03,73.954E-03,66.582E-03,66.582E-03,18.292E-03,342.23E-03,354.50E-03,-92.434E-03,0.9654E+00,-15.11E+00,Error,NAN,5.1965E+00,5.0771E+00,135.67E-03,22.202E-03,1.012E+00,1.965E+00,NAN,NAN,NAN,NAN,NAN,NAN,NAN,NAN,NAN,0.000E+00,0.000E+00,0.000E+00,-1.4142E-03,0.000E+00,0.0000E+00,0.0000E+00,0.0000E+00,185.04E-06,0.0000E+00,152.24E-09,0.000E+00,0.000E+00,Error,Error,Error,NAN,55.811E-03,-72.900E-03,6.5310E-03,-5.5625E-03,Error,Error,NAN,NAN,NAN,NAN,NAN,NAN,NAN,NAN,NAN,NAN,NAN
  106,  2025/12/19,09:05:04,5.1348E+00,5.7009E+00,5.1327E+00,5.1327E+00,149.05E-03,69.215E-03,73.958E-03,66.586E-03,66.586E-03,18.895E-03,342.26E-03,355.40E-03,-95.746E-03,0.9630E+00,-15.63E+00,Error,NAN,5.1981E+00,5.0771E+00,138.00E-03,23.218E-03,1.012E+00,1.994E+00,NAN,NAN,NAN,NAN,NAN,NAN,NAN,NAN,NAN,0.000E+00,0.000E+00,0.000E+00,-1.2455E-03,0.000E+00,0.0000E+00,0.0000E+00,0.0000E+00,160.79E-06,0.0000E+00,179.04E-09,0.000E+00,0.000E+00,Error,Error,Error,NAN,63.757E-03,-69.722E-03,6.1245E-03,-6.3756E-03,Error,Error,NAN,NAN,NAN,NAN,NAN,NAN,NAN,NAN,NAN,NAN,NAN
  107,  2025/12/19,09:05:04,5.1344E+00,5.7003E+00,5.1321E+00,5.1321E+00,153.88E-03,68.941E-03,73.952E-03,66.580E-03,66.580E-03,17.889E-03,342.17E-03,353.97E-03,-90.640E-03,0.9667E+00,-14.84E+00,Error,NAN,5.1949E+00,5.0771E+00,131.81E-03,23.726E-03,1.012E+00,1.912E+00,NAN,NAN,NAN,NAN,NAN,NAN,NAN,NAN,NAN,0.000E+00,0.000E+00,0.000E+00,-1.2607E-03,0.000E+00,0.0000E+00,0.0000E+00,0.0000E+00,172.07E-06,0.0000E+00,-328.82E-09,0.000E+00,0.000E+00,Error,Error,Error,NAN,55.811E-03,-64.955E-03,6.2261E-03,-6.6804E-03,Error,Error,NAN,NAN,NAN,NAN,NAN,NAN,NAN,NAN,NAN,NAN,NAN
  108,  2025/12/19,09:05:04,5.1345E+00,5.7006E+00,5.1323E+00,5.1323E+00,149.05E-03,69.340E-03,73.894E-03,66.528E-03,66.528E-03,19.548E-03,341.92E-03,356.03E-03,-99.223E-03,0.9604E+00,-16.18E+00,Error,NAN,5.1949E+00,5.0755E+00,140.34E-03,22.507E-03,1.012E+00,2.024E+00,NAN,NAN,NAN,NAN,NAN,NAN,NAN,NAN,NAN,0.000E+00,0.000E+00,0.000E+00,-1.0622E-03,0.000E+00,0.0000E+00,0.0000E+00,0.0000E+00,184.84E-06,0.0000E+00,524.57E-09,0.000E+00,0.000E+00,Error,Error,Error,NAN,54.222E-03,-60.188E-03,5.9213E-03,-5.8674E-03,Error,Error,NAN,NAN,NAN,NAN,NAN,NAN,NAN,NAN,NAN,NAN,NAN
  109,  2025/12/19,09:05:04,5.1343E+00,5.7003E+00,5.1320E+00,5.1320E+00,153.94E-03,68.989E-03,73.903E-03,66.536E-03,66.536E-03,18.232E-03,341.96E-03,354.21E-03,-92.372E-03,0.9654E+00,-15.12E+00,Error,NAN,5.1917E+00,5.0612E+00,140.44E-03,24.233E-03,1.011E+00,2.036E+00,NAN,NAN,NAN,NAN,NAN,NAN,NAN,NAN,NAN,0.000E+00,0.000E+00,0.000E+00,-1.1016E-03,0.000E+00,0.0000E+00,0.0000E+00,0.0000E+00,174.75E-06,0.0000E+00,-334.35E-09,0.000E+00,0.000E+00,Error,Error,Error,NAN,62.168E-03,-66.544E-03,6.5310E-03,-6.2739E-03,Error,Error,NAN,NAN,NAN,NAN,NAN,NAN,NAN,NAN,NAN,NAN,NAN
  110,  2025/12/19,09:05:04,5.1342E+00,5.7003E+00,5.1321E+00,5.1321E+00,149.03E-03,69.163E-03,73.923E-03,66.554E-03,66.554E-03,18.819E-03,342.06E-03,355.10E-03,-95.355E-03,0.9633E+00,-15.58E+00,Error,NAN,5.1996E+00,5.0723E+00,143.79E-03,21.694E-03,1.013E+00,2.079E+00,NAN,NAN,NAN,NAN,NAN,NAN,NAN,NAN,NAN,0.000E+00,0.000E+00,0.000E+00,-1.3039E-03,0.000E+00,0.0000E+00,0.0000E+00,0.0000E+00,195.84E-06,0.0000E+00,-28.206E-09,0.000E+00,0.000E+00,Error,Error,Error,NAN,55.811E-03,-66.544E-03,5.6164E-03,-6.6804E-03,Error,Error,NAN,NAN,NAN,NAN,NAN,NAN,NAN,NAN,NAN,NAN,NAN
  111,  2025/12/19,09:05:05,5.1342E+00,5.7001E+00,5.1319E+00,5.1319E+00,153.93E-03,69.081E-03,73.866E-03,66.503E-03,66.503E-03,18.694E-03,341.84E-03,354.68E-03,-94.544E-03,0.9638E+00,-15.46E+00,Error,NAN,5.1917E+00,5.0739E+00,134.86E-03,23.827E-03,1.011E+00,1.952E+00,NAN,NAN,NAN,NAN,NAN,NAN,NAN,NAN,NAN,0.000E+00,0.000E+00,0.000E+00,-1.2085E-03,0.000E+00,0.0000E+00,0.0000E+00,0.0000E+00,175.67E-06,0.0000E+00,140.48E-09,0.000E+00,0.000E+00,Error,Error,Error,NAN,62.168E-03,-61.777E-03,7.0392E-03,-6.6804E-03,Error,Error,NAN,NAN,NAN,NAN,NAN,NAN,NAN,NAN,NAN,NAN,NAN
  112,  2025/12/19,09:05:05,5.1347E+00,5.7008E+00,5.1325E+00,5.1325E+00,149.05E-03,69.056E-03,73.856E-03,66.494E-03,66.494E-03,18.637E-03,341.74E-03,354.58E-03,-94.551E-03,0.9638E+00,-15.47E+00,Error,NAN,5.1949E+00,5.0691E+00,145.62E-03,24.538E-03,1.012E+00,2.109E+00,NAN,NAN,NAN,NAN,NAN,NAN,NAN,NAN,NAN,0.000E+00,0.000E+00,0.000E+00,-1.3473E-03,0.000E+00,0.0000E+00,0.0000E+00,0.0000E+00,212.81E-06,0.0000E+00,-15.917E-09,0.000E+00,0.000E+00,Error,Error,Error,NAN,54.222E-03,-55.421E-03,5.5148E-03,-5.7658E-03,Error,Error,NAN,NAN,NAN,NAN,NAN,NAN,NAN,NAN,NAN,NAN,NAN
  113,  2025/12/19,09:05:05,5.1342E+00,5.7001E+00,5.1319E+00,5.1319E+00,153.94E-03,68.899E-03,73.830E-03,66.471E-03,66.471E-03,18.132E-03,341.58E-03,353.74E-03,-91.954E-03,0.9656E+00,-15.07E+00,Error,NAN,5.2044E+00,5.0739E+00,151.92E-03,23.827E-03,1.014E+00,2.205E+00,NAN,NAN,NAN,NAN,NAN,NAN,NAN,NAN,NAN,0.000E+00,0.000E+00,0.000E+00,-1.0802E-03,0.000E+00,0.0000E+00,0.0000E+00,0.0000E+00,190.88E-06,0.0000E+00,41.086E-09,0.000E+00,0.000E+00,Error,Error,Error,NAN,73.291E-03,-60.188E-03,6.5310E-03,-5.8674E-03,Error,Error,NAN,NAN,NAN,NAN,NAN,NAN,NAN,NAN,NAN,NAN,NAN
  114,  2025/12/19,09:05:05,5.1348E+00,5.7009E+00,5.1326E+00,5.1326E+00,149.07E-03,69.122E-03,73.862E-03,66.499E-03,66.499E-03,18.859E-03,341.75E-03,354.93E-03,-95.823E-03,0.9629E+00,-15.66E+00,Error,NAN,5.1933E+00,5.0771E+00,134.14E-03,24.640E-03,1.011E+00,1.941E+00,NAN,NAN,NAN,NAN,NAN,NAN,NAN,NAN,NAN,0.000E+00,0.000E+00,0.000E+00,-1.1150E-03,0.000E+00,0.0000E+00,0.0000E+00,0.0000E+00,225.80E-06,0.0000E+00,353.85E-09,0.000E+00,0.000E+00,Error,Error,Error,NAN,58.990E-03,-69.722E-03,7.0392E-03,-5.6642E-03,Error,Error,NAN,NAN,NAN,NAN,NAN,NAN,NAN,NAN,NAN,NAN,NAN
  115,  2025/12/19,09:05:05,5.1347E+00,5.7007E+00,5.1324E+00,5.1324E+00,153.96E-03,69.237E-03,73.846E-03,66.485E-03,66.485E-03,19.327E-03,341.83E-03,355.51E-03,-97.657E-03,0.9615E+00,-15.94E+00,Error,NAN,5.1901E+00,5.0787E+00,145.52E-03,23.827E-03,1.011E+00,2.102E+00,NAN,NAN,NAN,NAN,NAN,NAN,NAN,NAN,NAN,0.000E+00,0.000E+00,0.000E+00,-1.0694E-03,0.000E+00,0.0000E+00,0.0000E+00,0.0000E+00,206.31E-06,0.0000E+00,123.51E-09,0.000E+00,0.000E+00,Error,Error,Error,NAN,54.222E-03,-71.311E-03,6.0229E-03,-5.9690E-03,Error,Error,NAN,NAN,NAN,NAN,NAN,NAN,NAN,NAN,NAN,NAN,NAN
  116,  2025/12/19,09:05:05,5.1347E+00,5.7008E+00,5.1326E+00,5.1326E+00,149.02E-03,68.822E-03,73.893E-03,66.527E-03,66.527E-03,17.626E-03,341.98E-03,353.38E-03,-89.036E-03,0.9677E+00,-14.59E+00,Error,NAN,5.1981E+00,5.0787E+00,129.37E-03,22.608E-03,1.012E+00,1.880E+00,NAN,NAN,NAN,NAN,NAN,NAN,NAN,NAN,NAN,0.000E+00,0.000E+00,0.000E+00,-882.36E-06,0.000E+00,0.0000E+00,0.0000E+00,0.0000E+00,202.59E-06,0.0000E+00,-245.82E-09,0.000E+00,0.000E+00,Error,Error,Error,NAN,57.401E-03,-61.777E-03,6.8359E-03,-7.0869E-03,Error,Error,NAN,NAN,NAN,NAN,NAN,NAN,NAN,NAN,NAN,NAN,NAN
  117,  2025/12/19,09:05:05,5.1343E+00,5.7002E+00,5.1319E+00,5.1319E+00,153.88E-03,69.226E-03,73.888E-03,66.523E-03,66.523E-03,19.158E-03,341.96E-03,355.43E-03,-96.895E-03,0.9621E+00,-15.82E+00,Error,NAN,5.1917E+00,5.0660E+00,161.88E-03,21.694E-03,1.011E+00,2.338E+00,NAN,NAN,NAN,NAN,NAN,NAN,NAN,NAN,NAN,0.000E+00,0.000E+00,0.000E+00,-495.83E-06,0.000E+00,0.0000E+00,0.0000E+00,0.0000E+00,238.78E-06,0.0000E+00,-149.34E-09,0.000E+00,0.000E+00,Error,Error,Error,NAN,55.811E-03,-69.722E-03,7.1408E-03,-6.0707E-03,Error,Error,NAN,NAN,NAN,NAN,NAN,NAN,NAN,NAN,NAN,NAN,NAN
  118,  2025/12/19,09:05:05,5.1345E+00,5.7006E+00,5.1323E+00,5.1323E+00,149.03E-03,69.325E-03,73.910E-03,66.543E-03,66.543E-03,19.443E-03,342.00E-03,355.95E-03,-98.674E-03,0.9608E+00,-16.09E+00,Error,NAN,5.1901E+00,5.0803E+00,152.84E-03,22.811E-03,1.011E+00,2.205E+00,NAN,NAN,NAN,NAN,NAN,NAN,NAN,NAN,NAN,0.000E+00,0.000E+00,0.000E+00,-1.0087E-03,0.000E+00,0.0000E+00,0.0000E+00,0.0000E+00,207.42E-06,0.0000E+00,334.11E-09,0.000E+00,0.000E+00,Error,Error,Error,NAN,60.579E-03,-77.667E-03,6.2261E-03,-5.7658E-03,Error,Error,NAN,NAN,NAN,NAN,NAN,NAN,NAN,NAN,NAN,NAN,NAN
  119,  2025/12/19,09:05:05,5.1344E+00,5.7004E+00,5.1321E+00,5.1321E+00,153.94E-03,68.753E-03,73.872E-03,66.508E-03,66.508E-03,17.427E-03,341.86E-03,353.01E-03,-88.010E-03,0.9684E+00,-14.44E+00,Error,NAN,5.2028E+00,5.0739E+00,125.10E-03,25.046E-03,1.013E+00,1.820E+00,NAN,NAN,NAN,NAN,NAN,NAN,NAN,NAN,NAN,0.000E+00,0.000E+00,0.000E+00,-1.4765E-03,0.000E+00,0.0000E+00,0.0000E+00,0.0000E+00,195.64E-06,0.0000E+00,63.866E-09,0.000E+00,0.000E+00,Error,Error,Error,NAN,60.579E-03,-72.900E-03,7.2424E-03,-5.7658E-03,Error,Error,NAN,NAN,NAN,NAN,NAN,NAN,NAN,NAN,NAN,NAN,NAN
  120,  2025/12/19,09:05:05,5.1347E+00,5.7008E+00,5.1326E+00,5.1326E+00,149.05E-03,69.300E-03,73.855E-03,66.493E-03,66.493E-03,19.526E-03,341.74E-03,355.84E-03,-99.160E-03,0.9604E+00,-16.18E+00,Error,NAN,5.1981E+00,5.0819E+00,130.69E-03,21.796E-03,1.012E+00,1.886E+00,NAN,NAN,NAN,NAN,NAN,NAN,NAN,NAN,NAN,0.000E+00,0.000E+00,0.000E+00,-1.1317E-03,0.000E+00,0.0000E+00,0.0000E+00,0.0000E+00,187.51E-06,0.0000E+00,-245.27E-09,0.000E+00,0.000E+00,Error,Error,Error,NAN,62.168E-03,-58.599E-03,6.5310E-03,-6.4772E-03,Error,Error,NAN,NAN,NAN,NAN,NAN,NAN,NAN,NAN,NAN,NAN,NAN
  121,  2025/12/19,09:05:06,5.1343E+00,5.7002E+00,5.1320E+00,5.1320E+00,153.93E-03,68.843E-03,73.878E-03,66.513E-03,66.513E-03,17.758E-03,341.94E-03,353.46E-03,-89.504E-03,0.9674E+00,-14.67E+00,Error,NAN,5.1981E+00,5.0707E+00,140.34E-03,24.945E-03,1.012E+00,2.039E+00,NAN,NAN,NAN,NAN,NAN,NAN,NAN,NAN,NAN,0.000E+00,0.000E+00,0.000E+00,-824.05E-06,0.000E+00,0.0000E+00,0.0000E+00,0.0000E+00,165.22E-06,0.0000E+00,389.80E-09,0.000E+00,0.000E+00,Error,Error,Error,NAN,58.990E-03,-66.544E-03,6.2261E-03,-6.4772E-03,Error,Error,NAN,NAN,NAN,NAN,NAN,NAN,NAN,NAN,NAN,NAN,NAN
  122,  2025/12/19,09:05:06,5.1346E+00,5.7007E+00,5.1325E+00,5.1325E+00,149.05E-03,69.300E-03,73.903E-03,66.536E-03,66.536E-03,19.377E-03,342.00E-03,355.83E-03,-98.255E-03,0.9611E+00,-16.03E+00,Error,NAN,5.1949E+00,5.0675E+00,139.53E-03,23.624E-03,1.012E+00,2.013E+00,NAN,NAN,NAN,NAN,NAN,NAN,NAN,NAN,NAN,0.000E+00,0.000E+00,0.000E+00,-887.71E-06,0.000E+00,0.0000E+00,0.0000E+00,0.0000E+00,151.71E-06,0.0000E+00,-235.53E-09,0.000E+00,0.000E+00,Error,Error,Error,NAN,66.935E-03,-68.133E-03,5.9213E-03,-6.4772E-03,Error,Error,NAN,NAN,NAN,NAN,NAN,NAN,NAN,NAN,NAN,NAN,NAN
  123,  2025/12/19,09:05:06,5.1346E+00,5.7005E+00,5.1323E+00,5.1323E+00,153.89E-03,69.128E-03,73.862E-03,66.499E-03,66.499E-03,18.882E-03,341.77E-03,354.94E-03,-95.800E-03,0.9629E+00,-15.66E+00,Error,NAN,5.2060E+00,5.0819E+00,133.23E-03,23.522E-03,1.014E+00,1.927E+00,NAN,NAN,NAN,NAN,NAN,NAN,NAN,NAN,NAN,0.000E+00,0.000E+00,0.000E+00,-1.4440E-03,0.000E+00,0.0000E+00,0.0000E+00,0.0000E+00,143.47E-06,0.0000E+00,493.60E-09,0.000E+00,0.000E+00,Error,Error,Error,NAN,65.346E-03,-61.777E-03,6.8359E-03,-6.4772E-03,Error,Error,NAN,NAN,NAN,NAN,NAN,NAN,NAN,NAN,NAN,NAN,NAN
  124,  2025/12/19,09:05:06,5.1348E+00,5.7009E+00,5.1326E+00,5.1326E+00,149.04E-03,69.102E-03,73.878E-03,66.513E-03,66.513E-03,18.737E-03,341.89E-03,354.82E-03,-94.930E-03,0.9635E+00,-15.52E+00,Error,NAN,5.1996E+00,5.0628E+00,144.00E-03,23.522E-03,1.013E+00,2.084E+00,NAN,NAN,NAN,NAN,NAN,NAN,NAN,NAN,NAN,0.000E+00,0.000E+00,0.000E+00,-1.1260E-03,0.000E+00,0.0000E+00,0.0000E+00,0.0000E+00,142.90E-06,0.0000E+00,-249.31E-09,0.000E+00,0.000E+00,Error,Error,Error,NAN,54.222E-03,-72.900E-03,6.9375E-03,-6.0707E-03,Error,Error,NAN,NAN,NAN,NAN,NAN,NAN,NAN,NAN,NAN,NAN,NAN
  125,  2025/12/19,09:05:06,5.1348E+00,5.7008E+00,5.1325E+00,5.1325E+00,153.98E-03,69.124E-03,73.869E-03,66.506E-03,66.506E-03,18.844E-03,341.86E-03,354.94E-03,-95.474E-03,0.9631E+00,-15.60E+00,Error,NAN,5.1933E+00,5.0803E+00,165.43E-03,20.577E-03,1.011E+00,2.393E+00,NAN,NAN,NAN,NAN,NAN,NAN,NAN,NAN,NAN,0.000E+00,0.000E+00,0.000E+00,-1.0799E-03,0.000E+00,0.0000E+00,0.0000E+00,0.0000E+00,141.39E-06,0.0000E+00,704.00E-09,0.000E+00,0.000E+00,Error,Error,Error,NAN,58.990E-03,-63.366E-03,6.1245E-03,-5.6642E-03,Error,Error,NAN,NAN,NAN,NAN,NAN,NAN,NAN,NAN,NAN,NAN,NAN
  126,  2025/12/19,09:05:06,5.1347E+00,5.7008E+00,5.1325E+00,5.1325E+00,149.04E-03,68.968E-03,73.891E-03,66.525E-03,66.525E-03,18.191E-03,341.91E-03,354.12E-03,-92.215E-03,0.9655E+00,-15.09E+00,Error,NAN,5.1996E+00,5.0803E+00,129.37E-03,23.421E-03,1.013E+00,1.876E+00,NAN,NAN,NAN,NAN,NAN,NAN,NAN,NAN,NAN,0.000E+00,0.000E+00,0.000E+00,-1.1553E-03,0.000E+00,0.0000E+00,0.0000E+00,0.0000E+00,157.14E-06,0.0000E+00,160.73E-09,0.000E+00,0.000E+00,Error,Error,Error,NAN,58.990E-03,-66.544E-03,6.6327E-03,-5.8674E-03,Error,Error,NAN,NAN,NAN,NAN,NAN,NAN,NAN,NAN,NAN,NAN,NAN
  127,  2025/12/19,09:05:07,5.1345E+00,5.7004E+00,5.1322E+00,5.1322E+00,153.96E-03,69.155E-03,73.911E-03,66.543E-03,66.543E-03,18.827E-03,342.04E-03,355.08E-03,-95.329E-03,0.9633E+00,-15.57E+00,Error,NAN,5.1933E+00,5.0723E+00,139.32E-03,22.405E-03,1.011E+00,2.015E+00,NAN,NAN,NAN,NAN,NAN,NAN,NAN,NAN,NAN,0.000E+00,0.000E+00,0.000E+00,-1.3196E-03,0.000E+00,0.0000E+00,0.0000E+00,0.0000E+00,188.35E-06,0.0000E+00,270.77E-09,0.000E+00,0.000E+00,Error,Error,Error,NAN,57.401E-03,-61.777E-03,6.2261E-03,-5.7658E-03,Error,Error,NAN,NAN,NAN,NAN,NAN,NAN,NAN,NAN,NAN,NAN,NAN
  128,  2025/12/19,09:05:07,5.1347E+00,5.7009E+00,5.1326E+00,5.1326E+00,149.04E-03,69.069E-03,73.905E-03,66.538E-03,66.538E-03,18.528E-03,342.00E-03,354.65E-03,-93.891E-03,0.9643E+00,-15.35E+00,Error,NAN,5.1996E+00,5.0723E+00,135.36E-03,23.218E-03,1.013E+00,1.960E+00,NAN,NAN,NAN,NAN,NAN,NAN,NAN,NAN,NAN,0.000E+00,0.000E+00,0.000E+00,-1.2365E-03,0.000E+00,0.0000E+00,0.0000E+00,0.0000E+00,185.69E-06,0.0000E+00,130.87E-09,0.000E+00,0.000E+00,Error,Error,Error,NAN,58.990E-03,-72.900E-03,6.2261E-03,-5.8674E-03,Error,Error,NAN,NAN,NAN,NAN,NAN,NAN,NAN,NAN,NAN,NAN,NAN
  129,  2025/12/19,09:05:07,5.1342E+00,5.7003E+00,5.1320E+00,5.1320E+00,149.01E-03,69.115E-03,73.834E-03,66.474E-03,66.474E-03,18.922E-03,341.64E-03,354.85E-03,-95.923E-03,0.9628E+00,-15.68E+00,Error,NAN,5.1965E+00,5.0644E+00,155.98E-03,23.726E-03,1.012E+00,2.257E+00,NAN,NAN,NAN,NAN,NAN,NAN,NAN,NAN,NAN,0.000E+00,0.000E+00,0.000E+00,-1.1195E-03,0.000E+00,0.0000E+00,0.0000E+00,0.0000E+00,179.51E-06,0.0000E+00,175.48E-09,0.000E+00,0.000E+00,Error,Error,Error,NAN,62.168E-03,-58.599E-03,7.4457E-03,-6.0707E-03,Error,Error,NAN,NAN,NAN,NAN,NAN,NAN,NAN,NAN,NAN,NAN,NAN
  130,  2025/12/19,09:05:08,5.1345E+00,5.7004E+00,5.1322E+00,5.1322E+00,153.96E-03,68.793E-03,73.839E-03,66.478E-03,66.478E-03,17.697E-03,341.80E-03,353.22E-03,-89.094E-03,0.9677E+00,-14.61E+00,Error,NAN,5.1981E+00,5.0707E+00,148.26E-03,25.249E-03,1.012E+00,2.155E+00,NAN,NAN,NAN,NAN,NAN,NAN,NAN,NAN,NAN,0.000E+00,0.000E+00,0.000E+00,-1.3597E-03,0.000E+00,0.0000E+00,0.0000E+00,0.0000E+00,164.71E-06,0.0000E+00,-676.06E-09,0.000E+00,0.000E+00,Error,Error,Error,NAN,57.401E-03,-60.188E-03,6.2261E-03,-6.4772E-03,Error,Error,NAN,NAN,NAN,NAN,NAN,NAN,NAN,NAN,NAN,NAN,NAN
  131,  2025/12/19,09:05:08,5.1350E+00,5.7012E+00,5.1329E+00,5.1329E+00,149.05E-03,69.411E-03,73.889E-03,66.523E-03,66.523E-03,19.811E-03,341.91E-03,356.42E-03,-100.67E-03,0.9593E+00,-16.41E+00,Error,NAN,5.2012E+00,5.0755E+00,137.19E-03,20.272E-03,1.013E+00,1.977E+00,NAN,NAN,NAN,NAN,NAN,NAN,NAN,NAN,NAN,0.000E+00,0.000E+00,0.000E+00,-1.1628E-03,0.000E+00,0.0000E+00,0.0000E+00,0.0000E+00,195.99E-06,0.0000E+00,131.72E-09,0.000E+00,0.000E+00,Error,Error,Error,NAN,54.222E-03,-58.599E-03,6.7343E-03,-7.6967E-03,Error,Error,NAN,NAN,NAN,NAN,NAN,NAN,NAN,NAN,NAN,NAN,NAN
  132,  2025/12/19,09:05:08,5.1344E+00,5.7003E+00,5.1321E+00,5.1321E+00,153.96E-03,69.020E-03,73.915E-03,66.547E-03,66.547E-03,18.313E-03,342.12E-03,354.38E-03,-92.389E-03,0.9654E+00,-15.11E+00,Error,NAN,5.1949E+00,5.0787E+00,145.01E-03,20.069E-03,1.012E+00,2.101E+00,NAN,NAN,NAN,NAN,NAN,NAN,NAN,NAN,NAN,0.000E+00,0.000E+00,0.000E+00,-1.3020E-03,0.000E+00,0.0000E+00,0.0000E+00,0.0000E+00,200.10E-06,0.0000E+00,-323.19E-09,0.000E+00,0.000E+00,Error,Error,Error,NAN,65.346E-03,-61.777E-03,7.6489E-03,-6.6804E-03,Error,Error,NAN,NAN,NAN,NAN,NAN,NAN,NAN,NAN,NAN,NAN,NAN
  133,  2025/12/19,09:05:08,5.1348E+00,5.7010E+00,5.1327E+00,5.1327E+00,149.04E-03,69.219E-03,73.936E-03,66.566E-03,66.566E-03,18.981E-03,342.15E-03,355.43E-03,-96.227E-03,0.9627E+00,-15.71E+00,Error,NAN,5.1965E+00,5.0707E+00,142.07E-03,21.999E-03,1.012E+00,2.052E+00,NAN,NAN,NAN,NAN,NAN,NAN,NAN,NAN,NAN,0.000E+00,0.000E+00,0.000E+00,-1.1113E-03,0.000E+00,0.0000E+00,0.0000E+00,0.0000E+00,205.65E-06,0.0000E+00,275.23E-09,0.000E+00,0.000E+00,Error,Error,Error,NAN,63.757E-03,-64.955E-03,6.7343E-03,-5.6642E-03,Error,Error,NAN,NAN,NAN,NAN,NAN,NAN,NAN,NAN,NAN,NAN,NAN
  134,  2025/12/19,09:05:08,5.1345E+00,5.7004E+00,5.1322E+00,5.1322E+00,153.96E-03,69.108E-03,73.937E-03,66.567E-03,66.567E-03,18.570E-03,342.13E-03,354.83E-03,-94.098E-03,0.9642E+00,-15.38E+00,Error,NAN,5.1949E+00,5.0787E+00,142.58E-03,22.608E-03,1.012E+00,2.063E+00,NAN,NAN,NAN,NAN,NAN,NAN,NAN,NAN,NAN,0.000E+00,0.000E+00,0.000E+00,-1.2776E-03,0.000E+00,0.0000E+00,0.0000E+00,0.0000E+00,218.38E-06,0.0000E+00,-171.73E-09,0.000E+00,0.000E+00,Error,Error,Error,NAN,68.524E-03,-57.010E-03,7.3440E-03,-5.7658E-03,Error,Error,NAN,NAN,NAN,NAN,NAN,NAN,NAN,NAN,NAN,NAN,NAN
  135,  2025/12/19,09:05:08,5.1351E+00,5.7013E+00,5.1329E+00,5.1329E+00,149.07E-03,68.976E-03,73.969E-03,66.596E-03,66.596E-03,17.963E-03,342.34E-03,354.20E-03,-90.879E-03,0.9665E+00,-14.87E+00,Error,NAN,5.1996E+00,5.0835E+00,142.88E-03,24.538E-03,1.013E+00,2.071E+00,NAN,NAN,NAN,NAN,NAN,NAN,NAN,NAN,NAN,0.000E+00,0.000E+00,0.000E+00,-1.1870E-03,0.000E+00,0.0000E+00,0.0000E+00,0.0000E+00,213.22E-06,0.0000E+00,130.45E-09,0.000E+00,0.000E+00,Error,Error,Error,NAN,66.935E-03,-68.133E-03,7.3440E-03,-5.7658E-03,Error,Error,NAN,NAN,NAN,NAN,NAN,NAN,NAN,NAN,NAN,NAN,NAN
  136,  2025/12/19,09:05:08,5.1350E+00,5.7009E+00,5.1327E+00,5.1327E+00,153.89E-03,69.157E-03,73.899E-03,66.533E-03,66.533E-03,18.870E-03,342.00E-03,355.12E-03,-95.639E-03,0.9631E+00,-15.62E+00,Error,NAN,5.1949E+00,5.0771E+00,141.46E-03,21.999E-03,1.012E+00,2.045E+00,NAN,NAN,NAN,NAN,NAN,NAN,NAN,NAN,NAN,0.000E+00,0.000E+00,0.000E+00,-1.2278E-03,0.000E+00,0.0000E+00,0.0000E+00,0.0000E+00,169.07E-06,0.0000E+00,96.131E-09,0.000E+00,0.000E+00,Error,Error,Error,NAN,63.757E-03,-61.777E-03,6.5310E-03,-6.4772E-03,Error,Error,NAN,NAN,NAN,NAN,NAN,NAN,NAN,NAN,NAN,NAN,NAN
  137,  2025/12/19,09:05:08,5.1349E+00,5.7010E+00,5.1327E+00,5.1327E+00,149.04E-03,69.146E-03,73.900E-03,66.533E-03,66.533E-03,18.828E-03,342.00E-03,355.06E-03,-95.385E-03,0.9632E+00,-15.58E+00,Error,NAN,5.1996E+00,5.0739E+00,144.30E-03,22.405E-03,1.013E+00,2.087E+00,NAN,NAN,NAN,NAN,NAN,NAN,NAN,NAN,NAN,0.000E+00,0.000E+00,0.000E+00,-1.3217E-03,0.000E+00,0.0000E+00,0.0000E+00,0.0000E+00,182.51E-06,0.0000E+00,-728.89E-09,0.000E+00,0.000E+00,Error,Error,Error,NAN,58.990E-03,-60.188E-03,6.1245E-03,-6.4772E-03,Error,Error,NAN,NAN,NAN,NAN,NAN,NAN,NAN,NAN,NAN,NAN,NAN
  138,  2025/12/19,09:05:08,5.1347E+00,5.7006E+00,5.1324E+00,5.1324E+00,153.93E-03,69.074E-03,73.923E-03,66.554E-03,66.554E-03,18.486E-03,342.17E-03,354.67E-03,-93.326E-03,0.9648E+00,-15.26E+00,Error,NAN,5.1949E+00,5.0803E+00,150.50E-03,25.351E-03,1.012E+00,2.179E+00,NAN,NAN,NAN,NAN,NAN,NAN,NAN,NAN,NAN,0.000E+00,0.000E+00,0.000E+00,-897.08E-06,0.000E+00,0.0000E+00,0.0000E+00,0.0000E+00,165.90E-06,0.0000E+00,57.708E-09,0.000E+00,0.000E+00,Error,Error,Error,NAN,57.401E-03,-63.366E-03,6.5310E-03,-7.3918E-03,Error,Error,NAN,NAN,NAN,NAN,NAN,NAN,NAN,NAN,NAN,NAN,NAN
  139,  2025/12/19,09:05:08,5.1346E+00,5.7007E+00,5.1325E+00,5.1325E+00,149.03E-03,69.126E-03,73.923E-03,66.554E-03,66.554E-03,18.679E-03,342.07E-03,354.93E-03,-94.693E-03,0.9638E+00,-15.47E+00,Error,NAN,5.1965E+00,5.0755E+00,146.94E-03,23.624E-03,1.012E+00,2.126E+00,NAN,NAN,NAN,NAN,NAN,NAN,NAN,NAN,NAN,0.000E+00,0.000E+00,0.000E+00,-858.80E-06,0.000E+00,0.0000E+00,0.0000E+00,0.0000E+00,176.87E-06,0.0000E+00,362.33E-09,0.000E+00,0.000E+00,Error,Error,Error,NAN,58.990E-03,-61.777E-03,6.5310E-03,-6.4772E-03,Error,Error,NAN,NAN,NAN,NAN,NAN,NAN,NAN,NAN,NAN,NAN,NAN
  140,  2025/12/19,09:05:09,5.1347E+00,5.7007E+00,5.1324E+00,5.1324E+00,153.95E-03,69.287E-03,73.931E-03,66.561E-03,66.561E-03,19.242E-03,342.11E-03,355.77E-03,-97.627E-03,0.9616E+00,-15.93E+00,Error,NAN,5.1965E+00,5.0771E+00,148.77E-03,23.218E-03,1.012E+00,2.147E+00,NAN,NAN,NAN,NAN,NAN,NAN,NAN,NAN,NAN,0.000E+00,0.000E+00,0.000E+00,-1.2521E-03,0.000E+00,0.0000E+00,0.0000E+00,0.0000E+00,214.32E-06,0.0000E+00,17.593E-09,0.000E+00,0.000E+00,Error,Error,Error,NAN,57.401E-03,-69.722E-03,6.3278E-03,-6.8837E-03,Error,Error,NAN,NAN,NAN,NAN,NAN,NAN,NAN,NAN,NAN,NAN,NAN
  141,  2025/12/19,09:05:09,5.1346E+00,5.7008E+00,5.1325E+00,5.1325E+00,149.05E-03,69.010E-03,73.922E-03,66.553E-03,66.553E-03,18.251E-03,342.12E-03,354.34E-03,-92.261E-03,0.9655E+00,-15.09E+00,Error,NAN,5.2012E+00,5.0691E+00,154.97E-03,24.030E-03,1.013E+00,2.246E+00,NAN,NAN,NAN,NAN,NAN,NAN,NAN,NAN,NAN,0.000E+00,0.000E+00,0.000E+00,-1.1045E-03,0.000E+00,0.0000E+00,0.0000E+00,0.0000E+00,194.95E-06,0.0000E+00,238.83E-09,0.000E+00,0.000E+00,Error,Error,Error,NAN,60.579E-03,-58.599E-03,6.6327E-03,-6.1723E-03,Error,Error,NAN,NAN,NAN,NAN,NAN,NAN,NAN,NAN,NAN,NAN,NAN
  142,  2025/12/19,09:05:09,5.1349E+00,5.7009E+00,5.1326E+00,5.1326E+00,153.95E-03,69.218E-03,73.930E-03,66.561E-03,66.561E-03,18.997E-03,342.24E-03,355.43E-03,-95.947E-03,0.9629E+00,-15.66E+00,Error,NAN,5.1981E+00,5.0771E+00,148.77E-03,22.405E-03,1.012E+00,2.149E+00,NAN,NAN,NAN,NAN,NAN,NAN,NAN,NAN,NAN,0.000E+00,0.000E+00,0.000E+00,-1.1818E-03,0.000E+00,0.0000E+00,0.0000E+00,0.0000E+00,192.16E-06,0.0000E+00,289.95E-09,0.000E+00,0.000E+00,Error,Error,Error,NAN,65.346E-03,-69.722E-03,6.8359E-03,-6.7821E-03,Error,Error,NAN,NAN,NAN,NAN,NAN,NAN,NAN,NAN,NAN,NAN,NAN
  143,  2025/12/19,09:05:09,5.1345E+00,5.7005E+00,5.1323E+00,5.1323E+00,149.03E-03,68.961E-03,73.953E-03,66.581E-03,66.581E-03,17.959E-03,342.22E-03,354.08E-03,-90.844E-03,0.9665E+00,-14.87E+00,Error,NAN,5.1949E+00,5.0691E+00,140.04E-03,20.577E-03,1.012E+00,2.031E+00,NAN,NAN,NAN,NAN,NAN,NAN,NAN,NAN,NAN,0.000E+00,0.000E+00,0.000E+00,-879.86E-06,0.000E+00,0.0000E+00,0.0000E+00,0.0000E+00,211.32E-06,0.0000E+00,364.46E-09,0.000E+00,0.000E+00,Error,Error,Error,NAN,66.935E-03,-61.777E-03,6.5310E-03,-6.5788E-03,Error,Error,NAN,NAN,NAN,NAN,NAN,NAN,NAN,NAN,NAN,NAN,NAN
  144,  2025/12/19,09:05:09,5.1344E+00,5.7003E+00,5.1321E+00,5.1321E+00,153.96E-03,69.374E-03,73.918E-03,66.550E-03,66.550E-03,19.592E-03,342.01E-03,356.19E-03,-99.505E-03,0.9602E+00,-16.22E+00,Error,NAN,5.1981E+00,5.0755E+00,144.81E-03,22.913E-03,1.012E+00,2.087E+00,NAN,NAN,NAN,NAN,NAN,NAN,NAN,NAN,NAN,0.000E+00,0.000E+00,0.000E+00,-872.34E-06,0.000E+00,0.0000E+00,0.0000E+00,0.0000E+00,173.08E-06,0.0000E+00,-10.676E-09,0.000E+00,0.000E+00,Error,Error,Error,NAN,58.990E-03,-63.366E-03,6.4294E-03,-5.6642E-03,Error,Error,NAN,NAN,NAN,NAN,NAN,NAN,NAN,NAN,NAN,NAN,NAN
  145,  2025/12/19,09:05:09,5.1348E+00,5.7009E+00,5.1326E+00,5.1326E+00,149.02E-03,68.704E-03,73.926E-03,66.557E-03,66.557E-03,17.040E-03,342.05E-03,352.78E-03,-86.336E-03,0.9696E+00,-14.17E+00,Error,NAN,5.1917E+00,5.0803E+00,129.67E-03,20.373E-03,1.011E+00,1.887E+00,NAN,NAN,NAN,NAN,NAN,NAN,NAN,NAN,NAN,0.000E+00,0.000E+00,0.000E+00,-1.1854E-03,0.000E+00,0.0000E+00,0.0000E+00,0.0000E+00,201.29E-06,0.0000E+00,-320.94E-09,0.000E+00,0.000E+00,Error,Error,Error,NAN,62.168E-03,-63.366E-03,6.4294E-03,-5.5625E-03,Error,Error,NAN,NAN,NAN,NAN,NAN,NAN,NAN,NAN,NAN,NAN,NAN
  146,  2025/12/19,09:05:09,5.1343E+00,5.7002E+00,5.1320E+00,5.1320E+00,153.86E-03,69.368E-03,73.936E-03,66.566E-03,66.566E-03,19.517E-03,342.20E-03,356.16E-03,-98.704E-03,0.9608E+00,-16.09E+00,Error,NAN,5.1981E+00,5.0739E+00,136.79E-03,24.538E-03,1.012E+00,1.972E+00,NAN,NAN,NAN,NAN,NAN,NAN,NAN,NAN,NAN,0.000E+00,0.000E+00,0.000E+00,-1.4448E-03,0.000E+00,0.0000E+00,0.0000E+00,0.0000E+00,208.06E-06,0.0000E+00,153.07E-09,0.000E+00,0.000E+00,Error,Error,Error,NAN,55.811E-03,-72.900E-03,6.9375E-03,-5.7658E-03,Error,Error,NAN,NAN,NAN,NAN,NAN,NAN,NAN,NAN,NAN,NAN,NAN
  147,  2025/12/19,09:05:09,5.1345E+00,5.7006E+00,5.1323E+00,5.1323E+00,149.00E-03,69.144E-03,73.965E-03,66.592E-03,66.592E-03,18.613E-03,342.27E-03,355.02E-03,-94.283E-03,0.9641E+00,-15.40E+00,Error,NAN,5.1949E+00,5.0819E+00,148.97E-03,23.319E-03,1.012E+00,2.155E+00,NAN,NAN,NAN,NAN,NAN,NAN,NAN,NAN,NAN,0.000E+00,0.000E+00,0.000E+00,-1.1524E-03,0.000E+00,0.0000E+00,0.0000E+00,0.0000E+00,234.80E-06,0.0000E+00,-546.36E-09,0.000E+00,0.000E+00,Error,Error,Error,NAN,62.168E-03,-61.777E-03,7.3440E-03,-6.1723E-03,Error,Error,NAN,NAN,NAN,NAN,NAN,NAN,NAN,NAN,NAN,NAN,NAN
  148,  2025/12/19,09:05:09,5.1348E+00,5.7007E+00,5.1324E+00,5.1324E+00,153.97E-03,68.968E-03,73.920E-03,66.551E-03,66.551E-03,18.095E-03,342.17E-03,354.13E-03,-91.266E-03,0.9662E+00,-14.93E+00,Error,NAN,5.1981E+00,5.0707E+00,131.71E-03,22.100E-03,1.012E+00,1.910E+00,NAN,NAN,NAN,NAN,NAN,NAN,NAN,NAN,NAN,0.000E+00,0.000E+00,0.000E+00,-1.0775E-03,0.000E+00,0.0000E+00,0.0000E+00,0.0000E+00,180.02E-06,0.0000E+00,148.06E-09,0.000E+00,0.000E+00,Error,Error,Error,NAN,57.401E-03,-66.544E-03,8.1571E-03,-6.0707E-03,Error,Error,NAN,NAN,NAN,NAN,NAN,NAN,NAN,NAN,NAN,NAN,NAN
  149,  2025/12/19,09:05:09,5.1346E+00,5.7007E+00,5.1324E+00,5.1324E+00,149.07E-03,69.477E-03,73.925E-03,66.556E-03,66.556E-03,19.933E-03,342.08E-03,356.73E-03,-101.20E-03,0.9589E+00,-16.48E+00,Error,NAN,5.1949E+00,5.0755E+00,148.37E-03,22.811E-03,1.012E+00,2.135E+00,NAN,NAN,NAN,NAN,NAN,NAN,NAN,NAN,NAN,0.000E+00,0.000E+00,0.000E+00,-1.0903E-03,0.000E+00,0.0000E+00,0.0000E+00,0.0000E+00,157.12E-06,0.0000E+00,19.560E-09,0.000E+00,0.000E+00,Error,Error,Error,NAN,62.168E-03,-61.777E-03,6.7343E-03,-6.9853E-03,Error,Error,NAN,NAN,NAN,NAN,NAN,NAN,NAN,NAN,NAN,NAN,NAN
  150,  2025/12/19,09:05:10,5.1344E+00,5.7003E+00,5.1321E+00,5.1321E+00,153.93E-03,68.885E-03,73.880E-03,66.515E-03,66.515E-03,17.913E-03,341.90E-03,353.68E-03,-90.533E-03,0.9667E+00,-14.83E+00,Error,NAN,5.1965E+00,5.0771E+00,130.79E-03,25.351E-03,1.012E+00,1.899E+00,NAN,NAN,NAN,NAN,NAN,NAN,NAN,NAN,NAN,0.000E+00,0.000E+00,0.000E+00,-1.1997E-03,0.000E+00,0.0000E+00,0.0000E+00,0.0000E+00,132.50E-06,0.0000E+00,-106.84E-09,0.000E+00,0.000E+00,Error,Error,Error,NAN,66.935E-03,-68.133E-03,6.2261E-03,-5.6642E-03,Error,Error,NAN,NAN,NAN,NAN,NAN,NAN,NAN,NAN,NAN,NAN,NAN
  151,  2025/12/19,09:05:10,5.1348E+00,5.7010E+00,5.1327E+00,5.1327E+00,149.07E-03,69.410E-03,73.909E-03,66.541E-03,66.541E-03,19.750E-03,342.01E-03,356.41E-03,-100.30E-03,0.9596E+00,-16.34E+00,Error,NAN,5.1949E+00,5.0819E+00,134.45E-03,24.640E-03,1.012E+00,1.937E+00,NAN,NAN,NAN,NAN,NAN,NAN,NAN,NAN,NAN,0.000E+00,0.000E+00,0.000E+00,-1.3304E-03,0.000E+00,0.0000E+00,0.0000E+00,0.0000E+00,141.76E-06,0.0000E+00,33.075E-09,0.000E+00,0.000E+00,Error,Error,Error,NAN,58.990E-03,-63.366E-03,5.8196E-03,-7.7983E-03,Error,Error,NAN,NAN,NAN,NAN,NAN,NAN,NAN,NAN,NAN,NAN,NAN
  152,  2025/12/19,09:05:10,5.1344E+00,5.7004E+00,5.1321E+00,5.1321E+00,153.98E-03,68.963E-03,73.925E-03,66.556E-03,66.556E-03,18.062E-03,342.02E-03,354.09E-03,-91.634E-03,0.9659E+00,-15.00E+00,Error,NAN,5.1917E+00,5.0755E+00,141.56E-03,22.710E-03,1.011E+00,2.053E+00,NAN,NAN,NAN,NAN,NAN,NAN,NAN,NAN,NAN,0.000E+00,0.000E+00,0.000E+00,-934.81E-06,0.000E+00,0.0000E+00,0.0000E+00,0.0000E+00,110.03E-06,0.0000E+00,321.82E-09,0.000E+00,0.000E+00,Error,Error,Error,NAN,60.579E-03,-55.421E-03,6.0229E-03,-6.5788E-03,Error,Error,NAN,NAN,NAN,NAN,NAN,NAN,NAN,NAN,NAN,NAN,NAN
  153,  2025/12/19,09:05:10,5.1347E+00,5.7008E+00,5.1326E+00,5.1326E+00,149.05E-03,68.943E-03,73.909E-03,66.541E-03,66.541E-03,18.038E-03,342.04E-03,354.00E-03,-91.245E-03,0.9662E+00,-14.94E+00,Error,NAN,5.1933E+00,5.0771E+00,139.63E-03,25.249E-03,1.011E+00,2.025E+00,NAN,NAN,NAN,NAN,NAN,NAN,NAN,NAN,NAN,0.000E+00,0.000E+00,0.000E+00,-1.0176E-03,0.000E+00,0.0000E+00,0.0000E+00,0.0000E+00,127.19E-06,0.0000E+00,17.954E-09,0.000E+00,0.000E+00,Error,Error,Error,NAN,55.811E-03,-61.777E-03,5.9213E-03,-5.8674E-03,Error,Error,NAN,NAN,NAN,NAN,NAN,NAN,NAN,NAN,NAN,NAN,NAN
  154,  2025/12/19,09:05:10,5.1345E+00,5.7004E+00,5.1322E+00,5.1322E+00,153.93E-03,68.982E-03,73.859E-03,66.496E-03,66.496E-03,18.349E-03,341.77E-03,354.19E-03,-92.943E-03,0.9650E+00,-15.21E+00,Error,NAN,5.2060E+00,5.0723E+00,149.28E-03,22.100E-03,1.014E+00,2.164E+00,NAN,NAN,NAN,NAN,NAN,NAN,NAN,NAN,NAN,0.000E+00,0.000E+00,0.000E+00,-1.4656E-03,0.000E+00,0.0000E+00,0.0000E+00,0.0000E+00,156.23E-06,0.0000E+00,-161.09E-09,0.000E+00,0.000E+00,Error,Error,Error,NAN,55.811E-03,-63.366E-03,6.0229E-03,-6.7821E-03,Error,Error,NAN,NAN,NAN,NAN,NAN,NAN,NAN,NAN,NAN,NAN,NAN
  155,  2025/12/19,09:05:10,5.1347E+00,5.7008E+00,5.1325E+00,5.1325E+00,149.07E-03,69.363E-03,73.902E-03,66.535E-03,66.535E-03,19.603E-03,341.97E-03,356.16E-03,-99.528E-03,0.9602E+00,-16.23E+00,Error,NAN,5.2028E+00,5.0755E+00,153.65E-03,23.726E-03,1.013E+00,2.215E+00,NAN,NAN,NAN,NAN,NAN,NAN,NAN,NAN,NAN,0.000E+00,0.000E+00,0.000E+00,-1.1636E-03,0.000E+00,0.0000E+00,0.0000E+00,0.0000E+00,133.23E-06,0.0000E+00,-54.016E-09,0.000E+00,0.000E+00,Error,Error,Error,NAN,74.880E-03,-64.955E-03,6.4294E-03,-6.0707E-03,Error,Error,NAN,NAN,NAN,NAN,NAN,NAN,NAN,NAN,NAN,NAN,NAN
  156,  2025/12/19,09:05:10,5.1346E+00,5.7006E+00,5.1323E+00,5.1323E+00,153.85E-03,68.979E-03,73.877E-03,66.513E-03,66.513E-03,18.280E-03,341.81E-03,354.18E-03,-92.773E-03,0.9651E+00,-15.18E+00,Error,NAN,5.1965E+00,5.0787E+00,146.13E-03,24.437E-03,1.012E+00,2.118E+00,NAN,NAN,NAN,NAN,NAN,NAN,NAN,NAN,NAN,0.000E+00,0.000E+00,0.000E+00,-1.2702E-03,0.000E+00,0.0000E+00,0.0000E+00,0.0000E+00,104.43E-06,0.0000E+00,160.92E-09,0.000E+00,0.000E+00,Error,Error,Error,NAN,71.702E-03,-63.366E-03,7.5473E-03,-5.6642E-03,Error,Error,NAN,NAN,NAN,NAN,NAN,NAN,NAN,NAN,NAN,NAN,NAN
  157,  2025/12/19,09:05:10,5.1348E+00,5.7010E+00,5.1327E+00,5.1327E+00,149.02E-03,68.838E-03,73.839E-03,66.479E-03,66.479E-03,17.869E-03,341.74E-03,353.47E-03,-90.306E-03,0.9668E+00,-14.80E+00,Error,NAN,5.1965E+00,5.0739E+00,149.38E-03,23.116E-03,1.012E+00,2.170E+00,NAN,NAN,NAN,NAN,NAN,NAN,NAN,NAN,NAN,0.000E+00,0.000E+00,0.000E+00,-1.1675E-03,0.000E+00,0.0000E+00,0.0000E+00,0.0000E+00,150.89E-06,0.0000E+00,249.33E-09,0.000E+00,0.000E+00,Error,Error,Error,NAN,60.579E-03,-63.366E-03,6.6327E-03,-6.5788E-03,Error,Error,NAN,NAN,NAN,NAN,NAN,NAN,NAN,NAN,NAN,NAN,NAN
  158,  2025/12/19,09:05:10,5.1348E+00,5.7008E+00,5.1325E+00,5.1325E+00,153.95E-03,69.295E-03,73.848E-03,66.486E-03,66.486E-03,19.529E-03,341.75E-03,355.82E-03,-99.067E-03,0.9605E+00,-16.17E+00,Error,NAN,5.1933E+00,5.0787E+00,154.56E-03,19.256E-03,1.011E+00,2.230E+00,NAN,NAN,NAN,NAN,NAN,NAN,NAN,NAN,NAN,0.000E+00,0.000E+00,0.000E+00,-1.3551E-03,0.000E+00,0.0000E+00,0.0000E+00,0.0000E+00,137.14E-06,0.0000E+00,-500.20E-09,0.000E+00,0.000E+00,Error,Error,Error,NAN,57.401E-03,-63.366E-03,7.0392E-03,-6.4772E-03,Error,Error,NAN,NAN,NAN,NAN,NAN,NAN,NAN,NAN,NAN,NAN,NAN
  159,  2025/12/19,09:05:11,5.1345E+00,5.7004E+00,5.1322E+00,5.1322E+00,153.96E-03,69.047E-03,73.925E-03,66.556E-03,66.556E-03,18.381E-03,342.23E-03,354.52E-03,-92.545E-03,0.9653E+00,-15.13E+00,Error,NAN,5.1933E+00,5.0771E+00,137.70E-03,24.640E-03,1.011E+00,1.994E+00,NAN,NAN,NAN,NAN,NAN,NAN,NAN,NAN,NAN,0.000E+00,0.000E+00,0.000E+00,-1.3898E-03,0.000E+00,0.0000E+00,0.0000E+00,0.0000E+00,123.33E-06,0.0000E+00,-182.61E-09,0.000E+00,0.000E+00,Error,Error,Error,NAN,65.346E-03,-76.078E-03,6.1245E-03,-5.9690E-03,Error,Error,NAN,NAN,NAN,NAN,NAN,NAN,NAN,NAN,NAN,NAN,NAN
  160,  2025/12/19,09:05:11,5.1351E+00,5.7013E+00,5.1330E+00,5.1330E+00,149.06E-03,69.339E-03,73.933E-03,66.563E-03,66.563E-03,19.422E-03,342.09E-03,356.06E-03,-98.771E-03,0.9608E+00,-16.10E+00,Error,NAN,5.1981E+00,5.0723E+00,138.61E-03,22.303E-03,1.012E+00,1.999E+00,NAN,NAN,NAN,NAN,NAN,NAN,NAN,NAN,NAN,0.000E+00,0.000E+00,0.000E+00,-1.6077E-03,0.000E+00,0.0000E+00,0.0000E+00,0.0000E+00,140.55E-06,0.0000E+00,408.57E-09,0.000E+00,0.000E+00,Error,Error,Error,NAN,52.633E-03,-63.366E-03,6.4294E-03,-5.7658E-03,Error,Error,NAN,NAN,NAN,NAN,NAN,NAN,NAN,NAN,NAN,NAN,NAN
  161,  2025/12/19,09:05:12,5.1346E+00,5.7007E+00,5.1325E+00,5.1325E+00,149.03E-03,69.061E-03,73.840E-03,66.480E-03,66.480E-03,18.706E-03,341.73E-03,354.60E-03,-94.697E-03,0.9637E+00,-15.49E+00,Error,NAN,5.1996E+00,5.0723E+00,135.87E-03,23.522E-03,1.013E+00,1.967E+00,NAN,NAN,NAN,NAN,NAN,NAN,NAN,NAN,NAN,0.000E+00,0.000E+00,0.000E+00,-1.2064E-03,0.000E+00,0.0000E+00,0.0000E+00,0.0000E+00,139.22E-06,0.0000E+00,-1.5741E-09,0.000E+00,0.000E+00,Error,Error,Error,NAN,54.222E-03,-64.955E-03,7.7505E-03,-6.2739E-03,Error,Error,NAN,NAN,NAN,NAN,NAN,NAN,NAN,NAN,NAN,NAN,NAN
  162,  2025/12/19,09:05:12,5.1347E+00,5.7006E+00,5.1323E+00,5.1323E+00,153.91E-03,68.938E-03,73.861E-03,66.498E-03,66.498E-03,18.178E-03,341.81E-03,353.97E-03,-91.996E-03,0.9656E+00,-15.06E+00,Error,NAN,5.1917E+00,5.0819E+00,138.31E-03,21.389E-03,1.011E+00,2.006E+00,NAN,NAN,NAN,NAN,NAN,NAN,NAN,NAN,NAN,0.000E+00,0.000E+00,0.000E+00,-1.0160E-03,0.000E+00,0.0000E+00,0.0000E+00,0.0000E+00,146.89E-06,0.0000E+00,-131.27E-09,0.000E+00,0.000E+00,Error,Error,Error,NAN,60.579E-03,-60.188E-03,6.8359E-03,-5.8674E-03,Error,Error,NAN,NAN,NAN,NAN,NAN,NAN,NAN,NAN,NAN,NAN,NAN
  163,  2025/12/19,09:05:12,5.1345E+00,5.7006E+00,5.1324E+00,5.1324E+00,149.03E-03,69.402E-03,73.918E-03,66.549E-03,66.549E-03,19.695E-03,342.03E-03,356.35E-03,-100.01E-03,0.9598E+00,-16.30E+00,Error,NAN,5.1949E+00,5.0803E+00,144.61E-03,21.796E-03,1.012E+00,2.084E+00,NAN,NAN,NAN,NAN,NAN,NAN,NAN,NAN,NAN,0.000E+00,0.000E+00,0.000E+00,-1.3938E-03,0.000E+00,0.0000E+00,0.0000E+00,0.0000E+00,123.15E-06,0.0000E+00,73.894E-09,0.000E+00,0.000E+00,Error,Error,Error,NAN,73.291E-03,-63.366E-03,6.7343E-03,-5.9690E-03,Error,Error,NAN,NAN,NAN,NAN,NAN,NAN,NAN,NAN,NAN,NAN,NAN
  164,  2025/12/19,09:05:12,5.1344E+00,5.7003E+00,5.1321E+00,5.1321E+00,153.86E-03,68.736E-03,73.895E-03,66.529E-03,66.529E-03,17.277E-03,342.02E-03,352.92E-03,-87.015E-03,0.9691E+00,-14.27E+00,Error,NAN,5.1949E+00,5.0691E+00,133.33E-03,25.452E-03,1.012E+00,1.940E+00,NAN,NAN,NAN,NAN,NAN,NAN,NAN,NAN,NAN,0.000E+00,0.000E+00,0.000E+00,-1.2900E-03,0.000E+00,0.0000E+00,0.0000E+00,0.0000E+00,127.71E-06,0.0000E+00,48.999E-09,0.000E+00,0.000E+00,Error,Error,Error,NAN,76.469E-03,-79.256E-03,5.7180E-03,-6.5788E-03,Error,Error,NAN,NAN,NAN,NAN,NAN,NAN,NAN,NAN,NAN,NAN,NAN
  165,  2025/12/19,09:05:12,5.1346E+00,5.7007E+00,5.1324E+00,5.1324E+00,149.07E-03,69.372E-03,73.898E-03,66.532E-03,66.532E-03,19.646E-03,342.01E-03,356.20E-03,-99.533E-03,0.9602E+00,-16.23E+00,Error,NAN,5.1996E+00,5.0787E+00,144.30E-03,22.507E-03,1.013E+00,2.080E+00,NAN,NAN,NAN,NAN,NAN,NAN,NAN,NAN,NAN,0.000E+00,0.000E+00,0.000E+00,-1.0253E-03,0.000E+00,0.0000E+00,0.0000E+00,0.0000E+00,117.86E-06,0.0000E+00,143.68E-09,0.000E+00,0.000E+00,Error,Error,Error,NAN,57.401E-03,-66.544E-03,6.2261E-03,-6.4772E-03,Error,Error,NAN,NAN,NAN,NAN,NAN,NAN,NAN,NAN,NAN,NAN,NAN
  166,  2025/12/19,09:05:12,5.1344E+00,5.7004E+00,5.1321E+00,5.1321E+00,153.94E-03,69.077E-03,73.931E-03,66.561E-03,66.561E-03,18.471E-03,342.09E-03,354.67E-03,-93.639E-03,0.9645E+00,-15.31E+00,Error,NAN,5.1981E+00,5.0755E+00,132.93E-03,24.030E-03,1.012E+00,1.924E+00,NAN,NAN,NAN,NAN,NAN,NAN,NAN,NAN,NAN,0.000E+00,0.000E+00,0.000E+00,-1.3749E-03,0.000E+00,0.0000E+00,0.0000E+00,0.0000E+00,119.57E-06,0.0000E+00,278.68E-09,0.000E+00,0.000E+00,Error,Error,Error,NAN,63.757E-03,-58.599E-03,7.6489E-03,-5.8674E-03,Error,Error,NAN,NAN,NAN,NAN,NAN,NAN,NAN,NAN,NAN,NAN,NAN
  167,  2025/12/19,09:05:12,5.1347E+00,5.7008E+00,5.1325E+00,5.1325E+00,149.04E-03,68.981E-03,73.892E-03,66.526E-03,66.526E-03,18.238E-03,341.93E-03,354.19E-03,-92.386E-03,0.9654E+00,-15.12E+00,Error,NAN,5.2028E+00,5.0787E+00,150.30E-03,24.640E-03,1.013E+00,2.179E+00,NAN,NAN,NAN,NAN,NAN,NAN,NAN,NAN,NAN,0.000E+00,0.000E+00,0.000E+00,-1.1117E-03,0.000E+00,0.0000E+00,0.0000E+00,0.0000E+00,157.16E-06,0.0000E+00,-173.89E-09,0.000E+00,0.000E+00,Error,Error,Error,NAN,58.990E-03,-58.599E-03,6.3278E-03,-5.9690E-03,Error,Error,NAN,NAN,NAN,NAN,NAN,NAN,NAN,NAN,NAN,NAN,NAN
  168,  2025/12/19,09:05:13,5.1345E+00,5.7005E+00,5.1322E+00,5.1322E+00,153.94E-03,69.214E-03,73.854E-03,66.492E-03,66.492E-03,19.221E-03,341.71E-03,355.38E-03,-97.615E-03,0.9615E+00,-15.94E+00,Error,NAN,5.2076E+00,5.0787E+00,169.39E-03,23.218E-03,1.014E+00,2.447E+00,NAN,NAN,NAN,NAN,NAN,NAN,NAN,NAN,NAN,0.000E+00,0.000E+00,0.000E+00,-1.2234E-03,0.000E+00,0.0000E+00,0.0000E+00,0.0000E+00,114.19E-06,0.0000E+00,269.40E-09,0.000E+00,0.000E+00,Error,Error,Error,NAN,58.990E-03,-58.599E-03,6.3278E-03,-6.0707E-03,Error,Error,NAN,NAN,NAN,NAN,NAN,NAN,NAN,NAN,NAN,NAN,NAN
  169,  2025/12/19,09:05:13,5.1348E+00,5.7009E+00,5.1326E+00,5.1326E+00,149.00E-03,69.055E-03,73.906E-03,66.539E-03,66.539E-03,18.469E-03,342.05E-03,354.58E-03,-93.440E-03,0.9647E+00,-15.28E+00,Error,NAN,5.1996E+00,5.0819E+00,141.56E-03,24.132E-03,1.013E+00,2.050E+00,NAN,NAN,NAN,NAN,NAN,NAN,NAN,NAN,NAN,0.000E+00,0.000E+00,0.000E+00,-1.4128E-03,0.000E+00,0.0000E+00,0.0000E+00,0.0000E+00,168.54E-06,0.0000E+00,516.30E-09,0.000E+00,0.000E+00,Error,Error,Error,NAN,54.222E-03,-69.722E-03,7.3440E-03,-7.9000E-03,Error,Error,NAN,NAN,NAN,NAN,NAN,NAN,NAN,NAN,NAN,NAN,NAN
  170,  2025/12/19,09:05:13,5.1345E+00,5.7004E+00,5.1322E+00,5.1322E+00,153.96E-03,69.265E-03,73.922E-03,66.553E-03,66.553E-03,19.189E-03,342.03E-03,355.64E-03,-97.442E-03,0.9617E+00,-15.90E+00,Error,NAN,5.2044E+00,5.0787E+00,141.05E-03,23.014E-03,1.014E+00,2.036E+00,NAN,NAN,NAN,NAN,NAN,NAN,NAN,NAN,NAN,0.000E+00,0.000E+00,0.000E+00,-1.2126E-03,0.000E+00,0.0000E+00,0.0000E+00,0.0000E+00,166.92E-06,0.0000E+00,-65.968E-09,0.000E+00,0.000E+00,Error,Error,Error,NAN,66.935E-03,-64.955E-03,6.9375E-03,-7.0869E-03,Error,Error,NAN,NAN,NAN,NAN,NAN,NAN,NAN,NAN,NAN,NAN,NAN
  171,  2025/12/19,09:05:13,5.1345E+00,5.7006E+00,5.1323E+00,5.1323E+00,149.03E-03,68.963E-03,73.900E-03,66.534E-03,66.534E-03,18.144E-03,341.95E-03,354.09E-03,-91.911E-03,0.9657E+00,-15.04E+00,Error,NAN,5.1933E+00,5.0803E+00,134.96E-03,24.945E-03,1.011E+00,1.957E+00,NAN,NAN,NAN,NAN,NAN,NAN,NAN,NAN,NAN,0.000E+00,0.000E+00,0.000E+00,-1.3445E-03,0.000E+00,0.0000E+00,0.0000E+00,0.0000E+00,192.55E-06,0.0000E+00,61.693E-09,0.000E+00,0.000E+00,Error,Error,Error,NAN,58.990E-03,-66.544E-03,6.4294E-03,-6.0707E-03,Error,Error,NAN,NAN,NAN,NAN,NAN,NAN,NAN,NAN,NAN,NAN,NAN
  172,  2025/12/19,09:05:13,5.1343E+00,5.7002E+00,5.1320E+00,5.1320E+00,153.93E-03,69.071E-03,73.881E-03,66.516E-03,66.516E-03,18.611E-03,341.99E-03,354.63E-03,-93.830E-03,0.9644E+00,-15.34E+00,Error,NAN,5.1949E+00,5.0644E+00,150.80E-03,22.811E-03,1.012E+00,2.183E+00,NAN,NAN,NAN,NAN,NAN,NAN,NAN,NAN,NAN,0.000E+00,0.000E+00,0.000E+00,-1.4577E-03,0.000E+00,0.0000E+00,0.0000E+00,0.0000E+00,193.82E-06,0.0000E+00,-88.283E-09,0.000E+00,0.000E+00,Error,Error,Error,NAN,57.401E-03,-58.599E-03,7.4457E-03,-6.2739E-03,Error,Error,NAN,NAN,NAN,NAN,NAN,NAN,NAN,NAN,NAN,NAN,NAN
  173,  2025/12/19,09:05:13,5.1338E+00,5.6998E+00,5.1316E+00,5.1316E+00,148.99E-03,69.033E-03,73.908E-03,66.540E-03,66.540E-03,18.383E-03,342.00E-03,354.40E-03,-92.914E-03,0.9650E+00,-15.20E+00,Error,NAN,5.1901E+00,5.0803E+00,144.51E-03,21.084E-03,1.011E+00,2.093E+00,NAN,NAN,NAN,NAN,NAN,NAN,NAN,NAN,NAN,0.000E+00,0.000E+00,0.000E+00,-1.5676E-03,0.000E+00,0.0000E+00,0.0000E+00,0.0000E+00,187.89E-06,0.0000E+00,-83.200E-09,0.000E+00,0.000E+00,Error,Error,Error,NAN,58.990E-03,-58.599E-03,6.3278E-03,-5.7658E-03,Error,Error,NAN,NAN,NAN,NAN,NAN,NAN,NAN,NAN,NAN,NAN,NAN
  174,  2025/12/19,09:05:13,5.1343E+00,5.7002E+00,5.1320E+00,5.1320E+00,153.89E-03,69.327E-03,73.887E-03,66.522E-03,66.522E-03,19.520E-03,341.88E-03,355.94E-03,-99.057E-03,0.9605E+00,-16.16E+00,Error,NAN,5.1949E+00,5.0644E+00,140.24E-03,24.030E-03,1.012E+00,2.023E+00,NAN,NAN,NAN,NAN,NAN,NAN,NAN,NAN,NAN,0.000E+00,0.000E+00,0.000E+00,-1.3192E-03,0.000E+00,0.0000E+00,0.0000E+00,0.0000E+00,155.53E-06,0.0000E+00,-178.61E-09,0.000E+00,0.000E+00,Error,Error,Error,NAN,51.044E-03,-63.366E-03,6.9375E-03,-6.7821E-03,Error,Error,NAN,NAN,NAN,NAN,NAN,NAN,NAN,NAN,NAN,NAN,NAN
  175,  2025/12/19,09:05:13,5.1348E+00,5.7009E+00,5.1326E+00,5.1326E+00,149.05E-03,69.166E-03,73.917E-03,66.549E-03,66.549E-03,18.848E-03,342.06E-03,355.15E-03,-95.533E-03,0.9631E+00,-15.60E+00,Error,NAN,5.1949E+00,5.0500E+00,138.00E-03,22.608E-03,1.012E+00,1.995E+00,NAN,NAN,NAN,NAN,NAN,NAN,NAN,NAN,NAN,0.000E+00,0.000E+00,0.000E+00,-1.3364E-03,0.000E+00,0.0000E+00,0.0000E+00,0.0000E+00,133.58E-06,0.0000E+00,652.35E-09,0.000E+00,0.000E+00,Error,Error,Error,NAN,66.935E-03,-66.544E-03,6.1245E-03,-6.0707E-03,Error,Error,NAN,NAN,NAN,NAN,NAN,NAN,NAN,NAN,NAN,NAN,NAN
  176,  2025/12/19,09:05:13,5.1340E+00,5.6999E+00,5.1317E+00,5.1317E+00,153.94E-03,68.737E-03,73.910E-03,66.543E-03,66.543E-03,17.228E-03,341.91E-03,352.90E-03,-87.356E-03,0.9689E+00,-14.33E+00,Error,NAN,5.1917E+00,5.0787E+00,131.00E-03,25.046E-03,1.011E+00,1.906E+00,NAN,NAN,NAN,NAN,NAN,NAN,NAN,NAN,NAN,0.000E+00,0.000E+00,0.000E+00,-1.4860E-03,0.000E+00,0.0000E+00,0.0000E+00,0.0000E+00,167.82E-06,0.0000E+00,-479.27E-09,0.000E+00,0.000E+00,Error,Error,Error,NAN,58.990E-03,-63.366E-03,6.1245E-03,-5.6642E-03,Error,Error,NAN,NAN,NAN,NAN,NAN,NAN,NAN,NAN,NAN,NAN,NAN
  177,  2025/12/19,09:05:13,5.1345E+00,5.7006E+00,5.1324E+00,5.1324E+00,149.05E-03,69.413E-03,73.889E-03,66.523E-03,66.523E-03,19.819E-03,341.91E-03,356.40E-03,-100.61E-03,0.9593E+00,-16.40E+00,Error,NAN,5.1933E+00,5.0755E+00,143.39E-03,21.186E-03,1.011E+00,2.066E+00,NAN,NAN,NAN,NAN,NAN,NAN,NAN,NAN,NAN,0.000E+00,0.000E+00,0.000E+00,-1.5098E-03,0.000E+00,0.0000E+00,0.0000E+00,0.0000E+00,159.79E-06,0.0000E+00,311.95E-09,0.000E+00,0.000E+00,Error,Error,Error,NAN,58.990E-03,-64.955E-03,6.2261E-03,-7.1886E-03,Error,Error,NAN,NAN,NAN,NAN,NAN,NAN,NAN,NAN,NAN,NAN,NAN
  178,  2025/12/19,09:05:14,5.1342E+00,5.7001E+00,5.1319E+00,5.1319E+00,153.91E-03,69.068E-03,73.896E-03,66.530E-03,66.530E-03,18.550E-03,341.94E-03,354.61E-03,-93.925E-03,0.9643E+00,-15.36E+00,Error,NAN,5.1996E+00,5.0723E+00,134.75E-03,23.929E-03,1.013E+00,1.951E+00,NAN,NAN,NAN,NAN,NAN,NAN,NAN,NAN,NAN,0.000E+00,0.000E+00,0.000E+00,-1.9494E-03,0.000E+00,0.0000E+00,0.0000E+00,0.0000E+00,122.41E-06,0.0000E+00,-122.96E-09,0.000E+00,0.000E+00,Error,Error,Error,NAN,60.579E-03,-61.777E-03,8.1571E-03,-6.1723E-03,Error,Error,NAN,NAN,NAN,NAN,NAN,NAN,NAN,NAN,NAN,NAN,NAN
  179,  2025/12/19,09:05:14,5.1348E+00,5.7009E+00,5.1326E+00,5.1326E+00,149.05E-03,69.082E-03,73.913E-03,66.545E-03,66.545E-03,18.549E-03,342.09E-03,354.72E-03,-93.810E-03,0.9644E+00,-15.34E+00,Error,NAN,5.1996E+00,5.0787E+00,154.26E-03,22.811E-03,1.013E+00,2.233E+00,NAN,NAN,NAN,NAN,NAN,NAN,NAN,NAN,NAN,0.000E+00,0.000E+00,0.000E+00,-1.4610E-03,0.000E+00,0.0000E+00,0.0000E+00,0.0000E+00,130.12E-06,0.0000E+00,-68.162E-09,0.000E+00,0.000E+00,Error,Error,Error,NAN,62.168E-03,-58.599E-03,5.8196E-03,-6.0707E-03,Error,Error,NAN,NAN,NAN,NAN,NAN,NAN,NAN,NAN,NAN,NAN,NAN
  180,  2025/12/19,09:05:14,5.1341E+00,5.7000E+00,5.1318E+00,5.1318E+00,153.94E-03,69.549E-03,73.907E-03,66.539E-03,66.539E-03,20.238E-03,342.00E-03,357.07E-03,-102.63E-03,0.9578E+00,-16.70E+00,Error,NAN,5.1933E+00,5.0739E+00,145.83E-03,22.100E-03,1.012E+00,2.097E+00,NAN,NAN,NAN,NAN,NAN,NAN,NAN,NAN,NAN,0.000E+00,0.000E+00,0.000E+00,-1.3857E-03,0.000E+00,0.0000E+00,0.0000E+00,0.0000E+00,119.63E-06,0.0000E+00,29.714E-09,0.000E+00,0.000E+00,Error,Error,Error,NAN,55.811E-03,-63.366E-03,6.4294E-03,-6.5788E-03,Error,Error,NAN,NAN,NAN,NAN,NAN,NAN,NAN,NAN,NAN,NAN,NAN
  181,  2025/12/19,09:05:14,5.1343E+00,5.7002E+00,5.1320E+00,5.1320E+00,153.96E-03,69.411E-03,73.894E-03,66.528E-03,66.528E-03,19.798E-03,341.86E-03,356.38E-03,-100.68E-03,0.9593E+00,-16.41E+00,Error,NAN,5.1981E+00,5.0739E+00,144.91E-03,23.726E-03,1.012E+00,2.088E+00,NAN,NAN,NAN,NAN,NAN,NAN,NAN,NAN,NAN,0.000E+00,0.000E+00,0.000E+00,-1.1755E-03,0.000E+00,0.0000E+00,0.0000E+00,0.0000E+00,141.95E-06,0.0000E+00,203.92E-09,0.000E+00,0.000E+00,Error,Error,Error,NAN,66.935E-03,-61.777E-03,6.6327E-03,-6.4772E-03,Error,Error,NAN,NAN,NAN,NAN,NAN,NAN,NAN,NAN,NAN,NAN,NAN
  182,  2025/12/19,09:05:14,5.1345E+00,5.7006E+00,5.1324E+00,5.1324E+00,149.02E-03,69.184E-03,73.911E-03,66.543E-03,66.543E-03,18.933E-03,342.07E-03,355.23E-03,-95.787E-03,0.9630E+00,-15.64E+00,Error,NAN,5.1965E+00,5.0803E+00,141.46E-03,24.233E-03,1.012E+00,2.045E+00,NAN,NAN,NAN,NAN,NAN,NAN,NAN,NAN,NAN,0.000E+00,0.000E+00,0.000E+00,-1.1910E-03,0.000E+00,0.0000E+00,0.0000E+00,0.0000E+00,199.50E-06,0.0000E+00,-161.87E-09,0.000E+00,0.000E+00,Error,Error,Error,NAN,66.935E-03,-68.133E-03,5.9213E-03,-5.9690E-03,Error,Error,NAN,NAN,NAN,NAN,NAN,NAN,NAN,NAN,NAN,NAN,NAN
  183,  2025/12/19,09:05:14,5.1343E+00,5.7002E+00,5.1320E+00,5.1320E+00,153.86E-03,68.919E-03,73.892E-03,66.526E-03,66.526E-03,18.003E-03,341.98E-03,353.85E-03,-90.865E-03,0.9665E+00,-14.88E+00,Error,NAN,5.1996E+00,5.0660E+00,133.74E-03,22.608E-03,1.013E+00,1.941E+00,NAN,NAN,NAN,NAN,NAN,NAN,NAN,NAN,NAN,0.000E+00,0.000E+00,0.000E+00,-1.3421E-03,0.000E+00,0.0000E+00,0.0000E+00,0.0000E+00,174.92E-06,0.0000E+00,-168.32E-09,0.000E+00,0.000E+00,Error,Error,Error,NAN,58.990E-03,-64.955E-03,7.0392E-03,-7.1886E-03,Error,Error,NAN,NAN,NAN,NAN,NAN,NAN,NAN,NAN,NAN,NAN,NAN
  184,  2025/12/19,09:05:14,5.1343E+00,5.7004E+00,5.1321E+00,5.1321E+00,149.01E-03,69.197E-03,73.869E-03,66.506E-03,66.506E-03,19.111E-03,341.87E-03,355.28E-03,-96.692E-03,0.9623E+00,-15.79E+00,Error,NAN,5.1933E+00,5.0771E+00,137.09E-03,21.796E-03,1.011E+00,1.981E+00,NAN,NAN,NAN,NAN,NAN,NAN,NAN,NAN,NAN,0.000E+00,0.000E+00,0.000E+00,-1.3301E-03,0.000E+00,0.0000E+00,0.0000E+00,0.0000E+00,202.60E-06,0.0000E+00,-312.58E-09,0.000E+00,0.000E+00,Error,Error,Error,NAN,65.346E-03,-60.188E-03,6.3278E-03,-5.8674E-03,Error,Error,NAN,NAN,NAN,NAN,NAN,NAN,NAN,NAN,NAN,NAN,NAN
  185,  2025/12/19,09:05:14,5.1344E+00,5.7003E+00,5.1321E+00,5.1321E+00,153.94E-03,69.035E-03,73.860E-03,66.497E-03,66.497E-03,18.547E-03,341.79E-03,354.45E-03,-93.897E-03,0.9643E+00,-15.36E+00,Error,NAN,5.1981E+00,5.0771E+00,140.75E-03,22.710E-03,1.012E+00,2.039E+00,NAN,NAN,NAN,NAN,NAN,NAN,NAN,NAN,NAN,0.000E+00,0.000E+00,0.000E+00,-1.3308E-03,0.000E+00,0.0000E+00,0.0000E+00,0.0000E+00,157.10E-06,0.0000E+00,-364.55E-09,0.000E+00,0.000E+00,Error,Error,Error,NAN,66.935E-03,-68.133E-03,6.4294E-03,-6.3756E-03,Error,Error,NAN,NAN,NAN,NAN,NAN,NAN,NAN,NAN,NAN,NAN,NAN
  186,  2025/12/19,09:05:14,5.1346E+00,5.7007E+00,5.1324E+00,5.1324E+00,149.00E-03,69.009E-03,73.824E-03,66.465E-03,66.465E-03,18.563E-03,341.64E-03,354.33E-03,-93.977E-03,0.9642E+00,-15.38E+00,Error,NAN,5.2076E+00,5.0707E+00,131.91E-03,24.640E-03,1.014E+00,1.911E+00,NAN,NAN,NAN,NAN,NAN,NAN,NAN,NAN,NAN,0.000E+00,0.000E+00,0.000E+00,-1.0929E-03,0.000E+00,0.0000E+00,0.0000E+00,0.0000E+00,158.40E-06,0.0000E+00,410.87E-09,0.000E+00,0.000E+00,Error,Error,Error,NAN,54.222E-03,-60.188E-03,6.6327E-03,-6.3756E-03,Error,Error,NAN,NAN,NAN,NAN,NAN,NAN,NAN,NAN,NAN,NAN,NAN
  187,  2025/12/19,09:05:15,5.1343E+00,5.7002E+00,5.1320E+00,5.1320E+00,153.94E-03,69.037E-03,73.827E-03,66.468E-03,66.468E-03,18.657E-03,341.58E-03,354.45E-03,-94.654E-03,0.9637E+00,-15.49E+00,Error,NAN,5.2060E+00,5.0803E+00,137.90E-03,21.897E-03,1.014E+00,1.998E+00,NAN,NAN,NAN,NAN,NAN,NAN,NAN,NAN,NAN,0.000E+00,0.000E+00,0.000E+00,-1.0975E-03,0.000E+00,0.0000E+00,0.0000E+00,0.0000E+00,102.98E-06,0.0000E+00,290.77E-09,0.000E+00,0.000E+00,Error,Error,Error,NAN,58.990E-03,-66.544E-03,6.7343E-03,-6.6804E-03,Error,Error,NAN,NAN,NAN,NAN,NAN,NAN,NAN,NAN,NAN,NAN,NAN
  188,  2025/12/19,09:05:15,5.1347E+00,5.7008E+00,5.1325E+00,5.1325E+00,149.02E-03,69.064E-03,73.830E-03,66.470E-03,66.470E-03,18.749E-03,341.64E-03,354.62E-03,-95.075E-03,0.9634E+00,-15.55E+00,Error,NAN,5.1965E+00,5.0739E+00,157.91E-03,23.522E-03,1.012E+00,2.286E+00,NAN,NAN,NAN,NAN,NAN,NAN,NAN,NAN,NAN,0.000E+00,0.000E+00,0.000E+00,-1.3891E-03,0.000E+00,0.0000E+00,0.0000E+00,0.0000E+00,119.87E-06,0.0000E+00,-59.612E-09,0.000E+00,0.000E+00,Error,Error,Error,NAN,57.401E-03,-63.366E-03,6.6327E-03,-5.8674E-03,Error,Error,NAN,NAN,NAN,NAN,NAN,NAN,NAN,NAN,NAN,NAN,NAN
  189,  2025/12/19,09:05:15,5.1346E+00,5.7005E+00,5.1323E+00,5.1323E+00,153.98E-03,68.974E-03,73.847E-03,66.486E-03,66.486E-03,18.357E-03,341.78E-03,354.15E-03,-92.793E-03,0.9651E+00,-15.19E+00,Error,NAN,5.1965E+00,5.0771E+00,142.37E-03,23.827E-03,1.012E+00,2.064E+00,NAN,NAN,NAN,NAN,NAN,NAN,NAN,NAN,NAN,0.000E+00,0.000E+00,0.000E+00,-1.1948E-03,0.000E+00,0.0000E+00,0.0000E+00,0.0000E+00,135.41E-06,0.0000E+00,-83.501E-09,0.000E+00,0.000E+00,Error,Error,Error,NAN,52.633E-03,-61.777E-03,6.9375E-03,-7.2902E-03,Error,Error,NAN,NAN,NAN,NAN,NAN,NAN,NAN,NAN,NAN,NAN,NAN
  190,  2025/12/19,09:05:15,5.1349E+00,5.7010E+00,5.1327E+00,5.1327E+00,149.04E-03,69.283E-03,73.808E-03,66.451E-03,66.451E-03,19.608E-03,341.62E-03,355.76E-03,-99.294E-03,0.9603E+00,-16.21E+00,Error,NAN,5.1917E+00,5.0755E+00,141.66E-03,23.319E-03,1.011E+00,2.045E+00,NAN,NAN,NAN,NAN,NAN,NAN,NAN,NAN,NAN,0.000E+00,0.000E+00,0.000E+00,-1.6035E-03,0.000E+00,0.0000E+00,0.0000E+00,0.0000E+00,155.12E-06,0.0000E+00,-38.596E-09,0.000E+00,0.000E+00,Error,Error,Error,NAN,55.811E-03,-66.544E-03,6.3278E-03,-8.2048E-03,Error,Error,NAN,NAN,NAN,NAN,NAN,NAN,NAN,NAN,NAN,NAN,NAN
  191,  2025/12/19,09:05:15,5.1346E+00,5.7005E+00,5.1323E+00,5.1323E+00,153.94E-03,69.029E-03,73.878E-03,66.514E-03,66.514E-03,18.464E-03,341.92E-03,354.44E-03,-93.341E-03,0.9647E+00,-15.27E+00,Error,NAN,5.2076E+00,5.0787E+00,134.45E-03,22.608E-03,1.014E+00,1.948E+00,NAN,NAN,NAN,NAN,NAN,NAN,NAN,NAN,NAN,0.000E+00,0.000E+00,0.000E+00,-1.2213E-03,0.000E+00,0.0000E+00,0.0000E+00,0.0000E+00,142.69E-06,0.0000E+00,-220.93E-09,0.000E+00,0.000E+00,Error,Error,Error,NAN,57.401E-03,-63.366E-03,6.1245E-03,-7.0869E-03,Error,Error,NAN,NAN,NAN,NAN,NAN,NAN,NAN,NAN,NAN,NAN,NAN
  192,  2025/12/19,09:05:15,5.1347E+00,5.7008E+00,5.1325E+00,5.1325E+00,149.04E-03,69.042E-03,73.898E-03,66.531E-03,66.531E-03,18.452E-03,342.04E-03,354.51E-03,-93.223E-03,0.9648E+00,-15.25E+00,Error,NAN,5.1965E+00,5.0835E+00,142.47E-03,24.741E-03,1.012E+00,2.064E+00,NAN,NAN,NAN,NAN,NAN,NAN,NAN,NAN,NAN,0.000E+00,0.000E+00,0.000E+00,-1.4332E-03,0.000E+00,0.0000E+00,0.0000E+00,0.0000E+00,183.78E-06,0.0000E+00,-306.47E-09,0.000E+00,0.000E+00,Error,Error,Error,NAN,65.346E-03,-57.010E-03,6.9375E-03,-5.4609E-03,Error,Error,NAN,NAN,NAN,NAN,NAN,NAN,NAN,NAN,NAN,NAN,NAN
  193,  2025/12/19,09:05:15,5.1349E+00,5.7009E+00,5.1326E+00,5.1326E+00,153.91E-03,68.948E-03,73.874E-03,66.510E-03,66.510E-03,18.172E-03,341.87E-03,354.04E-03,-92.060E-03,0.9656E+00,-15.07E+00,Error,NAN,5.2092E+00,5.0739E+00,144.10E-03,23.116E-03,1.014E+00,2.090E+00,NAN,NAN,NAN,NAN,NAN,NAN,NAN,NAN,NAN,0.000E+00,0.000E+00,0.000E+00,-1.3171E-03,0.000E+00,0.0000E+00,0.0000E+00,0.0000E+00,180.92E-06,0.0000E+00,-183.27E-09,0.000E+00,0.000E+00,Error,Error,Error,NAN,57.401E-03,-61.777E-03,6.7343E-03,-6.1723E-03,Error,Error,NAN,NAN,NAN,NAN,NAN,NAN,NAN,NAN,NAN,NAN,NAN
  194,  2025/12/19,09:05:15,5.1351E+00,5.7012E+00,5.1329E+00,5.1329E+00,149.05E-03,69.401E-03,73.855E-03,66.493E-03,66.493E-03,19.878E-03,341.73E-03,356.38E-03,-101.12E-03,0.9589E+00,-16.48E+00,Error,NAN,5.1949E+00,5.0771E+00,137.60E-03,20.170E-03,1.012E+00,1.983E+00,NAN,NAN,NAN,NAN,NAN,NAN,NAN,NAN,NAN,0.000E+00,0.000E+00,0.000E+00,-1.1105E-03,0.000E+00,0.0000E+00,0.0000E+00,0.0000E+00,206.37E-06,0.0000E+00,229.30E-09,0.000E+00,0.000E+00,Error,Error,Error,NAN,57.401E-03,-63.366E-03,6.7343E-03,-5.8674E-03,Error,Error,NAN,NAN,NAN,NAN,NAN,NAN,NAN,NAN,NAN,NAN,NAN
  195,  2025/12/19,09:05:15,5.1348E+00,5.7008E+00,5.1325E+00,5.1325E+00,153.97E-03,68.869E-03,73.836E-03,66.476E-03,66.476E-03,17.997E-03,341.71E-03,353.63E-03,-91.017E-03,0.9663E+00,-14.91E+00,Error,NAN,5.1885E+00,5.0787E+00,140.75E-03,25.351E-03,1.010E+00,2.044E+00,NAN,NAN,NAN,NAN,NAN,NAN,NAN,NAN,NAN,0.000E+00,0.000E+00,0.000E+00,-1.4489E-03,0.000E+00,0.0000E+00,0.0000E+00,0.0000E+00,241.13E-06,0.0000E+00,-420.59E-09,0.000E+00,0.000E+00,Error,Error,Error,NAN,70.113E-03,-84.023E-03,6.7343E-03,-6.3756E-03,Error,Error,NAN,NAN,NAN,NAN,NAN,NAN,NAN,NAN,NAN,NAN,NAN
  196,  2025/12/19,09:05:16,5.1350E+00,5.7010E+00,5.1327E+00,5.1327E+00,153.96E-03,68.891E-03,73.828E-03,66.468E-03,66.468E-03,18.108E-03,341.78E-03,353.76E-03,-91.253E-03,0.9662E+00,-14.95E+00,Error,NAN,5.1981E+00,5.0755E+00,160.76E-03,24.538E-03,1.012E+00,2.334E+00,NAN,NAN,NAN,NAN,NAN,NAN,NAN,NAN,NAN,0.000E+00,0.000E+00,0.000E+00,-1.3216E-03,0.000E+00,0.0000E+00,0.0000E+00,0.0000E+00,174.17E-06,0.0000E+00,-414.23E-09,0.000E+00,0.000E+00,Error,Error,Error,NAN,57.401E-03,-68.133E-03,6.5310E-03,-5.5625E-03,Error,Error,NAN,NAN,NAN,NAN,NAN,NAN,NAN,NAN,NAN,NAN,NAN
  197,  2025/12/19,09:05:16,5.1350E+00,5.7011E+00,5.1328E+00,5.1328E+00,149.06E-03,69.598E-03,73.822E-03,66.463E-03,66.463E-03,20.653E-03,341.59E-03,357.39E-03,-105.09E-03,0.9558E+00,-17.10E+00,Error,NAN,5.2156E+00,5.0755E+00,133.53E-03,23.827E-03,1.016E+00,1.919E+00,NAN,NAN,NAN,NAN,NAN,NAN,NAN,NAN,NAN,0.000E+00,0.000E+00,0.000E+00,-1.3192E-03,0.000E+00,0.0000E+00,0.0000E+00,0.0000E+00,168.10E-06,0.0000E+00,282.08E-09,0.000E+00,0.000E+00,Error,Error,Error,NAN,66.935E-03,-66.544E-03,5.9213E-03,-5.7658E-03,Error,Error,NAN,NAN,NAN,NAN,NAN,NAN,NAN,NAN,NAN,NAN,NAN
  198,  2025/12/19,09:05:16,5.1351E+00,5.7011E+00,5.1328E+00,5.1328E+00,153.89E-03,68.679E-03,73.871E-03,66.507E-03,66.507E-03,17.134E-03,341.84E-03,352.67E-03,-86.729E-03,0.9693E+00,-14.24E+00,Error,NAN,5.2044E+00,5.0787E+00,123.38E-03,24.335E-03,1.013E+00,1.796E+00,NAN,NAN,NAN,NAN,NAN,NAN,NAN,NAN,NAN,0.000E+00,0.000E+00,0.000E+00,-1.5938E-03,0.000E+00,0.0000E+00,0.0000E+00,0.0000E+00,144.34E-06,0.0000E+00,163.79E-09,0.000E+00,0.000E+00,Error,Error,Error,NAN,63.757E-03,-61.777E-03,5.7180E-03,-6.2739E-03,Error,Error,NAN,NAN,NAN,NAN,NAN,NAN,NAN,NAN,NAN,NAN,NAN
  199,  2025/12/19,09:05:16,5.1348E+00,5.7009E+00,5.1326E+00,5.1326E+00,149.04E-03,69.203E-03,73.825E-03,66.466E-03,66.466E-03,19.272E-03,341.58E-03,355.34E-03,-97.932E-03,0.9613E+00,-16.00E+00,Error,NAN,5.1933E+00,5.0755E+00,147.96E-03,22.811E-03,1.011E+00,2.138E+00,NAN,NAN,NAN,NAN,NAN,NAN,NAN,NAN,NAN,0.000E+00,0.000E+00,0.000E+00,-1.4894E-03,0.000E+00,0.0000E+00,0.0000E+00,0.0000E+00,186.64E-06,0.0000E+00,167.99E-09,0.000E+00,0.000E+00,Error,Error,Error,NAN,58.990E-03,-63.366E-03,5.8196E-03,-5.8674E-03,Error,Error,NAN,NAN,NAN,NAN,NAN,NAN,NAN,NAN,NAN,NAN,NAN
  200,  2025/12/19,09:05:16,5.1349E+00,5.7008E+00,5.1325E+00,5.1325E+00,153.94E-03,69.011E-03,73.895E-03,66.529E-03,66.529E-03,18.342E-03,342.06E-03,354.36E-03,-92.567E-03,0.9653E+00,-15.14E+00,Error,NAN,5.1949E+00,5.0787E+00,137.80E-03,24.132E-03,1.012E+00,1.997E+00,NAN,NAN,NAN,NAN,NAN,NAN,NAN,NAN,NAN,0.000E+00,0.000E+00,0.000E+00,-1.7005E-03,0.000E+00,0.0000E+00,0.0000E+00,0.0000E+00,152.98E-06,0.0000E+00,114.83E-09,0.000E+00,0.000E+00,Error,Error,Error,NAN,54.222E-03,-60.188E-03,8.0554E-03,-5.9690E-03,Error,Error,NAN,NAN,NAN,NAN,NAN,NAN,NAN,NAN,NAN,NAN,NAN
  201,  2025/12/19,09:05:16,5.1350E+00,5.7012E+00,5.1329E+00,5.1329E+00,149.06E-03,69.186E-03,73.953E-03,66.581E-03,66.581E-03,18.806E-03,342.24E-03,355.27E-03,-95.335E-03,0.9633E+00,-15.57E+00,Error,NAN,5.2028E+00,5.0819E+00,136.68E-03,21.084E-03,1.013E+00,1.976E+00,NAN,NAN,NAN,NAN,NAN,NAN,NAN,NAN,NAN,0.000E+00,0.000E+00,0.000E+00,-1.4599E-03,0.000E+00,0.0000E+00,0.0000E+00,0.0000E+00,199.29E-06,0.0000E+00,428.27E-09,0.000E+00,0.000E+00,Error,Error,Error,NAN,58.990E-03,-63.366E-03,6.3278E-03,-5.8674E-03,Error,Error,NAN,NAN,NAN,NAN,NAN,NAN,NAN,NAN,NAN,NAN,NAN
  202,  2025/12/19,09:05:17,5.1346E+00,5.7006E+00,5.1323E+00,5.1323E+00,153.91E-03,69.033E-03,73.943E-03,66.572E-03,66.572E-03,18.271E-03,342.13E-03,354.46E-03,-92.679E-03,0.9652E+00,-15.16E+00,Error,NAN,5.1949E+00,5.0771E+00,138.61E-03,24.945E-03,1.012E+00,2.008E+00,NAN,NAN,NAN,NAN,NAN,NAN,NAN,NAN,NAN,0.000E+00,0.000E+00,0.000E+00,-1.5025E-03,0.000E+00,0.0000E+00,0.0000E+00,0.0000E+00,192.80E-06,0.0000E+00,243.69E-09,0.000E+00,0.000E+00,Error,Error,Error,NAN,57.401E-03,-55.421E-03,6.6327E-03,-6.7821E-03,Error,Error,NAN,NAN,NAN,NAN,NAN,NAN,NAN,NAN,NAN,NAN,NAN
  203,  2025/12/19,09:05:17,5.1351E+00,5.7013E+00,5.1330E+00,5.1330E+00,149.04E-03,69.179E-03,73.903E-03,66.536E-03,66.536E-03,18.938E-03,342.04E-03,355.24E-03,-95.962E-03,0.9628E+00,-15.67E+00,Error,NAN,5.2060E+00,5.0803E+00,138.41E-03,22.608E-03,1.014E+00,2.001E+00,NAN,NAN,NAN,NAN,NAN,NAN,NAN,NAN,NAN,0.000E+00,0.000E+00,0.000E+00,-1.4610E-03,0.000E+00,0.0000E+00,0.0000E+00,0.0000E+00,150.41E-06,0.0000E+00,-355.18E-09,0.000E+00,0.000E+00,Error,Error,Error,NAN,57.401E-03,-61.777E-03,6.1245E-03,-7.1886E-03,Error,Error,NAN,NAN,NAN,NAN,NAN,NAN,NAN,NAN,NAN,NAN,NAN
  204,  2025/12/19,09:05:17,5.1347E+00,5.7006E+00,5.1324E+00,5.1324E+00,153.96E-03,69.117E-03,73.904E-03,66.537E-03,66.537E-03,18.708E-03,341.99E-03,354.89E-03,-94.844E-03,0.9636E+00,-15.50E+00,Error,NAN,5.2012E+00,5.0771E+00,143.79E-03,22.913E-03,1.013E+00,2.080E+00,NAN,NAN,NAN,NAN,NAN,NAN,NAN,NAN,NAN,0.000E+00,0.000E+00,0.000E+00,-1.3155E-03,0.000E+00,0.0000E+00,0.0000E+00,0.0000E+00,168.30E-06,0.0000E+00,-257.73E-09,0.000E+00,0.000E+00,Error,Error,Error,NAN,60.579E-03,-64.955E-03,6.5310E-03,-8.0016E-03,Error,Error,NAN,NAN,NAN,NAN,NAN,NAN,NAN,NAN,NAN,NAN,NAN
  205,  2025/12/19,09:05:17,5.1348E+00,5.7009E+00,5.1326E+00,5.1326E+00,149.02E-03,69.037E-03,73.943E-03,66.572E-03,66.572E-03,18.282E-03,342.28E-03,354.49E-03,-92.238E-03,0.9656E+00,-15.08E+00,Error,NAN,5.1949E+00,5.0787E+00,144.61E-03,23.827E-03,1.012E+00,2.095E+00,NAN,NAN,NAN,NAN,NAN,NAN,NAN,NAN,NAN,0.000E+00,0.000E+00,0.000E+00,-1.0694E-03,0.000E+00,0.0000E+00,0.0000E+00,0.0000E+00,154.10E-06,0.0000E+00,96.277E-09,0.000E+00,0.000E+00,Error,Error,Error,NAN,68.524E-03,-69.722E-03,6.3278E-03,-6.6804E-03,Error,Error,NAN,NAN,NAN,NAN,NAN,NAN,NAN,NAN,NAN,NAN,NAN
  206,  2025/12/19,09:05:18,5.1348E+00,5.7008E+00,5.1325E+00,5.1325E+00,153.98E-03,69.342E-03,73.893E-03,66.527E-03,66.527E-03,19.557E-03,341.95E-03,356.06E-03,-99.236E-03,0.9604E+00,-16.18E+00,Error,NAN,5.1965E+00,5.0771E+00,154.26E-03,23.624E-03,1.012E+00,2.225E+00,NAN,NAN,NAN,NAN,NAN,NAN,NAN,NAN,NAN,0.000E+00,0.000E+00,0.000E+00,-1.2464E-03,0.000E+00,0.0000E+00,0.0000E+00,0.0000E+00,145.38E-06,0.0000E+00,-29.020E-09,0.000E+00,0.000E+00,Error,Error,Error,NAN,62.168E-03,-57.010E-03,6.7343E-03,-6.6804E-03,Error,Error,NAN,NAN,NAN,NAN,NAN,NAN,NAN,NAN,NAN,NAN,NAN
  207,  2025/12/19,09:05:18,5.1351E+00,5.7013E+00,5.1330E+00,5.1330E+00,149.08E-03,69.164E-03,73.932E-03,66.563E-03,66.563E-03,18.792E-03,342.14E-03,355.17E-03,-95.315E-03,0.9633E+00,-15.57E+00,Error,NAN,5.2012E+00,5.0819E+00,141.46E-03,22.811E-03,1.013E+00,2.045E+00,NAN,NAN,NAN,NAN,NAN,NAN,NAN,NAN,NAN,0.000E+00,0.000E+00,0.000E+00,-1.2475E-03,0.000E+00,0.0000E+00,0.0000E+00,0.0000E+00,195.25E-06,0.0000E+00,292.43E-09,0.000E+00,0.000E+00,Error,Error,Error,NAN,60.579E-03,-63.366E-03,6.1245E-03,-6.1723E-03,Error,Error,NAN,NAN,NAN,NAN,NAN,NAN,NAN,NAN,NAN,NAN,NAN
  208,  2025/12/19,09:05:18,5.1348E+00,5.7008E+00,5.1325E+00,5.1325E+00,153.96E-03,68.857E-03,73.944E-03,66.573E-03,66.573E-03,17.588E-03,342.22E-03,353.57E-03,-88.842E-03,0.9679E+00,-14.55E+00,Error,NAN,5.1965E+00,5.0819E+00,132.01E-03,25.452E-03,1.012E+00,1.917E+00,NAN,NAN,NAN,NAN,NAN,NAN,NAN,NAN,NAN,0.000E+00,0.000E+00,0.000E+00,-1.3161E-03,0.000E+00,0.0000E+00,0.0000E+00,0.0000E+00,163.26E-06,0.0000E+00,6.7433E-09,0.000E+00,0.000E+00,Error,Error,Error,NAN,54.222E-03,-58.599E-03,6.3278E-03,-6.3756E-03,Error,Error,NAN,NAN,NAN,NAN,NAN,NAN,NAN,NAN,NAN,NAN,NAN
  209,  2025/12/19,09:05:18,5.1348E+00,5.7009E+00,5.1326E+00,5.1326E+00,149.07E-03,69.301E-03,73.965E-03,66.592E-03,66.592E-03,19.187E-03,342.35E-03,355.84E-03,-97.074E-03,0.9621E+00,-15.83E+00,Error,NAN,5.1965E+00,5.0787E+00,138.11E-03,21.592E-03,1.012E+00,1.993E+00,NAN,NAN,NAN,NAN,NAN,NAN,NAN,NAN,NAN,0.000E+00,0.000E+00,0.000E+00,-1.0502E-03,0.000E+00,0.0000E+00,0.0000E+00,0.0000E+00,168.33E-06,0.0000E+00,63.445E-09,0.000E+00,0.000E+00,Error,Error,Error,NAN,65.346E-03,-66.544E-03,6.5310E-03,-5.9690E-03,Error,Error,NAN,NAN,NAN,NAN,NAN,NAN,NAN,NAN,NAN,NAN,NAN
  210,  2025/12/19,09:05:18,5.1350E+00,5.7010E+00,5.1327E+00,5.1327E+00,153.97E-03,69.011E-03,73.928E-03,66.559E-03,66.559E-03,18.232E-03,342.12E-03,354.37E-03,-92.356E-03,0.9654E+00,-15.11E+00,Error,NAN,5.2076E+00,5.0787E+00,145.32E-03,25.960E-03,1.014E+00,2.106E+00,NAN,NAN,NAN,NAN,NAN,NAN,NAN,NAN,NAN,0.000E+00,0.000E+00,0.000E+00,-1.4333E-03,0.000E+00,0.0000E+00,0.0000E+00,0.0000E+00,200.02E-06,0.0000E+00,-97.152E-09,0.000E+00,0.000E+00,Error,Error,Error,NAN,63.757E-03,-58.599E-03,6.1245E-03,-5.3593E-03,Error,Error,NAN,NAN,NAN,NAN,NAN,NAN,NAN,NAN,NAN,NAN,NAN
  211,  2025/12/19,09:05:18,5.1350E+00,5.7011E+00,5.1328E+00,5.1328E+00,149.04E-03,69.455E-03,73.932E-03,66.562E-03,66.562E-03,19.836E-03,342.19E-03,356.65E-03,-100.52E-03,0.9595E+00,-16.37E+00,Error,NAN,5.1981E+00,5.0771E+00,132.82E-03,23.827E-03,1.012E+00,1.912E+00,NAN,NAN,NAN,NAN,NAN,NAN,NAN,NAN,NAN,0.000E+00,0.000E+00,0.000E+00,-1.4464E-03,0.000E+00,0.0000E+00,0.0000E+00,0.0000E+00,183.02E-06,0.0000E+00,-347.75E-09,0.000E+00,0.000E+00,Error,Error,Error,NAN,60.579E-03,-66.544E-03,6.3278E-03,-6.0707E-03,Error,Error,NAN,NAN,NAN,NAN,NAN,NAN,NAN,NAN,NAN,NAN,NAN
  212,  2025/12/19,09:05:18,5.1347E+00,5.7006E+00,5.1324E+00,5.1324E+00,153.90E-03,68.781E-03,73.877E-03,66.513E-03,66.513E-03,17.519E-03,341.92E-03,353.17E-03,-88.411E-03,0.9682E+00,-14.50E+00,Error,NAN,5.2076E+00,5.0739E+00,141.36E-03,24.437E-03,1.014E+00,2.055E+00,NAN,NAN,NAN,NAN,NAN,NAN,NAN,NAN,NAN,0.000E+00,0.000E+00,0.000E+00,-1.5233E-03,0.000E+00,0.0000E+00,0.0000E+00,0.0000E+00,150.56E-06,0.0000E+00,239.54E-09,0.000E+00,0.000E+00,Error,Error,Error,NAN,63.757E-03,-64.955E-03,8.7668E-03,-5.7658E-03,Error,Error,NAN,NAN,NAN,NAN,NAN,NAN,NAN,NAN,NAN,NAN,NAN
  213,  2025/12/19,09:05:18,5.1346E+00,5.7007E+00,5.1324E+00,5.1324E+00,149.07E-03,69.098E-03,73.911E-03,66.543E-03,66.543E-03,18.617E-03,341.97E-03,354.79E-03,-94.501E-03,0.9639E+00,-15.45E+00,Error,NAN,5.1949E+00,5.0707E+00,151.41E-03,23.319E-03,1.012E+00,2.191E+00,NAN,NAN,NAN,NAN,NAN,NAN,NAN,NAN,NAN,0.000E+00,0.000E+00,0.000E+00,-1.2721E-03,0.000E+00,0.0000E+00,0.0000E+00,0.0000E+00,164.51E-06,0.0000E+00,34.141E-09,0.000E+00,0.000E+00,Error,Error,Error,NAN,62.168E-03,-68.133E-03,6.6327E-03,-6.1723E-03,Error,Error,NAN,NAN,NAN,NAN,NAN,NAN,NAN,NAN,NAN,NAN,NAN
  214,  2025/12/19,09:05:18,5.1347E+00,5.7006E+00,5.1324E+00,5.1324E+00,153.93E-03,69.134E-03,73.911E-03,66.543E-03,66.543E-03,18.748E-03,342.05E-03,354.98E-03,-94.924E-03,0.9636E+00,-15.51E+00,Error,NAN,5.2076E+00,5.0835E+00,141.76E-03,23.421E-03,1.014E+00,2.051E+00,NAN,NAN,NAN,NAN,NAN,NAN,NAN,NAN,NAN,0.000E+00,0.000E+00,0.000E+00,-1.0606E-03,0.000E+00,0.0000E+00,0.0000E+00,0.0000E+00,98.842E-06,0.0000E+00,-278.92E-09,0.000E+00,0.000E+00,Error,Error,Error,NAN,58.990E-03,-61.777E-03,7.1408E-03,-5.8674E-03,Error,Error,NAN,NAN,NAN,NAN,NAN,NAN,NAN,NAN,NAN,NAN,NAN
  215,  2025/12/19,09:05:18,5.1346E+00,5.7007E+00,5.1325E+00,5.1325E+00,149.05E-03,69.311E-03,73.913E-03,66.545E-03,66.545E-03,19.382E-03,342.04E-03,355.88E-03,-98.278E-03,0.9611E+00,-16.03E+00,Error,NAN,5.1965E+00,5.0787E+00,148.26E-03,22.507E-03,1.012E+00,2.139E+00,NAN,NAN,NAN,NAN,NAN,NAN,NAN,NAN,NAN,0.000E+00,0.000E+00,0.000E+00,-1.1583E-03,0.000E+00,0.0000E+00,0.0000E+00,0.0000E+00,87.474E-06,0.0000E+00,589.22E-09,0.000E+00,0.000E+00,Error,Error,Error,NAN,55.811E-03,-61.777E-03,6.0229E-03,-5.6642E-03,Error,Error,NAN,NAN,NAN,NAN,NAN,NAN,NAN,NAN,NAN,NAN,NAN
  216,  2025/12/19,09:05:19,5.1346E+00,5.7006E+00,5.1323E+00,5.1323E+00,153.94E-03,68.772E-03,73.895E-03,66.529E-03,66.529E-03,17.422E-03,341.98E-03,353.12E-03,-87.983E-03,0.9685E+00,-14.43E+00,Error,NAN,5.2012E+00,5.0691E+00,133.53E-03,24.538E-03,1.013E+00,1.942E+00,NAN,NAN,NAN,NAN,NAN,NAN,NAN,NAN,NAN,0.000E+00,0.000E+00,0.000E+00,-1.3857E-03,0.000E+00,0.0000E+00,0.0000E+00,0.0000E+00,137.68E-06,0.0000E+00,427.62E-09,0.000E+00,0.000E+00,Error,Error,Error,NAN,52.633E-03,-58.599E-03,6.7343E-03,-6.3756E-03,Error,Error,NAN,NAN,NAN,NAN,NAN,NAN,NAN,NAN,NAN,NAN,NAN
  217,  2025/12/19,09:05:19,5.1350E+00,5.7011E+00,5.1328E+00,5.1328E+00,149.04E-03,69.218E-03,73.932E-03,66.562E-03,66.562E-03,18.992E-03,342.09E-03,355.43E-03,-96.481E-03,0.9625E+00,-15.75E+00,Error,NAN,5.1981E+00,5.0787E+00,146.23E-03,21.796E-03,1.012E+00,2.113E+00,NAN,NAN,NAN,NAN,NAN,NAN,NAN,NAN,NAN,0.000E+00,0.000E+00,0.000E+00,-1.5343E-03,0.000E+00,0.0000E+00,0.0000E+00,0.0000E+00,147.72E-06,0.0000E+00,38.805E-09,0.000E+00,0.000E+00,Error,Error,Error,NAN,63.757E-03,-64.955E-03,6.2261E-03,-5.4609E-03,Error,Error,NAN,NAN,NAN,NAN,NAN,NAN,NAN,NAN,NAN,NAN,NAN
  218,  2025/12/19,09:05:19,5.1347E+00,5.7007E+00,5.1324E+00,5.1324E+00,153.98E-03,68.751E-03,73.849E-03,66.487E-03,66.487E-03,17.495E-03,341.76E-03,353.02E-03,-88.441E-03,0.9681E+00,-14.51E+00,Error,NAN,5.1965E+00,5.0707E+00,135.16E-03,25.351E-03,1.012E+00,1.966E+00,NAN,NAN,NAN,NAN,NAN,NAN,NAN,NAN,NAN,0.000E+00,0.000E+00,0.000E+00,-1.2750E-03,0.000E+00,0.0000E+00,0.0000E+00,0.0000E+00,133.59E-06,0.0000E+00,141.57E-09,0.000E+00,0.000E+00,Error,Error,Error,NAN,55.811E-03,-58.599E-03,7.0392E-03,-6.2739E-03,Error,Error,NAN,NAN,NAN,NAN,NAN,NAN,NAN,NAN,NAN,NAN,NAN
  219,  2025/12/19,09:05:19,5.1353E+00,5.7015E+00,5.1332E+00,5.1332E+00,149.06E-03,69.367E-03,73.841E-03,66.480E-03,66.480E-03,19.802E-03,341.72E-03,356.22E-03,-100.61E-03,0.9593E+00,-16.41E+00,Error,NAN,5.1981E+00,5.0819E+00,150.91E-03,21.084E-03,1.012E+00,2.175E+00,NAN,NAN,NAN,NAN,NAN,NAN,NAN,NAN,NAN,0.000E+00,0.000E+00,0.000E+00,-1.2791E-03,0.000E+00,0.0000E+00,0.0000E+00,0.0000E+00,91.322E-06,0.0000E+00,-51.563E-09,0.000E+00,0.000E+00,Error,Error,Error,NAN,68.524E-03,-64.955E-03,7.5473E-03,-5.7658E-03,Error,Error,NAN,NAN,NAN,NAN,NAN,NAN,NAN,NAN,NAN,NAN,NAN
  220,  2025/12/19,09:05:19,5.1340E+00,5.6999E+00,5.1317E+00,5.1317E+00,153.91E-03,68.767E-03,73.840E-03,66.479E-03,66.479E-03,17.592E-03,341.68E-03,353.05E-03,-88.880E-03,0.9678E+00,-14.58E+00,Error,NAN,5.1917E+00,5.0707E+00,139.32E-03,23.421E-03,1.011E+00,2.026E+00,NAN,NAN,NAN,NAN,NAN,NAN,NAN,NAN,NAN,0.000E+00,0.000E+00,0.000E+00,-1.2620E-03,0.000E+00,0.0000E+00,0.0000E+00,0.0000E+00,120.73E-06,0.0000E+00,218.45E-09,0.000E+00,0.000E+00,Error,Error,Error,NAN,62.168E-03,-61.777E-03,6.3278E-03,-6.8837E-03,Error,Error,NAN,NAN,NAN,NAN,NAN,NAN,NAN,NAN,NAN,NAN,NAN
  221,  2025/12/19,09:05:19,5.1347E+00,5.7008E+00,5.1325E+00,5.1325E+00,149.03E-03,69.274E-03,73.880E-03,66.515E-03,66.515E-03,19.357E-03,341.89E-03,355.70E-03,-98.177E-03,0.9612E+00,-16.02E+00,Error,NAN,5.1949E+00,5.0755E+00,136.58E-03,22.710E-03,1.012E+00,1.972E+00,NAN,NAN,NAN,NAN,NAN,NAN,NAN,NAN,NAN,0.000E+00,0.000E+00,0.000E+00,-1.4912E-03,0.000E+00,0.0000E+00,0.0000E+00,0.0000E+00,111.99E-06,0.0000E+00,461.82E-09,0.000E+00,0.000E+00,Error,Error,Error,NAN,57.401E-03,-58.599E-03,6.0229E-03,-6.0707E-03,Error,Error,NAN,NAN,NAN,NAN,NAN,NAN,NAN,NAN,NAN,NAN,NAN
  222,  2025/12/19,09:05:19,5.1345E+00,5.7004E+00,5.1322E+00,5.1322E+00,153.86E-03,68.970E-03,73.919E-03,66.550E-03,66.550E-03,18.108E-03,342.12E-03,354.12E-03,-91.410E-03,0.9661E+00,-14.96E+00,Error,NAN,5.1949E+00,5.0739E+00,132.93E-03,24.945E-03,1.012E+00,1.927E+00,NAN,NAN,NAN,NAN,NAN,NAN,NAN,NAN,NAN,0.000E+00,0.000E+00,0.000E+00,-1.4826E-03,0.000E+00,0.0000E+00,0.0000E+00,0.0000E+00,126.44E-06,0.0000E+00,315.09E-09,0.000E+00,0.000E+00,Error,Error,Error,NAN,58.990E-03,-58.599E-03,7.0392E-03,-6.8837E-03,Error,Error,NAN,NAN,NAN,NAN,NAN,NAN,NAN,NAN,NAN,NAN,NAN
  223,  2025/12/19,09:05:19,5.1346E+00,5.7007E+00,5.1324E+00,5.1324E+00,149.00E-03,69.109E-03,73.906E-03,66.539E-03,66.539E-03,18.674E-03,342.06E-03,354.85E-03,-94.396E-03,0.9640E+00,-15.43E+00,Error,NAN,5.1933E+00,5.0739E+00,145.01E-03,25.148E-03,1.011E+00,2.098E+00,NAN,NAN,NAN,NAN,NAN,NAN,NAN,NAN,NAN,0.000E+00,0.000E+00,0.000E+00,-1.4197E-03,0.000E+00,0.0000E+00,0.0000E+00,0.0000E+00,124.51E-06,0.0000E+00,-123.67E-09,0.000E+00,0.000E+00,Error,Error,Error,NAN,60.579E-03,-64.955E-03,6.6327E-03,-6.3756E-03,Error,Error,NAN,NAN,NAN,NAN,NAN,NAN,NAN,NAN,NAN,NAN,NAN
  224,  2025/12/19,09:05:19,5.1344E+00,5.7003E+00,5.1321E+00,5.1321E+00,153.94E-03,69.233E-03,73.897E-03,66.531E-03,66.531E-03,19.151E-03,341.94E-03,355.47E-03,-97.132E-03,0.9619E+00,-15.86E+00,Error,NAN,5.1917E+00,5.0819E+00,140.24E-03,21.491E-03,1.011E+00,2.026E+00,NAN,NAN,NAN,NAN,NAN,NAN,NAN,NAN,NAN,0.000E+00,0.000E+00,0.000E+00,-1.5357E-03,0.000E+00,0.0000E+00,0.0000E+00,0.0000E+00,114.71E-06,0.0000E+00,167.71E-09,0.000E+00,0.000E+00,Error,Error,Error,NAN,55.811E-03,-66.544E-03,6.0229E-03,-6.4772E-03,Error,Error,NAN,NAN,NAN,NAN,NAN,NAN,NAN,NAN,NAN,NAN,NAN
  225,  2025/12/19,09:05:19,5.1346E+00,5.7007E+00,5.1324E+00,5.1324E+00,149.00E-03,69.282E-03,73.934E-03,66.564E-03,66.564E-03,19.217E-03,342.12E-03,355.73E-03,-97.483E-03,0.9617E+00,-15.90E+00,Error,NAN,5.1965E+00,5.0771E+00,142.17E-03,22.507E-03,1.012E+00,2.052E+00,NAN,NAN,NAN,NAN,NAN,NAN,NAN,NAN,NAN,0.000E+00,0.000E+00,0.000E+00,-1.1909E-03,0.000E+00,0.0000E+00,0.0000E+00,0.0000E+00,103.51E-06,0.0000E+00,163.94E-09,0.000E+00,0.000E+00,Error,Error,Error,NAN,49.455E-03,-60.188E-03,6.7343E-03,-6.0707E-03,Error,Error,NAN,NAN,NAN,NAN,NAN,NAN,NAN,NAN,NAN,NAN,NAN
  226,  2025/12/19,09:05:20,5.1346E+00,5.7005E+00,5.1323E+00,5.1323E+00,153.94E-03,68.908E-03,73.946E-03,66.574E-03,66.574E-03,17.781E-03,342.16E-03,353.81E-03,-90.057E-03,0.9671E+00,-14.75E+00,Error,NAN,5.1933E+00,5.0691E+00,134.04E-03,23.827E-03,1.011E+00,1.945E+00,NAN,NAN,NAN,NAN,NAN,NAN,NAN,NAN,NAN,0.000E+00,0.000E+00,0.000E+00,-1.3007E-03,0.000E+00,0.0000E+00,0.0000E+00,0.0000E+00,106.86E-06,0.0000E+00,-15.193E-09,0.000E+00,0.000E+00,Error,Error,Error,NAN,71.702E-03,-64.955E-03,6.0229E-03,-6.2739E-03,Error,Error,NAN,NAN,NAN,NAN,NAN,NAN,NAN,NAN,NAN,NAN,NAN
  227,  2025/12/19,09:05:20,5.1351E+00,5.7012E+00,5.1329E+00,5.1329E+00,149.06E-03,69.154E-03,73.904E-03,66.537E-03,66.537E-03,18.844E-03,342.04E-03,355.11E-03,-95.458E-03,0.9632E+00,-15.59E+00,Error,NAN,5.2028E+00,5.0707E+00,136.18E-03,21.694E-03,1.013E+00,1.969E+00,NAN,NAN,NAN,NAN,NAN,NAN,NAN,NAN,NAN,0.000E+00,0.000E+00,0.000E+00,-1.1981E-03,0.000E+00,0.0000E+00,0.0000E+00,0.0000E+00,132.96E-06,0.0000E+00,603.31E-09,0.000E+00,0.000E+00,Error,Error,Error,NAN,58.990E-03,-61.777E-03,7.9538E-03,-6.9853E-03,Error,Error,NAN,NAN,NAN,NAN,NAN,NAN,NAN,NAN,NAN,NAN,NAN
  228,  2025/12/19,09:05:20,5.1350E+00,5.7009E+00,5.1327E+00,5.1327E+00,153.95E-03,69.406E-03,73.916E-03,66.548E-03,66.548E-03,19.711E-03,342.12E-03,356.39E-03,-99.856E-03,0.9599E+00,-16.27E+00,Error,NAN,5.1949E+00,5.0612E+00,146.94E-03,23.624E-03,1.012E+00,2.117E+00,NAN,NAN,NAN,NAN,NAN,NAN,NAN,NAN,NAN,0.000E+00,0.000E+00,0.000E+00,-1.6631E-03,0.000E+00,0.0000E+00,0.0000E+00,0.0000E+00,149.54E-06,0.0000E+00,34.601E-09,0.000E+00,0.000E+00,Error,Error,Error,NAN,54.222E-03,-64.955E-03,6.4294E-03,-6.1723E-03,Error,Error,NAN,NAN,NAN,NAN,NAN,NAN,NAN,NAN,NAN,NAN,NAN
  229,  2025/12/19,09:05:20,5.1348E+00,5.7010E+00,5.1327E+00,5.1327E+00,149.05E-03,68.922E-03,73.892E-03,66.526E-03,66.526E-03,18.012E-03,342.01E-03,353.90E-03,-90.970E-03,0.9664E+00,-14.89E+00,Error,NAN,5.1996E+00,5.0691E+00,134.35E-03,22.710E-03,1.013E+00,1.949E+00,NAN,NAN,NAN,NAN,NAN,NAN,NAN,NAN,NAN,0.000E+00,0.000E+00,0.000E+00,-1.4284E-03,0.000E+00,0.0000E+00,0.0000E+00,0.0000E+00,147.63E-06,0.0000E+00,-385.27E-09,0.000E+00,0.000E+00,Error,Error,Error,NAN,62.168E-03,-58.599E-03,7.1408E-03,-6.0707E-03,Error,Error,NAN,NAN,NAN,NAN,NAN,NAN,NAN,NAN,NAN,NAN,NAN
  230,  2025/12/19,09:05:20,5.1346E+00,5.7006E+00,5.1323E+00,5.1323E+00,153.98E-03,69.124E-03,73.875E-03,66.511E-03,66.511E-03,18.827E-03,341.85E-03,354.93E-03,-95.452E-03,0.9632E+00,-15.60E+00,Error,NAN,5.1981E+00,5.0771E+00,147.15E-03,25.656E-03,1.012E+00,2.129E+00,NAN,NAN,NAN,NAN,NAN,NAN,NAN,NAN,NAN,0.000E+00,0.000E+00,0.000E+00,-1.3976E-03,0.000E+00,0.0000E+00,0.0000E+00,0.0000E+00,151.27E-06,0.0000E+00,165.99E-09,0.000E+00,0.000E+00,Error,Error,Error,NAN,52.633E-03,-71.311E-03,6.6327E-03,-6.4772E-03,Error,Error,NAN,NAN,NAN,NAN,NAN,NAN,NAN,NAN,NAN,NAN,NAN
  231,  2025/12/19,09:05:20,5.1352E+00,5.7013E+00,5.1330E+00,5.1330E+00,149.08E-03,69.089E-03,73.919E-03,66.551E-03,66.551E-03,18.553E-03,342.09E-03,354.78E-03,-94.044E-03,0.9642E+00,-15.37E+00,Error,NAN,5.1949E+00,5.0835E+00,144.51E-03,23.827E-03,1.012E+00,2.092E+00,NAN,NAN,NAN,NAN,NAN,NAN,NAN,NAN,NAN,0.000E+00,0.000E+00,0.000E+00,-1.5626E-03,0.000E+00,0.0000E+00,0.0000E+00,0.0000E+00,162.37E-06,0.0000E+00,220.54E-09,0.000E+00,0.000E+00,Error,Error,Error,NAN,60.579E-03,-72.900E-03,6.6327E-03,-5.9690E-03,Error,Error,NAN,NAN,NAN,NAN,NAN,NAN,NAN,NAN,NAN,NAN,NAN
  232,  2025/12/19,09:05:21,5.1352E+00,5.7013E+00,5.1330E+00,5.1330E+00,149.06E-03,69.041E-03,73.888E-03,66.522E-03,66.522E-03,18.478E-03,341.97E-03,354.54E-03,-93.568E-03,0.9645E+00,-15.30E+00,Error,NAN,5.1996E+00,5.0819E+00,142.37E-03,21.897E-03,1.013E+00,2.062E+00,NAN,NAN,NAN,NAN,NAN,NAN,NAN,NAN,NAN,0.000E+00,0.000E+00,0.000E+00,-1.3622E-03,0.000E+00,0.0000E+00,0.0000E+00,0.0000E+00,119.52E-06,0.0000E+00,74.367E-09,0.000E+00,0.000E+00,Error,Error,Error,NAN,60.579E-03,-58.599E-03,7.0392E-03,-5.7658E-03,Error,Error,NAN,NAN,NAN,NAN,NAN,NAN,NAN,NAN,NAN,NAN,NAN
  233,  2025/12/19,09:05:21,5.1348E+00,5.7008E+00,5.1325E+00,5.1325E+00,153.98E-03,69.072E-03,73.916E-03,66.548E-03,66.548E-03,18.501E-03,342.24E-03,354.67E-03,-93.103E-03,0.9649E+00,-15.22E+00,Error,NAN,5.1996E+00,5.0771E+00,131.40E-03,21.491E-03,1.013E+00,1.902E+00,NAN,NAN,NAN,NAN,NAN,NAN,NAN,NAN,NAN,0.000E+00,0.000E+00,0.000E+00,-1.3946E-03,0.000E+00,0.0000E+00,0.0000E+00,0.0000E+00,105.75E-06,0.0000E+00,-350.69E-09,0.000E+00,0.000E+00,Error,Error,Error,NAN,58.990E-03,-61.777E-03,5.9213E-03,-7.1886E-03,Error,Error,NAN,NAN,NAN,NAN,NAN,NAN,NAN,NAN,NAN,NAN,NAN
  234,  2025/12/19,09:05:21,5.1350E+00,5.7011E+00,5.1328E+00,5.1328E+00,149.02E-03,69.178E-03,73.872E-03,66.508E-03,66.508E-03,19.034E-03,341.89E-03,355.23E-03,-96.426E-03,0.9625E+00,-15.75E+00,Error,NAN,5.1917E+00,5.0755E+00,138.61E-03,23.319E-03,1.011E+00,2.004E+00,NAN,NAN,NAN,NAN,NAN,NAN,NAN,NAN,NAN,0.000E+00,0.000E+00,0.000E+00,-1.3054E-03,0.000E+00,0.0000E+00,0.0000E+00,0.0000E+00,101.07E-06,0.0000E+00,135.65E-09,0.000E+00,0.000E+00,Error,Error,Error,NAN,57.401E-03,-61.777E-03,6.2261E-03,-6.3756E-03,Error,Error,NAN,NAN,NAN,NAN,NAN,NAN,NAN,NAN,NAN,NAN,NAN
  235,  2025/12/19,09:05:21,5.1347E+00,5.7006E+00,5.1324E+00,5.1324E+00,153.94E-03,68.698E-03,73.906E-03,66.539E-03,66.539E-03,17.085E-03,341.93E-03,352.74E-03,-86.670E-03,0.9693E+00,-14.22E+00,Error,NAN,5.1917E+00,5.0771E+00,139.73E-03,24.945E-03,1.011E+00,2.034E+00,NAN,NAN,NAN,NAN,NAN,NAN,NAN,NAN,NAN,0.000E+00,0.000E+00,0.000E+00,-1.1509E-03,0.000E+00,0.0000E+00,0.0000E+00,0.0000E+00,63.169E-06,0.0000E+00,24.061E-09,0.000E+00,0.000E+00,Error,Error,Error,NAN,62.168E-03,-63.366E-03,7.4457E-03,-6.6804E-03,Error,Error,NAN,NAN,NAN,NAN,NAN,NAN,NAN,NAN,NAN,NAN,NAN
  236,  2025/12/19,09:05:21,5.1346E+00,5.7007E+00,5.1325E+00,5.1325E+00,149.05E-03,69.444E-03,73.890E-03,66.525E-03,66.525E-03,19.922E-03,341.87E-03,356.57E-03,-101.32E-03,0.9588E+00,-16.51E+00,Error,NAN,5.2012E+00,5.0835E+00,133.33E-03,22.811E-03,1.013E+00,1.920E+00,NAN,NAN,NAN,NAN,NAN,NAN,NAN,NAN,NAN,0.000E+00,0.000E+00,0.000E+00,-1.2818E-03,0.000E+00,0.0000E+00,0.0000E+00,0.0000E+00,32.321E-06,0.0000E+00,-212.72E-09,0.000E+00,0.000E+00,Error,Error,Error,NAN,60.579E-03,-61.777E-03,6.5310E-03,-6.6804E-03,Error,Error,NAN,NAN,NAN,NAN,NAN,NAN,NAN,NAN,NAN,NAN,NAN
  237,  2025/12/19,09:05:21,5.1345E+00,5.7004E+00,5.1322E+00,5.1322E+00,153.88E-03,68.985E-03,73.885E-03,66.520E-03,66.520E-03,18.276E-03,341.92E-03,354.20E-03,-92.450E-03,0.9653E+00,-15.13E+00,Error,NAN,5.1996E+00,5.0660E+00,132.42E-03,23.319E-03,1.013E+00,1.920E+00,NAN,NAN,NAN,NAN,NAN,NAN,NAN,NAN,NAN,0.000E+00,0.000E+00,0.000E+00,-942.51E-06,0.000E+00,0.0000E+00,0.0000E+00,0.0000E+00,96.282E-06,0.0000E+00,348.48E-09,0.000E+00,0.000E+00,Error,Error,Error,NAN,57.401E-03,-66.544E-03,6.9375E-03,-6.2739E-03,Error,Error,NAN,NAN,NAN,NAN,NAN,NAN,NAN,NAN,NAN,NAN,NAN
  238,  2025/12/19,09:05:21,5.1349E+00,5.7011E+00,5.1328E+00,5.1328E+00,149.03E-03,68.972E-03,73.867E-03,66.504E-03,66.504E-03,18.285E-03,341.83E-03,354.16E-03,-92.660E-03,0.9652E+00,-15.17E+00,Error,NAN,5.1965E+00,5.0819E+00,142.37E-03,25.046E-03,1.012E+00,2.064E+00,NAN,NAN,NAN,NAN,NAN,NAN,NAN,NAN,NAN,0.000E+00,0.000E+00,0.000E+00,-1.1163E-03,0.000E+00,0.0000E+00,0.0000E+00,0.0000E+00,121.95E-06,0.0000E+00,-282.77E-09,0.000E+00,0.000E+00,Error,Error,Error,NAN,57.401E-03,-69.722E-03,6.5310E-03,-6.9853E-03,Error,Error,NAN,NAN,NAN,NAN,NAN,NAN,NAN,NAN,NAN,NAN,NAN
  239,  2025/12/19,09:05:21,5.1345E+00,5.7004E+00,5.1322E+00,5.1322E+00,153.99E-03,69.594E-03,73.916E-03,66.548E-03,66.548E-03,20.366E-03,342.11E-03,357.33E-03,-103.19E-03,0.9574E+00,-16.79E+00,Error,NAN,5.1933E+00,5.0787E+00,155.88E-03,21.288E-03,1.011E+00,2.240E+00,NAN,NAN,NAN,NAN,NAN,NAN,NAN,NAN,NAN,0.000E+00,0.000E+00,0.000E+00,-1.4261E-03,0.000E+00,0.0000E+00,0.0000E+00,0.0000E+00,81.977E-06,0.0000E+00,-33.722E-09,0.000E+00,0.000E+00,Error,Error,Error,NAN,63.757E-03,-69.722E-03,6.1245E-03,-6.0707E-03,Error,Error,NAN,NAN,NAN,NAN,NAN,NAN,NAN,NAN,NAN,NAN,NAN
  240,  2025/12/19,09:05:21,5.1349E+00,5.7010E+00,5.1327E+00,5.1327E+00,149.05E-03,68.805E-03,73.913E-03,66.545E-03,66.545E-03,17.489E-03,342.02E-03,353.31E-03,-88.610E-03,0.9680E+00,-14.52E+00,Error,NAN,5.1933E+00,5.0851E+00,130.18E-03,23.522E-03,1.011E+00,1.892E+00,NAN,NAN,NAN,NAN,NAN,NAN,NAN,NAN,NAN,0.000E+00,0.000E+00,0.000E+00,-1.1600E-03,0.000E+00,0.0000E+00,0.0000E+00,0.0000E+00,110.18E-06,0.0000E+00,622.20E-09,0.000E+00,0.000E+00,Error,Error,Error,NAN,55.811E-03,-60.188E-03,6.1245E-03,-6.0707E-03,Error,Error,NAN,NAN,NAN,NAN,NAN,NAN,NAN,NAN,NAN,NAN,NAN
  241,  2025/12/19,09:05:22,5.1345E+00,5.7004E+00,5.1321E+00,5.1321E+00,153.93E-03,69.318E-03,73.926E-03,66.557E-03,66.557E-03,19.370E-03,342.17E-03,355.91E-03,-97.949E-03,0.9614E+00,-15.97E+00,Error,NAN,5.1949E+00,5.0755E+00,139.12E-03,21.389E-03,1.012E+00,2.007E+00,NAN,NAN,NAN,NAN,NAN,NAN,NAN,NAN,NAN,0.000E+00,0.000E+00,0.000E+00,-1.1569E-03,0.000E+00,0.0000E+00,0.0000E+00,0.0000E+00,87.943E-06,0.0000E+00,13.516E-09,0.000E+00,0.000E+00,Error,Error,Error,NAN,60.579E-03,-64.955E-03,6.7343E-03,-6.1723E-03,Error,Error,NAN,NAN,NAN,NAN,NAN,NAN,NAN,NAN,NAN,NAN,NAN
  242,  2025/12/19,09:05:22,5.1352E+00,5.7013E+00,5.1330E+00,5.1330E+00,149.06E-03,68.767E-03,73.885E-03,66.520E-03,66.520E-03,17.435E-03,341.96E-03,353.13E-03,-88.128E-03,0.9684E+00,-14.45E+00,Error,NAN,5.1933E+00,5.0755E+00,140.85E-03,23.421E-03,1.011E+00,2.048E+00,NAN,NAN,NAN,NAN,NAN,NAN,NAN,NAN,NAN,0.000E+00,0.000E+00,0.000E+00,-1.1925E-03,0.000E+00,0.0000E+00,0.0000E+00,0.0000E+00,67.764E-06,0.0000E+00,-230.56E-09,0.000E+00,0.000E+00,Error,Error,Error,NAN,79.647E-03,-68.133E-03,6.8359E-03,-5.7658E-03,Error,Error,NAN,NAN,NAN,NAN,NAN,NAN,NAN,NAN,NAN,NAN,NAN
  243,  2025/12/19,09:05:22,5.1345E+00,5.7005E+00,5.1322E+00,5.1322E+00,153.94E-03,69.341E-03,73.892E-03,66.526E-03,66.526E-03,19.557E-03,341.92E-03,356.03E-03,-99.240E-03,0.9604E+00,-16.18E+00,Error,NAN,5.1965E+00,5.0691E+00,154.77E-03,22.202E-03,1.012E+00,2.232E+00,NAN,NAN,NAN,NAN,NAN,NAN,NAN,NAN,NAN,0.000E+00,0.000E+00,0.000E+00,-1.2428E-03,0.000E+00,0.0000E+00,0.0000E+00,0.0000E+00,36.664E-06,0.0000E+00,164.88E-09,0.000E+00,0.000E+00,Error,Error,Error,NAN,66.935E-03,-58.599E-03,7.0392E-03,-6.0707E-03,Error,Error,NAN,NAN,NAN,NAN,NAN,NAN,NAN,NAN,NAN,NAN,NAN
  244,  2025/12/19,09:05:22,5.1349E+00,5.7011E+00,5.1328E+00,5.1328E+00,149.02E-03,69.072E-03,73.880E-03,66.515E-03,66.515E-03,18.620E-03,341.97E-03,354.68E-03,-94.082E-03,0.9642E+00,-15.38E+00,Error,NAN,5.1917E+00,5.0755E+00,137.60E-03,24.538E-03,1.011E+00,1.992E+00,NAN,NAN,NAN,NAN,NAN,NAN,NAN,NAN,NAN,0.000E+00,0.000E+00,0.000E+00,-1.3757E-03,0.000E+00,0.0000E+00,0.0000E+00,0.0000E+00,61.949E-06,0.0000E+00,-39.973E-09,0.000E+00,0.000E+00,Error,Error,Error,NAN,71.702E-03,-61.777E-03,6.6327E-03,-6.3756E-03,Error,Error,NAN,NAN,NAN,NAN,NAN,NAN,NAN,NAN,NAN,NAN,NAN
  245,  2025/12/19,09:05:22,5.1348E+00,5.7007E+00,5.1325E+00,5.1325E+00,153.98E-03,68.828E-03,73.891E-03,66.525E-03,66.525E-03,17.656E-03,341.98E-03,353.42E-03,-89.166E-03,0.9676E+00,-14.61E+00,Error,NAN,5.2076E+00,5.0755E+00,142.47E-03,24.335E-03,1.014E+00,2.070E+00,NAN,NAN,NAN,NAN,NAN,NAN,NAN,NAN,NAN,0.000E+00,0.000E+00,0.000E+00,-1.2097E-03,0.000E+00,0.0000E+00,0.0000E+00,0.0000E+00,60.350E-06,0.0000E+00,405.82E-09,0.000E+00,0.000E+00,Error,Error,Error,NAN,63.757E-03,-60.188E-03,6.3278E-03,-5.8674E-03,Error,Error,NAN,NAN,NAN,NAN,NAN,NAN,NAN,NAN,NAN,NAN,NAN
  246,  2025/12/19,09:05:22,5.1346E+00,5.7008E+00,5.1325E+00,5.1325E+00,149.05E-03,69.376E-03,73.890E-03,66.524E-03,66.524E-03,19.687E-03,341.97E-03,356.22E-03,-99.762E-03,0.9600E+00,-16.26E+00,Error,NAN,5.1965E+00,5.0675E+00,136.38E-03,23.014E-03,1.012E+00,1.966E+00,NAN,NAN,NAN,NAN,NAN,NAN,NAN,NAN,NAN,0.000E+00,0.000E+00,0.000E+00,-1.4591E-03,0.000E+00,0.0000E+00,0.0000E+00,0.0000E+00,66.278E-06,0.0000E+00,163.66E-09,0.000E+00,0.000E+00,Error,Error,Error,NAN,58.990E-03,-63.366E-03,5.9213E-03,-7.1886E-03,Error,Error,NAN,NAN,NAN,NAN,NAN,NAN,NAN,NAN,NAN,NAN,NAN
  247,  2025/12/19,09:05:22,5.1350E+00,5.7009E+00,5.1326E+00,5.1326E+00,153.91E-03,69.011E-03,73.867E-03,66.504E-03,66.504E-03,18.433E-03,341.94E-03,354.37E-03,-93.051E-03,0.9649E+00,-15.22E+00,Error,NAN,5.2012E+00,5.0771E+00,141.36E-03,23.929E-03,1.013E+00,2.048E+00,NAN,NAN,NAN,NAN,NAN,NAN,NAN,NAN,NAN,0.000E+00,0.000E+00,0.000E+00,-1.5751E-03,0.000E+00,0.0000E+00,0.0000E+00,0.0000E+00,102.26E-06,0.0000E+00,-11.295E-09,0.000E+00,0.000E+00,Error,Error,Error,NAN,58.990E-03,-66.544E-03,7.4457E-03,-6.2739E-03,Error,Error,NAN,NAN,NAN,NAN,NAN,NAN,NAN,NAN,NAN,NAN,NAN
  248,  2025/12/19,09:05:23,5.1348E+00,5.7007E+00,5.1324E+00,5.1324E+00,153.96E-03,69.280E-03,73.930E-03,66.560E-03,66.560E-03,19.223E-03,342.13E-03,355.74E-03,-97.466E-03,0.9617E+00,-15.90E+00,Error,NAN,5.1996E+00,5.0771E+00,147.86E-03,23.319E-03,1.013E+00,2.134E+00,NAN,NAN,NAN,NAN,NAN,NAN,NAN,NAN,NAN,0.000E+00,0.000E+00,0.000E+00,-1.3882E-03,0.000E+00,0.0000E+00,0.0000E+00,0.0000E+00,76.532E-06,0.0000E+00,571.56E-09,0.000E+00,0.000E+00,Error,Error,Error,NAN,57.401E-03,-60.188E-03,6.8359E-03,-6.1723E-03,Error,Error,NAN,NAN,NAN,NAN,NAN,NAN,NAN,NAN,NAN,NAN,NAN
  249,  2025/12/19,09:05:23,5.1351E+00,5.7012E+00,5.1329E+00,5.1329E+00,149.03E-03,68.764E-03,73.878E-03,66.513E-03,66.513E-03,17.450E-03,341.88E-03,353.11E-03,-88.331E-03,0.9682E+00,-14.49E+00,Error,NAN,5.1901E+00,5.0819E+00,145.83E-03,22.405E-03,1.011E+00,2.121E+00,NAN,NAN,NAN,NAN,NAN,NAN,NAN,NAN,NAN,0.000E+00,0.000E+00,0.000E+00,-1.4593E-03,0.000E+00,0.0000E+00,0.0000E+00,0.0000E+00,59.929E-06,0.0000E+00,177.71E-09,0.000E+00,0.000E+00,Error,Error,Error,NAN,65.346E-03,-66.544E-03,6.2261E-03,-6.3756E-03,Error,Error,NAN,NAN,NAN,NAN,NAN,NAN,NAN,NAN,NAN,NAN,NAN
  250,  2025/12/19,09:05:23,5.1345E+00,5.7004E+00,5.1322E+00,5.1322E+00,153.89E-03,69.543E-03,73.915E-03,66.547E-03,66.547E-03,20.194E-03,342.13E-03,357.07E-03,-102.21E-03,0.9582E+00,-16.63E+00,Error,NAN,5.2044E+00,5.0803E+00,150.80E-03,23.014E-03,1.014E+00,2.168E+00,NAN,NAN,NAN,NAN,NAN,NAN,NAN,NAN,NAN,0.000E+00,0.000E+00,0.000E+00,-1.4476E-03,0.000E+00,0.0000E+00,0.0000E+00,0.0000E+00,112.52E-06,0.0000E+00,-467.10E-09,0.000E+00,0.000E+00,Error,Error,Error,NAN,58.990E-03,-63.366E-03,6.6327E-03,-6.1723E-03,Error,Error,NAN,NAN,NAN,NAN,NAN,NAN,NAN,NAN,NAN,NAN,NAN
  251,  2025/12/19,09:05:23,5.1348E+00,5.7009E+00,5.1327E+00,5.1327E+00,149.03E-03,69.039E-03,73.919E-03,66.550E-03,66.550E-03,18.370E-03,342.06E-03,354.50E-03,-93.088E-03,0.9649E+00,-15.22E+00,Error,NAN,5.1949E+00,5.0835E+00,134.65E-03,22.507E-03,1.012E+00,1.950E+00,NAN,NAN,NAN,NAN,NAN,NAN,NAN,NAN,NAN,0.000E+00,0.000E+00,0.000E+00,-1.6466E-03,0.000E+00,0.0000E+00,0.0000E+00,0.0000E+00,149.07E-06,0.0000E+00,-507.92E-09,0.000E+00,0.000E+00,Error,Error,Error,NAN,65.346E-03,-66.544E-03,6.4294E-03,-5.6642E-03,Error,Error,NAN,NAN,NAN,NAN,NAN,NAN,NAN,NAN,NAN,NAN,NAN
  252,  2025/12/19,09:05:23,5.1347E+00,5.7007E+00,5.1324E+00,5.1324E+00,153.96E-03,68.952E-03,73.900E-03,66.533E-03,66.533E-03,18.104E-03,342.10E-03,354.05E-03,-91.204E-03,0.9663E+00,-14.93E+00,Error,NAN,5.2028E+00,5.0755E+00,128.86E-03,24.640E-03,1.013E+00,1.869E+00,NAN,NAN,NAN,NAN,NAN,NAN,NAN,NAN,NAN,0.000E+00,0.000E+00,0.000E+00,-1.7032E-03,0.000E+00,0.0000E+00,0.0000E+00,0.0000E+00,166.42E-06,0.0000E+00,-166.80E-09,0.000E+00,0.000E+00,Error,Error,Error,NAN,60.579E-03,-66.544E-03,6.7343E-03,-6.6804E-03,Error,Error,NAN,NAN,NAN,NAN,NAN,NAN,NAN,NAN,NAN,NAN,NAN
  253,  2025/12/19,09:05:23,5.1350E+00,5.7012E+00,5.1329E+00,5.1329E+00,149.06E-03,69.211E-03,73.958E-03,66.586E-03,66.586E-03,18.882E-03,342.36E-03,355.40E-03,-95.383E-03,0.9633E+00,-15.57E+00,Error,NAN,5.2044E+00,5.0723E+00,128.46E-03,22.811E-03,1.014E+00,1.856E+00,NAN,NAN,NAN,NAN,NAN,NAN,NAN,NAN,NAN,0.000E+00,0.000E+00,0.000E+00,-1.2007E-03,0.000E+00,0.0000E+00,0.0000E+00,0.0000E+00,118.98E-06,0.0000E+00,264.54E-09,0.000E+00,0.000E+00,Error,Error,Error,NAN,54.222E-03,-63.366E-03,7.0392E-03,-6.1723E-03,Error,Error,NAN,NAN,NAN,NAN,NAN,NAN,NAN,NAN,NAN,NAN,NAN
  254,  2025/12/19,09:05:24,5.1346E+00,5.7005E+00,5.1323E+00,5.1323E+00,153.94E-03,69.149E-03,73.928E-03,66.559E-03,66.559E-03,18.750E-03,342.06E-03,355.05E-03,-95.163E-03,0.9634E+00,-15.55E+00,Error,NAN,5.1933E+00,5.0755E+00,131.00E-03,22.405E-03,1.011E+00,1.894E+00,NAN,NAN,NAN,NAN,NAN,NAN,NAN,NAN,NAN,0.000E+00,0.000E+00,0.000E+00,-1.2471E-03,0.000E+00,0.0000E+00,0.0000E+00,0.0000E+00,181.91E-06,0.0000E+00,115.92E-09,0.000E+00,0.000E+00,Error,Error,Error,NAN,58.990E-03,-61.777E-03,7.1408E-03,-6.1723E-03,Error,Error,NAN,NAN,NAN,NAN,NAN,NAN,NAN,NAN,NAN,NAN,NAN
  255,  2025/12/19,09:05:24,5.1350E+00,5.7011E+00,5.1328E+00,5.1328E+00,149.04E-03,69.111E-03,73.864E-03,66.501E-03,66.501E-03,18.815E-03,341.90E-03,354.89E-03,-95.108E-03,0.9634E+00,-15.55E+00,Error,NAN,5.1933E+00,5.0819E+00,148.37E-03,23.929E-03,1.011E+00,2.147E+00,NAN,NAN,NAN,NAN,NAN,NAN,NAN,NAN,NAN,0.000E+00,0.000E+00,0.000E+00,-1.4536E-03,0.000E+00,0.0000E+00,0.0000E+00,0.0000E+00,187.28E-06,0.0000E+00,235.72E-09,0.000E+00,0.000E+00,Error,Error,Error,NAN,62.168E-03,-58.599E-03,6.7343E-03,-6.4772E-03,Error,Error,NAN,NAN,NAN,NAN,NAN,NAN,NAN,NAN,NAN,NAN,NAN
  256,  2025/12/19,09:05:24,5.1346E+00,5.7005E+00,5.1323E+00,5.1323E+00,153.98E-03,69.103E-03,73.893E-03,66.527E-03,66.527E-03,18.690E-03,341.89E-03,354.82E-03,-94.890E-03,0.9636E+00,-15.51E+00,Error,NAN,5.2044E+00,5.0691E+00,132.93E-03,22.100E-03,1.014E+00,1.924E+00,NAN,NAN,NAN,NAN,NAN,NAN,NAN,NAN,NAN,0.000E+00,0.000E+00,0.000E+00,-1.4711E-03,0.000E+00,0.0000E+00,0.0000E+00,0.0000E+00,162.07E-06,0.0000E+00,209.11E-09,0.000E+00,0.000E+00,Error,Error,Error,NAN,65.346E-03,-58.599E-03,6.1245E-03,-5.8674E-03,Error,Error,NAN,NAN,NAN,NAN,NAN,NAN,NAN,NAN,NAN,NAN,NAN
  257,  2025/12/19,09:05:24,5.1346E+00,5.7007E+00,5.1324E+00,5.1324E+00,149.00E-03,69.070E-03,73.898E-03,66.531E-03,66.531E-03,18.555E-03,341.94E-03,354.65E-03,-94.075E-03,0.9642E+00,-15.38E+00,Error,NAN,5.1933E+00,5.0755E+00,150.60E-03,25.046E-03,1.011E+00,2.180E+00,NAN,NAN,NAN,NAN,NAN,NAN,NAN,NAN,NAN,0.000E+00,0.000E+00,0.000E+00,-1.2524E-03,0.000E+00,0.0000E+00,0.0000E+00,0.0000E+00,155.03E-06,0.0000E+00,-224.11E-09,0.000E+00,0.000E+00,Error,Error,Error,NAN,58.990E-03,-60.188E-03,6.2261E-03,-5.8674E-03,Error,Error,NAN,NAN,NAN,NAN,NAN,NAN,NAN,NAN,NAN,NAN,NAN
  258,  2025/12/19,09:05:24,5.1348E+00,5.7008E+00,5.1325E+00,5.1325E+00,153.97E-03,69.227E-03,73.917E-03,66.549E-03,66.549E-03,19.069E-03,341.99E-03,355.47E-03,-96.951E-03,0.9621E+00,-15.83E+00,Error,NAN,5.1965E+00,5.0723E+00,141.46E-03,24.437E-03,1.012E+00,2.043E+00,NAN,NAN,NAN,NAN,NAN,NAN,NAN,NAN,NAN,0.000E+00,0.000E+00,0.000E+00,-1.4951E-03,0.000E+00,0.0000E+00,0.0000E+00,0.0000E+00,137.53E-06,0.0000E+00,670.68E-09,0.000E+00,0.000E+00,Error,Error,Error,NAN,81.236E-03,-58.599E-03,7.1408E-03,-6.1723E-03,Error,Error,NAN,NAN,NAN,NAN,NAN,NAN,NAN,NAN,NAN,NAN,NAN
  259,  2025/12/19,09:05:24,5.1351E+00,5.7012E+00,5.1329E+00,5.1329E+00,149.05E-03,68.827E-03,73.882E-03,66.517E-03,66.517E-03,17.682E-03,341.93E-03,353.43E-03,-89.445E-03,0.9674E+00,-14.66E+00,Error,NAN,5.1949E+00,5.0787E+00,134.86E-03,23.218E-03,1.012E+00,1.959E+00,NAN,NAN,NAN,NAN,NAN,NAN,NAN,NAN,NAN,0.000E+00,0.000E+00,0.000E+00,-1.5051E-03,0.000E+00,0.0000E+00,0.0000E+00,0.0000E+00,149.39E-06,0.0000E+00,351.01E-09,0.000E+00,0.000E+00,Error,Error,Error,NAN,68.524E-03,-74.489E-03,6.7343E-03,-5.6642E-03,Error,Error,NAN,NAN,NAN,NAN,NAN,NAN,NAN,NAN,NAN,NAN,NAN
  260,  2025/12/19,09:05:24,5.1350E+00,5.7009E+00,5.1327E+00,5.1327E+00,153.89E-03,69.260E-03,73.880E-03,66.515E-03,66.515E-03,19.305E-03,341.90E-03,355.65E-03,-97.918E-03,0.9614E+00,-15.98E+00,Error,NAN,5.2028E+00,5.0803E+00,133.33E-03,24.335E-03,1.013E+00,1.925E+00,NAN,NAN,NAN,NAN,NAN,NAN,NAN,NAN,NAN,0.000E+00,0.000E+00,0.000E+00,-1.2091E-03,0.000E+00,0.0000E+00,0.0000E+00,0.0000E+00,173.32E-06,0.0000E+00,-30.439E-09,0.000E+00,0.000E+00,Error,Error,Error,NAN,57.401E-03,-63.366E-03,6.9375E-03,-6.0707E-03,Error,Error,NAN,NAN,NAN,NAN,NAN,NAN,NAN,NAN,NAN,NAN,NAN
  261,  2025/12/19,09:05:24,5.1348E+00,5.7009E+00,5.1327E+00,5.1327E+00,149.05E-03,69.151E-03,73.943E-03,66.572E-03,66.572E-03,18.711E-03,342.22E-03,355.08E-03,-94.684E-03,0.9638E+00,-15.47E+00,Error,NAN,5.2012E+00,5.0771E+00,135.26E-03,24.640E-03,1.013E+00,1.956E+00,NAN,NAN,NAN,NAN,NAN,NAN,NAN,NAN,NAN,0.000E+00,0.000E+00,0.000E+00,-1.2452E-03,0.000E+00,0.0000E+00,0.0000E+00,0.0000E+00,166.49E-06,0.0000E+00,48.283E-09,0.000E+00,0.000E+00,Error,Error,Error,NAN,58.990E-03,-61.777E-03,6.1245E-03,-6.0707E-03,Error,Error,NAN,NAN,NAN,NAN,NAN,NAN,NAN,NAN,NAN,NAN,NAN
  262,  2025/12/19,09:05:24,5.1349E+00,5.7009E+00,5.1326E+00,5.1326E+00,153.95E-03,69.059E-03,73.974E-03,66.600E-03,66.600E-03,18.265E-03,342.40E-03,354.61E-03,-92.234E-03,0.9656E+00,-15.08E+00,Error,NAN,5.1917E+00,5.0787E+00,134.96E-03,24.030E-03,1.011E+00,1.954E+00,NAN,NAN,NAN,NAN,NAN,NAN,NAN,NAN,NAN,0.000E+00,0.000E+00,0.000E+00,-1.5460E-03,0.000E+00,0.0000E+00,0.0000E+00,0.0000E+00,163.86E-06,0.0000E+00,-14.324E-09,0.000E+00,0.000E+00,Error,Error,Error,NAN,62.168E-03,-64.955E-03,6.7343E-03,-5.9690E-03,Error,Error,NAN,NAN,NAN,NAN,NAN,NAN,NAN,NAN,NAN,NAN,NAN
  263,  2025/12/19,09:05:24,5.1350E+00,5.7012E+00,5.1328E+00,5.1328E+00,149.03E-03,69.151E-03,73.947E-03,66.575E-03,66.575E-03,18.697E-03,342.27E-03,355.09E-03,-94.562E-03,0.9639E+00,-15.44E+00,Error,NAN,5.1981E+00,5.0787E+00,135.77E-03,23.929E-03,1.012E+00,1.963E+00,NAN,NAN,NAN,NAN,NAN,NAN,NAN,NAN,NAN,0.000E+00,0.000E+00,0.000E+00,-1.2174E-03,0.000E+00,0.0000E+00,0.0000E+00,0.0000E+00,151.47E-06,0.0000E+00,15.346E-09,0.000E+00,0.000E+00,Error,Error,Error,NAN,60.579E-03,-58.599E-03,6.2261E-03,-6.5788E-03,Error,Error,NAN,NAN,NAN,NAN,NAN,NAN,NAN,NAN,NAN,NAN,NAN
  264,  2025/12/19,09:05:25,5.1347E+00,5.7006E+00,5.1324E+00,5.1324E+00,153.95E-03,69.200E-03,73.960E-03,66.588E-03,66.588E-03,18.834E-03,342.26E-03,355.32E-03,-95.437E-03,0.9633E+00,-15.58E+00,Error,NAN,5.1996E+00,5.0691E+00,147.35E-03,23.218E-03,1.013E+00,2.129E+00,NAN,NAN,NAN,NAN,NAN,NAN,NAN,NAN,NAN,0.000E+00,0.000E+00,0.000E+00,-1.3827E-03,0.000E+00,0.0000E+00,0.0000E+00,0.0000E+00,186.69E-06,0.0000E+00,487.28E-09,0.000E+00,0.000E+00,Error,Error,Error,NAN,65.346E-03,-61.777E-03,6.1245E-03,-5.9690E-03,Error,Error,NAN,NAN,NAN,NAN,NAN,NAN,NAN,NAN,NAN,NAN,NAN
  265,  2025/12/19,09:05:25,5.1346E+00,5.7007E+00,5.1324E+00,5.1324E+00,149.03E-03,69.185E-03,73.965E-03,66.592E-03,66.592E-03,18.766E-03,342.25E-03,355.24E-03,-95.186E-03,0.9634E+00,-15.54E+00,Error,NAN,5.1965E+00,5.0739E+00,140.85E-03,19.154E-03,1.012E+00,2.036E+00,NAN,NAN,NAN,NAN,NAN,NAN,NAN,NAN,NAN,0.000E+00,0.000E+00,0.000E+00,-1.2983E-03,0.000E+00,0.0000E+00,0.0000E+00,0.0000E+00,156.17E-06,0.0000E+00,135.97E-09,0.000E+00,0.000E+00,Error,Error,Error,NAN,58.990E-03,-68.133E-03,5.9213E-03,-6.3756E-03,Error,Error,NAN,NAN,NAN,NAN,NAN,NAN,NAN,NAN,NAN,NAN,NAN
  266,  2025/12/19,09:05:25,5.1347E+00,5.7006E+00,5.1323E+00,5.1323E+00,153.96E-03,69.269E-03,73.939E-03,66.569E-03,66.569E-03,19.153E-03,342.10E-03,355.67E-03,-97.312E-03,0.9618E+00,-15.88E+00,Error,NAN,5.1933E+00,5.0755E+00,161.37E-03,22.811E-03,1.011E+00,2.330E+00,NAN,NAN,NAN,NAN,NAN,NAN,NAN,NAN,NAN,0.000E+00,0.000E+00,0.000E+00,-1.3599E-03,0.000E+00,0.0000E+00,0.0000E+00,0.0000E+00,134.54E-06,0.0000E+00,-308.11E-09,0.000E+00,0.000E+00,Error,Error,Error,NAN,58.990E-03,-72.900E-03,5.7180E-03,-6.7821E-03,Error,Error,NAN,NAN,NAN,NAN,NAN,NAN,NAN,NAN,NAN,NAN,NAN
  267,  2025/12/19,09:05:25,5.1349E+00,5.7010E+00,5.1327E+00,5.1327E+00,149.04E-03,68.927E-03,73.909E-03,66.542E-03,66.542E-03,17.975E-03,342.04E-03,353.93E-03,-90.977E-03,0.9664E+00,-14.89E+00,Error,NAN,5.1996E+00,5.0691E+00,133.03E-03,24.538E-03,1.013E+00,1.930E+00,NAN,NAN,NAN,NAN,NAN,NAN,NAN,NAN,NAN,0.000E+00,0.000E+00,0.000E+00,-1.5758E-03,0.000E+00,0.0000E+00,0.0000E+00,0.0000E+00,151.16E-06,0.0000E+00,-142.19E-09,0.000E+00,0.000E+00,Error,Error,Error,NAN,63.757E-03,-61.777E-03,6.7343E-03,-8.0016E-03,Error,Error,NAN,NAN,NAN,NAN,NAN,NAN,NAN,NAN,NAN,NAN,NAN
  268,  2025/12/19,09:05:25,5.1344E+00,5.7003E+00,5.1321E+00,5.1321E+00,153.94E-03,69.213E-03,73.939E-03,66.568E-03,66.568E-03,18.952E-03,342.21E-03,355.37E-03,-95.823E-03,0.9630E+00,-15.64E+00,Error,NAN,5.2012E+00,5.0803E+00,146.44E-03,23.624E-03,1.013E+00,2.116E+00,NAN,NAN,NAN,NAN,NAN,NAN,NAN,NAN,NAN,0.000E+00,0.000E+00,0.000E+00,-1.3132E-03,0.000E+00,0.0000E+00,0.0000E+00,0.0000E+00,152.35E-06,0.0000E+00,-284.57E-09,0.000E+00,0.000E+00,Error,Error,Error,NAN,63.757E-03,-60.188E-03,6.8359E-03,-6.4772E-03,Error,Error,NAN,NAN,NAN,NAN,NAN,NAN,NAN,NAN,NAN,NAN,NAN
  269,  2025/12/19,09:05:26,5.1344E+00,5.7003E+00,5.1321E+00,5.1321E+00,153.93E-03,69.318E-03,73.917E-03,66.548E-03,66.548E-03,19.398E-03,341.97E-03,355.90E-03,-98.604E-03,0.9609E+00,-16.08E+00,Error,NAN,5.2044E+00,5.0755E+00,135.57E-03,24.741E-03,1.014E+00,1.956E+00,NAN,NAN,NAN,NAN,NAN,NAN,NAN,NAN,NAN,0.000E+00,0.000E+00,0.000E+00,-1.3906E-03,0.000E+00,0.0000E+00,0.0000E+00,0.0000E+00,100.82E-06,0.0000E+00,76.665E-09,0.000E+00,0.000E+00,Error,Error,Error,NAN,66.935E-03,-60.188E-03,6.2261E-03,-6.2739E-03,Error,Error,NAN,NAN,NAN,NAN,NAN,NAN,NAN,NAN,NAN,NAN,NAN
  270,  2025/12/19,09:05:26,5.1345E+00,5.7006E+00,5.1323E+00,5.1323E+00,149.00E-03,68.885E-03,73.926E-03,66.557E-03,66.557E-03,17.759E-03,342.20E-03,353.69E-03,-89.413E-03,0.9675E+00,-14.64E+00,Error,NAN,5.1933E+00,5.0739E+00,141.15E-03,23.929E-03,1.011E+00,2.049E+00,NAN,NAN,NAN,NAN,NAN,NAN,NAN,NAN,NAN,0.000E+00,0.000E+00,0.000E+00,-1.3597E-03,0.000E+00,0.0000E+00,0.0000E+00,0.0000E+00,81.306E-06,0.0000E+00,-331.78E-09,0.000E+00,0.000E+00,Error,Error,Error,NAN,65.346E-03,-63.366E-03,5.4131E-03,-5.6642E-03,Error,Error,NAN,NAN,NAN,NAN,NAN,NAN,NAN,NAN,NAN,NAN,NAN
  271,  2025/12/19,09:05:26,5.1341E+00,5.7000E+00,5.1318E+00,5.1318E+00,153.97E-03,69.289E-03,73.955E-03,66.583E-03,66.583E-03,19.178E-03,342.28E-03,355.74E-03,-96.944E-03,0.9622E+00,-15.81E+00,Error,NAN,5.2140E+00,5.0675E+00,146.64E-03,24.335E-03,1.016E+00,2.116E+00,NAN,NAN,NAN,NAN,NAN,NAN,NAN,NAN,NAN,0.000E+00,0.000E+00,0.000E+00,-1.4875E-03,0.000E+00,0.0000E+00,0.0000E+00,0.0000E+00,127.72E-06,0.0000E+00,-152.94E-09,0.000E+00,0.000E+00,Error,Error,Error,NAN,62.168E-03,-61.777E-03,5.9213E-03,-7.0869E-03,Error,Error,NAN,NAN,NAN,NAN,NAN,NAN,NAN,NAN,NAN,NAN,NAN
  272,  2025/12/19,09:05:26,5.1347E+00,5.7008E+00,5.1326E+00,5.1326E+00,149.04E-03,69.354E-03,73.970E-03,66.597E-03,66.597E-03,19.360E-03,342.27E-03,356.11E-03,-98.319E-03,0.9611E+00,-16.03E+00,Error,NAN,5.1949E+00,5.0835E+00,147.25E-03,25.656E-03,1.012E+00,2.123E+00,NAN,NAN,NAN,NAN,NAN,NAN,NAN,NAN,NAN,0.000E+00,0.000E+00,0.000E+00,-1.6069E-03,0.000E+00,0.0000E+00,0.0000E+00,0.0000E+00,86.683E-06,0.0000E+00,-397.07E-09,0.000E+00,0.000E+00,Error,Error,Error,NAN,62.168E-03,-64.955E-03,7.0392E-03,-6.6804E-03,Error,Error,NAN,NAN,NAN,NAN,NAN,NAN,NAN,NAN,NAN,NAN,NAN
  273,  2025/12/19,09:05:26,5.1346E+00,5.7005E+00,5.1322E+00,5.1322E+00,153.93E-03,68.874E-03,73.932E-03,66.562E-03,66.562E-03,17.696E-03,342.18E-03,353.64E-03,-89.292E-03,0.9676E+00,-14.63E+00,Error,NAN,5.1981E+00,5.0739E+00,155.58E-03,23.218E-03,1.012E+00,2.259E+00,NAN,NAN,NAN,NAN,NAN,NAN,NAN,NAN,NAN,0.000E+00,0.000E+00,0.000E+00,-1.4147E-03,0.000E+00,0.0000E+00,0.0000E+00,0.0000E+00,106.96E-06,0.0000E+00,327.42E-09,0.000E+00,0.000E+00,Error,Error,Error,NAN,65.346E-03,-66.544E-03,6.7343E-03,-6.9853E-03,Error,Error,NAN,NAN,NAN,NAN,NAN,NAN,NAN,NAN,NAN,NAN,NAN
  274,  2025/12/19,09:05:26,5.1345E+00,5.7006E+00,5.1323E+00,5.1323E+00,149.01E-03,69.168E-03,73.966E-03,66.593E-03,66.593E-03,18.699E-03,342.32E-03,355.14E-03,-94.560E-03,0.9639E+00,-15.44E+00,Error,NAN,5.1996E+00,5.0739E+00,139.53E-03,22.405E-03,1.013E+00,2.017E+00,NAN,NAN,NAN,NAN,NAN,NAN,NAN,NAN,NAN,0.000E+00,0.000E+00,0.000E+00,-962.42E-06,0.000E+00,0.0000E+00,0.0000E+00,0.0000E+00,134.17E-06,0.0000E+00,302.77E-09,0.000E+00,0.000E+00,Error,Error,Error,NAN,52.633E-03,-63.366E-03,5.7180E-03,-7.3918E-03,Error,Error,NAN,NAN,NAN,NAN,NAN,NAN,NAN,NAN,NAN,NAN,NAN
  275,  2025/12/19,09:05:26,5.1345E+00,5.7004E+00,5.1322E+00,5.1322E+00,153.88E-03,69.178E-03,73.952E-03,66.580E-03,66.580E-03,18.780E-03,342.20E-03,355.19E-03,-95.205E-03,0.9634E+00,-15.55E+00,Error,NAN,5.1965E+00,5.0644E+00,141.46E-03,24.640E-03,1.012E+00,2.045E+00,NAN,NAN,NAN,NAN,NAN,NAN,NAN,NAN,NAN,0.000E+00,0.000E+00,0.000E+00,-1.2967E-03,0.000E+00,0.0000E+00,0.0000E+00,0.0000E+00,119.65E-06,0.0000E+00,429.15E-09,0.000E+00,0.000E+00,Error,Error,Error,NAN,62.168E-03,-60.188E-03,6.2261E-03,-6.5788E-03,Error,Error,NAN,NAN,NAN,NAN,NAN,NAN,NAN,NAN,NAN,NAN,NAN
  276,  2025/12/19,09:05:26,5.1348E+00,5.7009E+00,5.1326E+00,5.1326E+00,149.05E-03,68.881E-03,73.929E-03,66.559E-03,66.559E-03,17.732E-03,342.16E-03,353.69E-03,-89.571E-03,0.9674E+00,-14.67E+00,Error,NAN,5.2108E+00,5.0755E+00,136.68E-03,24.132E-03,1.015E+00,1.984E+00,NAN,NAN,NAN,NAN,NAN,NAN,NAN,NAN,NAN,0.000E+00,0.000E+00,0.000E+00,-1.3393E-03,0.000E+00,0.0000E+00,0.0000E+00,0.0000E+00,101.29E-06,0.0000E+00,53.459E-09,0.000E+00,0.000E+00,Error,Error,Error,NAN,55.811E-03,-61.777E-03,6.1245E-03,-6.7821E-03,Error,Error,NAN,NAN,NAN,NAN,NAN,NAN,NAN,NAN,NAN,NAN,NAN
  277,  2025/12/19,09:05:26,5.1348E+00,5.7008E+00,5.1325E+00,5.1325E+00,153.95E-03,69.256E-03,73.929E-03,66.560E-03,66.560E-03,19.134E-03,342.19E-03,355.62E-03,-96.789E-03,0.9622E+00,-15.79E+00,Error,NAN,5.2076E+00,5.0819E+00,132.82E-03,22.405E-03,1.014E+00,1.918E+00,NAN,NAN,NAN,NAN,NAN,NAN,NAN,NAN,NAN,0.000E+00,0.000E+00,0.000E+00,-1.8277E-03,0.000E+00,0.0000E+00,0.0000E+00,0.0000E+00,143.52E-06,0.0000E+00,548.81E-09,0.000E+00,0.000E+00,Error,Error,Error,NAN,68.524E-03,-61.777E-03,6.3278E-03,-6.5788E-03,Error,Error,NAN,NAN,NAN,NAN,NAN,NAN,NAN,NAN,NAN,NAN,NAN
  278,  2025/12/19,09:05:26,5.1352E+00,5.7013E+00,5.1330E+00,5.1330E+00,149.05E-03,69.129E-03,73.920E-03,66.551E-03,66.551E-03,18.700E-03,342.21E-03,354.99E-03,-94.374E-03,0.9640E+00,-15.42E+00,Error,NAN,5.1996E+00,5.0739E+00,139.63E-03,23.116E-03,1.013E+00,2.020E+00,NAN,NAN,NAN,NAN,NAN,NAN,NAN,NAN,NAN,0.000E+00,0.000E+00,0.000E+00,-1.6175E-03,0.000E+00,0.0000E+00,0.0000E+00,0.0000E+00,112.61E-06,0.0000E+00,367.46E-09,0.000E+00,0.000E+00,Error,Error,Error,NAN,57.401E-03,-64.955E-03,6.4294E-03,-6.5788E-03,Error,Error,NAN,NAN,NAN,NAN,NAN,NAN,NAN,NAN,NAN,NAN,NAN
  279,  2025/12/19,09:05:27,5.1347E+00,5.7006E+00,5.1323E+00,5.1323E+00,153.96E-03,69.123E-03,73.897E-03,66.531E-03,66.531E-03,18.752E-03,341.98E-03,354.92E-03,-94.986E-03,0.9635E+00,-15.52E+00,Error,NAN,5.1949E+00,5.0835E+00,161.47E-03,20.780E-03,1.012E+00,2.336E+00,NAN,NAN,NAN,NAN,NAN,NAN,NAN,NAN,NAN,0.000E+00,0.000E+00,0.000E+00,-1.1059E-03,0.000E+00,0.0000E+00,0.0000E+00,0.0000E+00,115.78E-06,0.0000E+00,-457.88E-09,0.000E+00,0.000E+00,Error,Error,Error,NAN,79.647E-03,-61.777E-03,6.3278E-03,-5.9690E-03,Error,Error,NAN,NAN,NAN,NAN,NAN,NAN,NAN,NAN,NAN,NAN,NAN
  280,  2025/12/19,09:05:27,5.1348E+00,5.7009E+00,5.1326E+00,5.1326E+00,149.05E-03,68.968E-03,73.929E-03,66.559E-03,66.559E-03,18.067E-03,342.11E-03,354.13E-03,-91.485E-03,0.9661E+00,-14.97E+00,Error,NAN,5.1933E+00,5.0787E+00,142.17E-03,22.100E-03,1.011E+00,2.061E+00,NAN,NAN,NAN,NAN,NAN,NAN,NAN,NAN,NAN,0.000E+00,0.000E+00,0.000E+00,-1.3511E-03,0.000E+00,0.0000E+00,0.0000E+00,0.0000E+00,127.98E-06,0.0000E+00,427.80E-09,0.000E+00,0.000E+00,Error,Error,Error,NAN,70.113E-03,-72.900E-03,6.6327E-03,-6.8837E-03,Error,Error,NAN,NAN,NAN,NAN,NAN,NAN,NAN,NAN,NAN,NAN,NAN
  281,  2025/12/19,09:05:27,5.1349E+00,5.7009E+00,5.1326E+00,5.1326E+00,153.98E-03,69.474E-03,73.901E-03,66.534E-03,66.534E-03,19.997E-03,341.99E-03,356.74E-03,-101.53E-03,0.9586E+00,-16.53E+00,Error,NAN,5.1949E+00,5.0755E+00,140.34E-03,18.037E-03,1.012E+00,2.020E+00,NAN,NAN,NAN,NAN,NAN,NAN,NAN,NAN,NAN,0.000E+00,0.000E+00,0.000E+00,-1.5360E-03,0.000E+00,0.0000E+00,0.0000E+00,0.0000E+00,122.88E-06,0.0000E+00,-300.57E-09,0.000E+00,0.000E+00,Error,Error,Error,NAN,58.990E-03,-57.010E-03,6.4294E-03,-5.9690E-03,Error,Error,NAN,NAN,NAN,NAN,NAN,NAN,NAN,NAN,NAN,NAN,NAN
  282,  2025/12/19,09:05:27,5.1344E+00,5.7004E+00,5.1322E+00,5.1322E+00,149.01E-03,69.041E-03,73.918E-03,66.549E-03,66.549E-03,18.380E-03,342.02E-03,354.48E-03,-93.176E-03,0.9648E+00,-15.24E+00,Error,NAN,5.1965E+00,5.0787E+00,145.72E-03,22.303E-03,1.012E+00,2.111E+00,NAN,NAN,NAN,NAN,NAN,NAN,NAN,NAN,NAN,0.000E+00,0.000E+00,0.000E+00,-1.2853E-03,0.000E+00,0.0000E+00,0.0000E+00,0.0000E+00,149.02E-06,0.0000E+00,-184.97E-09,0.000E+00,0.000E+00,Error,Error,Error,NAN,54.222E-03,-57.010E-03,7.4457E-03,-5.9690E-03,Error,Error,NAN,NAN,NAN,NAN,NAN,NAN,NAN,NAN,NAN,NAN,NAN
  283,  2025/12/19,09:05:27,5.1344E+00,5.7003E+00,5.1321E+00,5.1321E+00,153.91E-03,69.064E-03,73.966E-03,66.592E-03,66.592E-03,18.309E-03,342.30E-03,354.60E-03,-92.590E-03,0.9653E+00,-15.14E+00,Error,NAN,5.2012E+00,5.0675E+00,158.83E-03,22.710E-03,1.013E+00,2.300E+00,NAN,NAN,NAN,NAN,NAN,NAN,NAN,NAN,NAN,0.000E+00,0.000E+00,0.000E+00,-1.1143E-03,0.000E+00,0.0000E+00,0.0000E+00,0.0000E+00,169.61E-06,0.0000E+00,172.92E-09,0.000E+00,0.000E+00,Error,Error,Error,NAN,52.633E-03,-68.133E-03,6.8359E-03,-6.0707E-03,Error,Error,NAN,NAN,NAN,NAN,NAN,NAN,NAN,NAN,NAN,NAN,NAN
  284,  2025/12/19,09:05:27,5.1350E+00,5.7011E+00,5.1328E+00,5.1328E+00,149.05E-03,69.124E-03,73.902E-03,66.535E-03,66.535E-03,18.740E-03,342.06E-03,354.95E-03,-94.799E-03,0.9637E+00,-15.49E+00,Error,NAN,5.2172E+00,5.0723E+00,143.90E-03,23.827E-03,1.016E+00,2.082E+00,NAN,NAN,NAN,NAN,NAN,NAN,NAN,NAN,NAN,0.000E+00,0.000E+00,0.000E+00,-1.2856E-03,0.000E+00,0.0000E+00,0.0000E+00,0.0000E+00,140.54E-06,0.0000E+00,436.32E-09,0.000E+00,0.000E+00,Error,Error,Error,NAN,55.811E-03,-68.133E-03,6.0229E-03,-5.6642E-03,Error,Error,NAN,NAN,NAN,NAN,NAN,NAN,NAN,NAN,NAN,NAN,NAN
  285,  2025/12/19,09:05:27,5.1346E+00,5.7005E+00,5.1323E+00,5.1323E+00,153.89E-03,69.112E-03,73.870E-03,66.506E-03,66.506E-03,18.797E-03,341.89E-03,354.86E-03,-95.060E-03,0.9635E+00,-15.54E+00,Error,NAN,5.2092E+00,5.0803E+00,127.44E-03,23.726E-03,1.015E+00,1.844E+00,NAN,NAN,NAN,NAN,NAN,NAN,NAN,NAN,NAN,0.000E+00,0.000E+00,0.000E+00,-1.6165E-03,0.000E+00,0.0000E+00,0.0000E+00,0.0000E+00,160.77E-06,0.0000E+00,-328.80E-09,0.000E+00,0.000E+00,Error,Error,Error,NAN,57.401E-03,-80.845E-03,7.0392E-03,-6.3756E-03,Error,Error,NAN,NAN,NAN,NAN,NAN,NAN,NAN,NAN,NAN,NAN,NAN
  286,  2025/12/19,09:05:27,5.1346E+00,5.7007E+00,5.1325E+00,5.1325E+00,149.07E-03,69.238E-03,73.932E-03,66.562E-03,66.562E-03,19.064E-03,342.15E-03,355.51E-03,-96.571E-03,0.9624E+00,-15.76E+00,Error,NAN,5.1949E+00,5.0787E+00,136.28E-03,21.491E-03,1.012E+00,1.968E+00,NAN,NAN,NAN,NAN,NAN,NAN,NAN,NAN,NAN,0.000E+00,0.000E+00,0.000E+00,-1.3085E-03,0.000E+00,0.0000E+00,0.0000E+00,0.0000E+00,155.66E-06,0.0000E+00,-201.30E-09,0.000E+00,0.000E+00,Error,Error,Error,NAN,58.990E-03,-61.777E-03,6.3278E-03,-5.9690E-03,Error,Error,NAN,NAN,NAN,NAN,NAN,NAN,NAN,NAN,NAN,NAN,NAN
  287,  2025/12/19,09:05:27,5.1345E+00,5.7005E+00,5.1322E+00,5.1322E+00,153.93E-03,68.844E-03,73.895E-03,66.529E-03,66.529E-03,17.702E-03,341.95E-03,353.48E-03,-89.565E-03,0.9674E+00,-14.68E+00,Error,NAN,5.1965E+00,5.0787E+00,132.93E-03,22.507E-03,1.012E+00,1.931E+00,NAN,NAN,NAN,NAN,NAN,NAN,NAN,NAN,NAN,0.000E+00,0.000E+00,0.000E+00,-1.2806E-03,0.000E+00,0.0000E+00,0.0000E+00,0.0000E+00,160.14E-06,0.0000E+00,605.44E-09,0.000E+00,0.000E+00,Error,Error,Error,NAN,54.222E-03,-64.955E-03,5.9213E-03,-6.5788E-03,Error,Error,NAN,NAN,NAN,NAN,NAN,NAN,NAN,NAN,NAN,NAN,NAN
  288,  2025/12/19,09:05:27,5.1349E+00,5.7011E+00,5.1328E+00,5.1328E+00,149.04E-03,69.386E-03,73.889E-03,66.523E-03,66.523E-03,19.725E-03,341.93E-03,356.29E-03,-100.13E-03,0.9597E+00,-16.32E+00,Error,NAN,5.1965E+00,5.0755E+00,141.76E-03,22.303E-03,1.012E+00,2.043E+00,NAN,NAN,NAN,NAN,NAN,NAN,NAN,NAN,NAN,0.000E+00,0.000E+00,0.000E+00,-1.8383E-03,0.000E+00,0.0000E+00,0.0000E+00,0.0000E+00,153.66E-06,0.0000E+00,-343.39E-09,0.000E+00,0.000E+00,Error,Error,Error,NAN,51.044E-03,-61.777E-03,6.7343E-03,-6.1723E-03,Error,Error,NAN,NAN,NAN,NAN,NAN,NAN,NAN,NAN,NAN,NAN,NAN
  289,  2025/12/19,09:05:28,5.1346E+00,5.7006E+00,5.1323E+00,5.1323E+00,153.97E-03,68.909E-03,73.924E-03,66.555E-03,66.555E-03,17.859E-03,342.04E-03,353.82E-03,-90.560E-03,0.9667E+00,-14.83E+00,Error,NAN,5.2012E+00,5.0803E+00,153.75E-03,25.452E-03,1.013E+00,2.231E+00,NAN,NAN,NAN,NAN,NAN,NAN,NAN,NAN,NAN,0.000E+00,0.000E+00,0.000E+00,-1.2739E-03,0.000E+00,0.0000E+00,0.0000E+00,0.0000E+00,91.127E-06,0.0000E+00,153.18E-09,0.000E+00,0.000E+00,Error,Error,Error,NAN,58.990E-03,-53.832E-03,6.3278E-03,-6.5788E-03,Error,Error,NAN,NAN,NAN,NAN,NAN,NAN,NAN,NAN,NAN,NAN,NAN
  290,  2025/12/19,09:05:28,5.1351E+00,5.7013E+00,5.1330E+00,5.1330E+00,149.09E-03,69.274E-03,73.944E-03,66.573E-03,66.573E-03,19.156E-03,342.17E-03,355.73E-03,-97.282E-03,0.9619E+00,-15.87E+00,Error,NAN,5.1933E+00,5.0787E+00,142.07E-03,24.233E-03,1.011E+00,2.051E+00,NAN,NAN,NAN,NAN,NAN,NAN,NAN,NAN,NAN,0.000E+00,0.000E+00,0.000E+00,-1.4855E-03,0.000E+00,0.0000E+00,0.0000E+00,0.0000E+00,125.57E-06,0.0000E+00,-216.66E-09,0.000E+00,0.000E+00,Error,Error,Error,NAN,66.935E-03,-60.188E-03,6.4294E-03,-6.3756E-03,Error,Error,NAN,NAN,NAN,NAN,NAN,NAN,NAN,NAN,NAN,NAN,NAN
  291,  2025/12/19,09:05:28,5.1348E+00,5.7008E+00,5.1325E+00,5.1325E+00,153.95E-03,68.810E-03,73.891E-03,66.526E-03,66.526E-03,17.585E-03,341.94E-03,353.33E-03,-88.983E-03,0.9678E+00,-14.59E+00,Error,NAN,5.1996E+00,5.0691E+00,145.11E-03,24.233E-03,1.013E+00,2.109E+00,NAN,NAN,NAN,NAN,NAN,NAN,NAN,NAN,NAN,0.000E+00,0.000E+00,0.000E+00,-1.4098E-03,0.000E+00,0.0000E+00,0.0000E+00,0.0000E+00,120.93E-06,0.0000E+00,224.07E-09,0.000E+00,0.000E+00,Error,Error,Error,NAN,58.990E-03,-58.599E-03,7.1408E-03,-6.4772E-03,Error,Error,NAN,NAN,NAN,NAN,NAN,NAN,NAN,NAN,NAN,NAN,NAN
  292,  2025/12/19,09:05:28,5.1348E+00,5.7009E+00,5.1326E+00,5.1326E+00,149.02E-03,68.820E-03,73.896E-03,66.530E-03,66.530E-03,17.604E-03,341.94E-03,353.37E-03,-89.170E-03,0.9676E+00,-14.62E+00,Error,NAN,5.2028E+00,5.0787E+00,130.28E-03,24.640E-03,1.013E+00,1.893E+00,NAN,NAN,NAN,NAN,NAN,NAN,NAN,NAN,NAN,0.000E+00,0.000E+00,0.000E+00,-1.3176E-03,0.000E+00,0.0000E+00,0.0000E+00,0.0000E+00,149.53E-06,0.0000E+00,224.72E-09,0.000E+00,0.000E+00,Error,Error,Error,NAN,57.401E-03,-55.421E-03,6.0229E-03,-6.7821E-03,Error,Error,NAN,NAN,NAN,NAN,NAN,NAN,NAN,NAN,NAN,NAN,NAN
  293,  2025/12/19,09:05:29,5.1346E+00,5.7006E+00,5.1323E+00,5.1323E+00,153.93E-03,69.316E-03,73.897E-03,66.530E-03,66.530E-03,19.452E-03,341.97E-03,355.91E-03,-98.629E-03,0.9608E+00,-16.09E+00,Error,NAN,5.1981E+00,5.0787E+00,163.09E-03,24.945E-03,1.012E+00,2.353E+00,NAN,NAN,NAN,NAN,NAN,NAN,NAN,NAN,NAN,0.000E+00,0.000E+00,0.000E+00,-1.5247E-03,0.000E+00,0.0000E+00,0.0000E+00,0.0000E+00,96.723E-06,0.0000E+00,421.76E-09,0.000E+00,0.000E+00,Error,Error,Error,NAN,60.579E-03,-69.722E-03,7.5473E-03,-7.3918E-03,Error,Error,NAN,NAN,NAN,NAN,NAN,NAN,NAN,NAN,NAN,NAN,NAN
  294,  2025/12/19,09:05:29,5.1346E+00,5.7007E+00,5.1325E+00,5.1325E+00,149.02E-03,69.060E-03,73.924E-03,66.555E-03,66.555E-03,18.431E-03,342.06E-03,354.60E-03,-93.468E-03,0.9646E+00,-15.28E+00,Error,NAN,5.1981E+00,5.0755E+00,141.15E-03,24.335E-03,1.012E+00,2.044E+00,NAN,NAN,NAN,NAN,NAN,NAN,NAN,NAN,NAN,0.000E+00,0.000E+00,0.000E+00,-1.7016E-03,0.000E+00,0.0000E+00,0.0000E+00,0.0000E+00,104.42E-06,0.0000E+00,-155.22E-09,0.000E+00,0.000E+00,Error,Error,Error,NAN,58.990E-03,-61.777E-03,8.0554E-03,-6.1723E-03,Error,Error,NAN,NAN,NAN,NAN,NAN,NAN,NAN,NAN,NAN,NAN,NAN
  295,  2025/12/19,09:05:29,5.1344E+00,5.7004E+00,5.1321E+00,5.1321E+00,153.96E-03,68.978E-03,73.880E-03,66.515E-03,66.515E-03,18.267E-03,341.89E-03,354.16E-03,-92.411E-03,0.9654E+00,-15.13E+00,Error,NAN,5.1949E+00,5.0771E+00,135.36E-03,21.897E-03,1.012E+00,1.962E+00,NAN,NAN,NAN,NAN,NAN,NAN,NAN,NAN,NAN,0.000E+00,0.000E+00,0.000E+00,-1.5338E-03,0.000E+00,0.0000E+00,0.0000E+00,0.0000E+00,106.54E-06,0.0000E+00,-279.95E-09,0.000E+00,0.000E+00,Error,Error,Error,NAN,52.633E-03,-66.544E-03,6.5310E-03,-6.8837E-03,Error,Error,NAN,NAN,NAN,NAN,NAN,NAN,NAN,NAN,NAN,NAN,NAN
  296,  2025/12/19,09:05:29,5.1346E+00,5.7007E+00,5.1325E+00,5.1325E+00,149.02E-03,69.437E-03,73.896E-03,66.530E-03,66.530E-03,19.884E-03,341.90E-03,356.53E-03,-101.09E-03,0.9590E+00,-16.47E+00,Error,NAN,5.1996E+00,5.0803E+00,155.48E-03,22.507E-03,1.013E+00,2.239E+00,NAN,NAN,NAN,NAN,NAN,NAN,NAN,NAN,NAN,0.000E+00,0.000E+00,0.000E+00,-1.4889E-03,0.000E+00,0.0000E+00,0.0000E+00,0.0000E+00,136.05E-06,0.0000E+00,-275.54E-09,0.000E+00,0.000E+00,Error,Error,Error,NAN,54.222E-03,-72.900E-03,6.3278E-03,-6.1723E-03,Error,Error,NAN,NAN,NAN,NAN,NAN,NAN,NAN,NAN,NAN,NAN,NAN
  297,  2025/12/19,09:05:29,5.1345E+00,5.7004E+00,5.1322E+00,5.1322E+00,153.98E-03,68.875E-03,73.866E-03,66.502E-03,66.502E-03,17.920E-03,341.83E-03,353.64E-03,-90.625E-03,0.9666E+00,-14.85E+00,Error,NAN,5.1949E+00,5.0771E+00,140.24E-03,23.421E-03,1.012E+00,2.036E+00,NAN,NAN,NAN,NAN,NAN,NAN,NAN,NAN,NAN,0.000E+00,0.000E+00,0.000E+00,-1.2906E-03,0.000E+00,0.0000E+00,0.0000E+00,0.0000E+00,128.86E-06,0.0000E+00,-30.956E-09,0.000E+00,0.000E+00,Error,Error,Error,NAN,66.935E-03,-60.188E-03,5.6164E-03,-5.5625E-03,Error,Error,NAN,NAN,NAN,NAN,NAN,NAN,NAN,NAN,NAN,NAN,NAN
  298,  2025/12/19,09:05:29,5.1351E+00,5.7013E+00,5.1329E+00,5.1329E+00,149.06E-03,68.963E-03,73.851E-03,66.489E-03,66.489E-03,18.306E-03,341.82E-03,354.13E-03,-92.565E-03,0.9652E+00,-15.15E+00,Error,NAN,5.2012E+00,5.0675E+00,131.91E-03,23.116E-03,1.013E+00,1.913E+00,NAN,NAN,NAN,NAN,NAN,NAN,NAN,NAN,NAN,0.000E+00,0.000E+00,0.000E+00,-1.2121E-03,0.000E+00,0.0000E+00,0.0000E+00,0.0000E+00,116.00E-06,0.0000E+00,-480.92E-09,0.000E+00,0.000E+00,Error,Error,Error,NAN,57.401E-03,-61.777E-03,6.9375E-03,-6.2739E-03,Error,Error,NAN,NAN,NAN,NAN,NAN,NAN,NAN,NAN,NAN,NAN,NAN
  299,  2025/12/19,09:05:29,5.1346E+00,5.7006E+00,5.1323E+00,5.1323E+00,153.88E-03,69.057E-03,73.842E-03,66.481E-03,66.481E-03,18.688E-03,341.72E-03,354.58E-03,-94.627E-03,0.9637E+00,-15.48E+00,Error,NAN,5.1981E+00,5.0787E+00,135.67E-03,23.929E-03,1.012E+00,1.965E+00,NAN,NAN,NAN,NAN,NAN,NAN,NAN,NAN,NAN,0.000E+00,0.000E+00,0.000E+00,-1.5062E-03,0.000E+00,0.0000E+00,0.0000E+00,0.0000E+00,82.156E-06,0.0000E+00,-163.98E-09,0.000E+00,0.000E+00,Error,Error,Error,NAN,76.469E-03,-63.366E-03,6.1245E-03,-6.0707E-03,Error,Error,NAN,NAN,NAN,NAN,NAN,NAN,NAN,NAN,NAN,NAN,NAN
  300,  2025/12/19,09:05:29,5.1352E+00,5.7014E+00,5.1330E+00,5.1330E+00,149.06E-03,69.170E-03,73.909E-03,66.541E-03,66.541E-03,18.886E-03,342.05E-03,355.20E-03,-95.750E-03,0.9630E+00,-15.64E+00,Error,NAN,5.2028E+00,5.0787E+00,143.79E-03,23.319E-03,1.013E+00,2.079E+00,NAN,NAN,NAN,NAN,NAN,NAN,NAN,NAN,NAN,0.000E+00,0.000E+00,0.000E+00,-1.4240E-03,0.000E+00,0.0000E+00,0.0000E+00,0.0000E+00,114.26E-06,0.0000E+00,-69.799E-09,0.000E+00,0.000E+00,Error,Error,Error,NAN,54.222E-03,-74.489E-03,6.6327E-03,-5.5625E-03,Error,Error,NAN,NAN,NAN,NAN,NAN,NAN,NAN,NAN,NAN,NAN,NAN
  301,  2025/12/19,09:05:29,5.1348E+00,5.7008E+00,5.1325E+00,5.1325E+00,153.98E-03,69.156E-03,73.889E-03,66.523E-03,66.523E-03,18.901E-03,341.96E-03,355.10E-03,-95.704E-03,0.9630E+00,-15.64E+00,Error,NAN,5.1949E+00,5.0771E+00,148.87E-03,21.999E-03,1.012E+00,2.153E+00,NAN,NAN,NAN,NAN,NAN,NAN,NAN,NAN,NAN,0.000E+00,0.000E+00,0.000E+00,-1.3182E-03,0.000E+00,0.0000E+00,0.0000E+00,0.0000E+00,87.659E-06,0.0000E+00,778.58E-09,0.000E+00,0.000E+00,Error,Error,Error,NAN,66.935E-03,-61.777E-03,6.9375E-03,-5.9690E-03,Error,Error,NAN,NAN,NAN,NAN,NAN,NAN,NAN,NAN,NAN,NAN,NAN
  302,  2025/12/19,09:05:29,5.1348E+00,5.7010E+00,5.1327E+00,5.1327E+00,149.07E-03,69.193E-03,73.900E-03,66.534E-03,66.534E-03,18.998E-03,342.06E-03,355.30E-03,-96.068E-03,0.9628E+00,-15.69E+00,Error,NAN,5.1981E+00,5.0739E+00,147.15E-03,23.929E-03,1.012E+00,2.127E+00,NAN,NAN,NAN,NAN,NAN,NAN,NAN,NAN,NAN,0.000E+00,0.000E+00,0.000E+00,-1.4773E-03,0.000E+00,0.0000E+00,0.0000E+00,0.0000E+00,77.779E-06,0.0000E+00,172.90E-09,0.000E+00,0.000E+00,Error,Error,Error,NAN,60.579E-03,-60.188E-03,6.9375E-03,-5.9690E-03,Error,Error,NAN,NAN,NAN,NAN,NAN,NAN,NAN,NAN,NAN,NAN,NAN
  303,  2025/12/19,09:05:30,5.1343E+00,5.7002E+00,5.1320E+00,5.1320E+00,153.94E-03,68.971E-03,73.891E-03,66.525E-03,66.525E-03,18.205E-03,341.84E-03,354.12E-03,-92.438E-03,0.9653E+00,-15.13E+00,Error,NAN,5.1949E+00,5.0819E+00,138.00E-03,23.726E-03,1.012E+00,2.001E+00,NAN,NAN,NAN,NAN,NAN,NAN,NAN,NAN,NAN,0.000E+00,0.000E+00,0.000E+00,-1.3289E-03,0.000E+00,0.0000E+00,0.0000E+00,0.0000E+00,101.37E-06,0.0000E+00,206.63E-09,0.000E+00,0.000E+00,Error,Error,Error,NAN,58.990E-03,-58.599E-03,6.2261E-03,-6.6804E-03,Error,Error,NAN,NAN,NAN,NAN,NAN,NAN,NAN,NAN,NAN,NAN,NAN
  304,  2025/12/19,09:05:30,5.1345E+00,5.7006E+00,5.1323E+00,5.1323E+00,149.07E-03,69.120E-03,73.877E-03,66.513E-03,66.513E-03,18.803E-03,341.91E-03,354.89E-03,-95.128E-03,0.9634E+00,-15.55E+00,Error,NAN,5.2028E+00,5.0787E+00,141.05E-03,23.014E-03,1.013E+00,2.041E+00,NAN,NAN,NAN,NAN,NAN,NAN,NAN,NAN,NAN,0.000E+00,0.000E+00,0.000E+00,-1.4486E-03,0.000E+00,0.0000E+00,0.0000E+00,0.0000E+00,67.743E-06,0.0000E+00,277.14E-09,0.000E+00,0.000E+00,Error,Error,Error,NAN,58.990E-03,-58.599E-03,5.9213E-03,-6.3756E-03,Error,Error,NAN,NAN,NAN,NAN,NAN,NAN,NAN,NAN,NAN,NAN,NAN
  305,  2025/12/19,09:05:30,5.1346E+00,5.7006E+00,5.1323E+00,5.1323E+00,153.97E-03,68.985E-03,73.872E-03,66.508E-03,66.508E-03,18.321E-03,341.84E-03,354.21E-03,-92.819E-03,0.9651E+00,-15.19E+00,Error,NAN,5.1965E+00,5.0803E+00,132.21E-03,24.030E-03,1.012E+00,1.917E+00,NAN,NAN,NAN,NAN,NAN,NAN,NAN,NAN,NAN,0.000E+00,0.000E+00,0.000E+00,-1.2858E-03,0.000E+00,0.0000E+00,0.0000E+00,0.0000E+00,110.83E-06,0.0000E+00,504.86E-09,0.000E+00,0.000E+00,Error,Error,Error,NAN,58.990E-03,-61.777E-03,7.0392E-03,-6.1723E-03,Error,Error,NAN,NAN,NAN,NAN,NAN,NAN,NAN,NAN,NAN,NAN,NAN
  306,  2025/12/19,09:05:30,5.1347E+00,5.7008E+00,5.1325E+00,5.1325E+00,149.04E-03,69.244E-03,73.865E-03,66.502E-03,66.502E-03,19.295E-03,341.81E-03,355.55E-03,-97.882E-03,0.9614E+00,-15.98E+00,Error,NAN,5.1949E+00,5.0660E+00,159.64E-03,22.710E-03,1.012E+00,2.305E+00,NAN,NAN,NAN,NAN,NAN,NAN,NAN,NAN,NAN,0.000E+00,0.000E+00,0.000E+00,-1.4335E-03,0.000E+00,0.0000E+00,0.0000E+00,0.0000E+00,99.776E-06,0.0000E+00,6.2979E-09,0.000E+00,0.000E+00,Error,Error,Error,NAN,54.222E-03,-68.133E-03,6.6327E-03,-6.1723E-03,Error,Error,NAN,NAN,NAN,NAN,NAN,NAN,NAN,NAN,NAN,NAN,NAN
  307,  2025/12/19,09:05:30,5.1348E+00,5.7010E+00,5.1327E+00,5.1327E+00,149.04E-03,68.717E-03,73.864E-03,66.501E-03,66.501E-03,17.310E-03,341.86E-03,352.85E-03,-87.386E-03,0.9688E+00,-14.34E+00,Error,NAN,5.1965E+00,5.0771E+00,133.03E-03,25.249E-03,1.012E+00,1.936E+00,NAN,NAN,NAN,NAN,NAN,NAN,NAN,NAN,NAN,0.000E+00,0.000E+00,0.000E+00,-1.1625E-03,0.000E+00,0.0000E+00,0.0000E+00,0.0000E+00,145.46E-06,0.0000E+00,-190.03E-09,0.000E+00,0.000E+00,Error,Error,Error,NAN,65.346E-03,-61.777E-03,6.0229E-03,-6.6804E-03,Error,Error,NAN,NAN,NAN,NAN,NAN,NAN,NAN,NAN,NAN,NAN,NAN
  308,  2025/12/19,09:05:31,5.1346E+00,5.7006E+00,5.1323E+00,5.1323E+00,153.95E-03,69.303E-03,73.874E-03,66.510E-03,66.510E-03,19.477E-03,341.84E-03,355.85E-03,-98.842E-03,0.9606E+00,-16.13E+00,Error,NAN,5.2012E+00,5.0787E+00,140.24E-03,23.218E-03,1.013E+00,2.024E+00,NAN,NAN,NAN,NAN,NAN,NAN,NAN,NAN,NAN,0.000E+00,0.000E+00,0.000E+00,-1.2968E-03,0.000E+00,0.0000E+00,0.0000E+00,0.0000E+00,142.62E-06,0.0000E+00,99.764E-09,0.000E+00,0.000E+00,Error,Error,Error,NAN,66.935E-03,-60.188E-03,6.0229E-03,-5.7658E-03,Error,Error,NAN,NAN,NAN,NAN,NAN,NAN,NAN,NAN,NAN,NAN,NAN
  309,  2025/12/19,09:05:31,5.1345E+00,5.7006E+00,5.1323E+00,5.1323E+00,149.02E-03,69.268E-03,73.871E-03,66.507E-03,66.507E-03,19.361E-03,341.88E-03,355.66E-03,-98.028E-03,0.9613E+00,-16.00E+00,Error,NAN,5.1933E+00,5.0739E+00,139.12E-03,22.405E-03,1.011E+00,2.008E+00,NAN,NAN,NAN,NAN,NAN,NAN,NAN,NAN,NAN,0.000E+00,0.000E+00,0.000E+00,-1.3909E-03,0.000E+00,0.0000E+00,0.0000E+00,0.0000E+00,188.65E-06,0.0000E+00,485.49E-09,0.000E+00,0.000E+00,Error,Error,Error,NAN,63.757E-03,-58.599E-03,6.3278E-03,-5.4609E-03,Error,Error,NAN,NAN,NAN,NAN,NAN,NAN,NAN,NAN,NAN,NAN,NAN
  310,  2025/12/19,09:05:31,5.1346E+00,5.7005E+00,5.1323E+00,5.1323E+00,153.96E-03,69.104E-03,73.876E-03,66.511E-03,66.511E-03,18.750E-03,341.88E-03,354.82E-03,-94.950E-03,0.9635E+00,-15.52E+00,Error,NAN,5.1981E+00,5.0723E+00,145.11E-03,22.100E-03,1.012E+00,2.100E+00,NAN,NAN,NAN,NAN,NAN,NAN,NAN,NAN,NAN,0.000E+00,0.000E+00,0.000E+00,-1.3365E-03,0.000E+00,0.0000E+00,0.0000E+00,0.0000E+00,148.09E-06,0.0000E+00,341.99E-09,0.000E+00,0.000E+00,Error,Error,Error,NAN,60.579E-03,-61.777E-03,7.4457E-03,-6.6804E-03,Error,Error,NAN,NAN,NAN,NAN,NAN,NAN,NAN,NAN,NAN,NAN,NAN
  311,  2025/12/19,09:05:31,5.1349E+00,5.7011E+00,5.1328E+00,5.1328E+00,149.06E-03,68.905E-03,73.869E-03,66.506E-03,66.506E-03,18.026E-03,341.81E-03,353.82E-03,-91.407E-03,0.9661E+00,-14.97E+00,Error,NAN,5.1901E+00,5.0787E+00,134.25E-03,23.116E-03,1.011E+00,1.948E+00,NAN,NAN,NAN,NAN,NAN,NAN,NAN,NAN,NAN,0.000E+00,0.000E+00,0.000E+00,-1.4859E-03,0.000E+00,0.0000E+00,0.0000E+00,0.0000E+00,151.42E-06,0.0000E+00,-271.79E-09,0.000E+00,0.000E+00,Error,Error,Error,NAN,57.401E-03,-58.599E-03,6.4294E-03,-7.3918E-03,Error,Error,NAN,NAN,NAN,NAN,NAN,NAN,NAN,NAN,NAN,NAN,NAN
  312,  2025/12/19,09:05:31,5.1343E+00,5.7002E+00,5.1320E+00,5.1320E+00,153.96E-03,68.969E-03,73.879E-03,66.514E-03,66.514E-03,18.238E-03,341.78E-03,354.11E-03,-92.605E-03,0.9652E+00,-15.16E+00,Error,NAN,5.2044E+00,5.0771E+00,124.19E-03,22.608E-03,1.014E+00,1.801E+00,NAN,NAN,NAN,NAN,NAN,NAN,NAN,NAN,NAN,0.000E+00,0.000E+00,0.000E+00,-1.6750E-03,0.000E+00,0.0000E+00,0.0000E+00,0.0000E+00,157.98E-06,0.0000E+00,-118.39E-09,0.000E+00,0.000E+00,Error,Error,Error,NAN,55.811E-03,-63.366E-03,6.1245E-03,-6.2739E-03,Error,Error,NAN,NAN,NAN,NAN,NAN,NAN,NAN,NAN,NAN,NAN,NAN
  313,  2025/12/19,09:05:31,5.1348E+00,5.7009E+00,5.1326E+00,5.1326E+00,149.05E-03,69.505E-03,73.915E-03,66.547E-03,66.547E-03,20.061E-03,342.06E-03,356.89E-03,-101.83E-03,0.9584E+00,-16.58E+00,Error,NAN,5.1949E+00,5.0675E+00,133.23E-03,21.186E-03,1.012E+00,1.917E+00,NAN,NAN,NAN,NAN,NAN,NAN,NAN,NAN,NAN,0.000E+00,0.000E+00,0.000E+00,-1.1979E-03,0.000E+00,0.0000E+00,0.0000E+00,0.0000E+00,145.72E-06,0.0000E+00,17.840E-09,0.000E+00,0.000E+00,Error,Error,Error,NAN,68.524E-03,-57.010E-03,6.3278E-03,-6.2739E-03,Error,Error,NAN,NAN,NAN,NAN,NAN,NAN,NAN,NAN,NAN,NAN,NAN
  314,  2025/12/19,09:05:31,5.1343E+00,5.7002E+00,5.1320E+00,5.1320E+00,153.86E-03,68.868E-03,73.853E-03,66.491E-03,66.491E-03,17.938E-03,341.76E-03,353.59E-03,-90.671E-03,0.9666E+00,-14.86E+00,Error,NAN,5.1917E+00,5.0723E+00,128.05E-03,22.710E-03,1.011E+00,1.859E+00,NAN,NAN,NAN,NAN,NAN,NAN,NAN,NAN,NAN,0.000E+00,0.000E+00,0.000E+00,-1.3242E-03,0.000E+00,0.0000E+00,0.0000E+00,0.0000E+00,136.77E-06,0.0000E+00,-377.26E-09,0.000E+00,0.000E+00,Error,Error,Error,NAN,58.990E-03,-72.900E-03,7.2424E-03,-6.2739E-03,Error,Error,NAN,NAN,NAN,NAN,NAN,NAN,NAN,NAN,NAN,NAN,NAN
  315,  2025/12/19,09:05:31,5.1348E+00,5.7010E+00,5.1327E+00,5.1327E+00,149.04E-03,69.014E-03,73.867E-03,66.504E-03,66.504E-03,18.444E-03,341.91E-03,354.38E-03,-93.167E-03,0.9648E+00,-15.24E+00,Error,NAN,5.1996E+00,5.0707E+00,134.96E-03,21.694E-03,1.013E+00,1.955E+00,NAN,NAN,NAN,NAN,NAN,NAN,NAN,NAN,NAN,0.000E+00,0.000E+00,0.000E+00,-1.1630E-03,0.000E+00,0.0000E+00,0.0000E+00,0.0000E+00,125.80E-06,0.0000E+00,157.33E-09,0.000E+00,0.000E+00,Error,Error,Error,NAN,62.168E-03,-61.777E-03,6.6327E-03,-7.4934E-03,Error,Error,NAN,NAN,NAN,NAN,NAN,NAN,NAN,NAN,NAN,NAN,NAN
  316,  2025/12/19,09:05:31,5.1345E+00,5.7005E+00,5.1322E+00,5.1322E+00,153.98E-03,69.333E-03,73.842E-03,66.481E-03,66.481E-03,19.681E-03,341.75E-03,356.00E-03,-99.693E-03,0.9600E+00,-16.26E+00,Error,NAN,5.2012E+00,5.0723E+00,146.44E-03,22.100E-03,1.013E+00,2.112E+00,NAN,NAN,NAN,NAN,NAN,NAN,NAN,NAN,NAN,0.000E+00,0.000E+00,0.000E+00,-1.4415E-03,0.000E+00,0.0000E+00,0.0000E+00,0.0000E+00,116.09E-06,0.0000E+00,-128.93E-09,0.000E+00,0.000E+00,Error,Error,Error,NAN,60.579E-03,-58.599E-03,7.1408E-03,-6.0707E-03,Error,Error,NAN,NAN,NAN,NAN,NAN,NAN,NAN,NAN,NAN,NAN,NAN
  317,  2025/12/19,09:05:31,5.1344E+00,5.7005E+00,5.1323E+00,5.1323E+00,149.01E-03,69.399E-03,73.853E-03,66.491E-03,66.491E-03,19.880E-03,341.71E-03,356.33E-03,-101.01E-03,0.9590E+00,-16.47E+00,Error,NAN,5.1996E+00,5.0755E+00,142.78E-03,24.233E-03,1.013E+00,2.057E+00,NAN,NAN,NAN,NAN,NAN,NAN,NAN,NAN,NAN,0.000E+00,0.000E+00,0.000E+00,-1.2159E-03,0.000E+00,0.0000E+00,0.0000E+00,0.0000E+00,106.85E-06,0.0000E+00,83.941E-09,0.000E+00,0.000E+00,Error,Error,Error,NAN,70.113E-03,-61.777E-03,6.3278E-03,-6.2739E-03,Error,Error,NAN,NAN,NAN,NAN,NAN,NAN,NAN,NAN,NAN,NAN,NAN
  318,  2025/12/19,09:05:32,5.1346E+00,5.7006E+00,5.1323E+00,5.1323E+00,153.97E-03,68.656E-03,73.828E-03,66.469E-03,66.469E-03,17.192E-03,341.62E-03,352.53E-03,-86.992E-03,0.9691E+00,-14.29E+00,Error,NAN,5.2060E+00,5.0739E+00,125.92E-03,22.811E-03,1.014E+00,1.834E+00,NAN,NAN,NAN,NAN,NAN,NAN,NAN,NAN,NAN,0.000E+00,0.000E+00,0.000E+00,-1.4206E-03,0.000E+00,0.0000E+00,0.0000E+00,0.0000E+00,67.200E-06,0.0000E+00,685.42E-09,0.000E+00,0.000E+00,Error,Error,Error,NAN,58.990E-03,-66.544E-03,6.8359E-03,-6.6804E-03,Error,Error,NAN,NAN,NAN,NAN,NAN,NAN,NAN,NAN,NAN,NAN,NAN
  319,  2025/12/19,09:05:32,5.1352E+00,5.7013E+00,5.1330E+00,5.1330E+00,149.06E-03,69.414E-03,73.889E-03,66.524E-03,66.524E-03,19.822E-03,342.05E-03,356.45E-03,-100.30E-03,0.9596E+00,-16.34E+00,Error,NAN,5.1981E+00,5.0755E+00,137.50E-03,24.132E-03,1.012E+00,1.981E+00,NAN,NAN,NAN,NAN,NAN,NAN,NAN,NAN,NAN,0.000E+00,0.000E+00,0.000E+00,-1.5345E-03,0.000E+00,0.0000E+00,0.0000E+00,0.0000E+00,83.198E-06,0.0000E+00,633.06E-09,0.000E+00,0.000E+00,Error,Error,Error,NAN,60.579E-03,-71.311E-03,7.3440E-03,-5.9690E-03,Error,Error,NAN,NAN,NAN,NAN,NAN,NAN,NAN,NAN,NAN,NAN,NAN
  320,  2025/12/19,09:05:32,5.1344E+00,5.7003E+00,5.1321E+00,5.1321E+00,153.94E-03,68.862E-03,73.862E-03,66.499E-03,66.499E-03,17.882E-03,341.78E-03,353.56E-03,-90.523E-03,0.9667E+00,-14.83E+00,Error,NAN,5.1933E+00,5.0787E+00,150.19E-03,22.710E-03,1.011E+00,2.181E+00,NAN,NAN,NAN,NAN,NAN,NAN,NAN,NAN,NAN,0.000E+00,0.000E+00,0.000E+00,-1.3410E-03,0.000E+00,0.0000E+00,0.0000E+00,0.0000E+00,130.36E-06,0.0000E+00,168.73E-09,0.000E+00,0.000E+00,Error,Error,Error,NAN,58.990E-03,-57.010E-03,6.4294E-03,-5.8674E-03,Error,Error,NAN,NAN,NAN,NAN,NAN,NAN,NAN,NAN,NAN,NAN,NAN
  321,  2025/12/19,09:05:32,5.1349E+00,5.7010E+00,5.1327E+00,5.1327E+00,149.04E-03,69.014E-03,73.872E-03,66.508E-03,66.508E-03,18.426E-03,341.85E-03,354.38E-03,-93.405E-03,0.9646E+00,-15.28E+00,Error,NAN,5.1933E+00,5.0739E+00,137.80E-03,25.046E-03,1.011E+00,1.997E+00,NAN,NAN,NAN,NAN,NAN,NAN,NAN,NAN,NAN,0.000E+00,0.000E+00,0.000E+00,-1.2447E-03,0.000E+00,0.0000E+00,0.0000E+00,0.0000E+00,151.39E-06,0.0000E+00,201.80E-09,0.000E+00,0.000E+00,Error,Error,Error,NAN,66.935E-03,-58.599E-03,6.8359E-03,-6.1723E-03,Error,Error,NAN,NAN,NAN,NAN,NAN,NAN,NAN,NAN,NAN,NAN,NAN
  322,  2025/12/19,09:05:32,5.1345E+00,5.7004E+00,5.1322E+00,5.1322E+00,153.96E-03,69.200E-03,73.869E-03,66.506E-03,66.506E-03,19.119E-03,341.88E-03,355.30E-03,-96.755E-03,0.9622E+00,-15.80E+00,Error,NAN,5.2028E+00,5.0803E+00,136.07E-03,22.913E-03,1.013E+00,1.966E+00,NAN,NAN,NAN,NAN,NAN,NAN,NAN,NAN,NAN,0.000E+00,0.000E+00,0.000E+00,-1.5114E-03,0.000E+00,0.0000E+00,0.0000E+00,0.0000E+00,114.50E-06,0.0000E+00,594.17E-09,0.000E+00,0.000E+00,Error,Error,Error,NAN,58.990E-03,-64.955E-03,7.2424E-03,-6.5788E-03,Error,Error,NAN,NAN,NAN,NAN,NAN,NAN,NAN,NAN,NAN,NAN,NAN
  323,  2025/12/19,09:05:32,5.1347E+00,5.7008E+00,5.1326E+00,5.1326E+00,149.02E-03,68.914E-03,73.933E-03,66.563E-03,66.563E-03,17.845E-03,342.08E-03,353.85E-03,-90.515E-03,0.9667E+00,-14.82E+00,Error,NAN,5.1965E+00,5.0723E+00,139.83E-03,19.662E-03,1.012E+00,2.029E+00,NAN,NAN,NAN,NAN,NAN,NAN,NAN,NAN,NAN,0.000E+00,0.000E+00,0.000E+00,-1.5413E-03,0.000E+00,0.0000E+00,0.0000E+00,0.0000E+00,111.67E-06,0.0000E+00,244.46E-09,0.000E+00,0.000E+00,Error,Error,Error,NAN,63.757E-03,-61.777E-03,6.6327E-03,-6.4772E-03,Error,Error,NAN,NAN,NAN,NAN,NAN,NAN,NAN,NAN,NAN,NAN,NAN
  324,  2025/12/19,09:05:32,5.1338E+00,5.6997E+00,5.1315E+00,5.1315E+00,153.87E-03,69.320E-03,73.939E-03,66.568E-03,66.568E-03,19.338E-03,342.18E-03,355.88E-03,-97.776E-03,0.9615E+00,-15.95E+00,Error,NAN,5.2028E+00,5.0803E+00,135.67E-03,24.132E-03,1.013E+00,1.957E+00,NAN,NAN,NAN,NAN,NAN,NAN,NAN,NAN,NAN,0.000E+00,0.000E+00,0.000E+00,-1.3846E-03,0.000E+00,0.0000E+00,0.0000E+00,0.0000E+00,112.32E-06,0.0000E+00,-193.80E-09,0.000E+00,0.000E+00,Error,Error,Error,NAN,57.401E-03,-60.188E-03,6.4294E-03,-6.7821E-03,Error,Error,NAN,NAN,NAN,NAN,NAN,NAN,NAN,NAN,NAN,NAN,NAN
  325,  2025/12/19,09:05:32,5.1346E+00,5.7007E+00,5.1324E+00,5.1324E+00,149.02E-03,69.101E-03,73.935E-03,66.565E-03,66.565E-03,18.549E-03,342.10E-03,354.80E-03,-94.069E-03,0.9642E+00,-15.37E+00,Error,NAN,5.2012E+00,5.0755E+00,153.44E-03,20.475E-03,1.013E+00,2.221E+00,NAN,NAN,NAN,NAN,NAN,NAN,NAN,NAN,NAN,0.000E+00,0.000E+00,0.000E+00,-1.3993E-03,0.000E+00,0.0000E+00,0.0000E+00,0.0000E+00,133.34E-06,0.0000E+00,95.534E-09,0.000E+00,0.000E+00,Error,Error,Error,NAN,58.990E-03,-63.366E-03,5.9213E-03,-5.7658E-03,Error,Error,NAN,NAN,NAN,NAN,NAN,NAN,NAN,NAN,NAN,NAN,NAN
  326,  2025/12/19,09:05:32,5.1344E+00,5.7003E+00,5.1321E+00,5.1321E+00,153.93E-03,69.128E-03,73.893E-03,66.527E-03,66.527E-03,18.785E-03,341.95E-03,354.93E-03,-95.115E-03,0.9634E+00,-15.54E+00,Error,NAN,5.1981E+00,5.0771E+00,151.01E-03,22.913E-03,1.012E+00,2.184E+00,NAN,NAN,NAN,NAN,NAN,NAN,NAN,NAN,NAN,0.000E+00,0.000E+00,0.000E+00,-1.8337E-03,0.000E+00,0.0000E+00,0.0000E+00,0.0000E+00,125.51E-06,0.0000E+00,-456.17E-09,0.000E+00,0.000E+00,Error,Error,Error,NAN,58.990E-03,-61.777E-03,5.8196E-03,-6.3756E-03,Error,Error,NAN,NAN,NAN,NAN,NAN,NAN,NAN,NAN,NAN,NAN,NAN
  327,  2025/12/19,09:05:33,5.1346E+00,5.7007E+00,5.1324E+00,5.1324E+00,149.02E-03,68.807E-03,73.864E-03,66.501E-03,66.501E-03,17.663E-03,341.81E-03,353.29E-03,-89.316E-03,0.9675E+00,-14.64E+00,Error,NAN,5.1933E+00,5.0819E+00,141.66E-03,22.100E-03,1.011E+00,2.059E+00,NAN,NAN,NAN,NAN,NAN,NAN,NAN,NAN,NAN,0.000E+00,0.000E+00,0.000E+00,-1.7035E-03,0.000E+00,0.0000E+00,0.0000E+00,0.0000E+00,113.38E-06,0.0000E+00,396.18E-09,0.000E+00,0.000E+00,Error,Error,Error,NAN,62.168E-03,-68.133E-03,6.5310E-03,-6.4772E-03,Error,Error,NAN,NAN,NAN,NAN,NAN,NAN,NAN,NAN,NAN,NAN,NAN
  328,  2025/12/19,09:05:33,5.1345E+00,5.7005E+00,5.1322E+00,5.1322E+00,153.88E-03,69.049E-03,73.818E-03,66.459E-03,66.459E-03,18.732E-03,341.65E-03,354.53E-03,-94.697E-03,0.9637E+00,-15.49E+00,Error,NAN,5.1965E+00,5.0771E+00,140.85E-03,21.897E-03,1.012E+00,2.040E+00,NAN,NAN,NAN,NAN,NAN,NAN,NAN,NAN,NAN,0.000E+00,0.000E+00,0.000E+00,-1.3412E-03,0.000E+00,0.0000E+00,0.0000E+00,0.0000E+00,135.40E-06,0.0000E+00,-29.057E-09,0.000E+00,0.000E+00,Error,Error,Error,NAN,58.990E-03,-63.366E-03,6.3278E-03,-5.9690E-03,Error,Error,NAN,NAN,NAN,NAN,NAN,NAN,NAN,NAN,NAN,NAN,NAN
  329,  2025/12/19,09:05:33,5.1346E+00,5.7007E+00,5.1324E+00,5.1324E+00,149.05E-03,69.084E-03,73.876E-03,66.512E-03,66.512E-03,18.674E-03,341.85E-03,354.72E-03,-94.659E-03,0.9637E+00,-15.48E+00,Error,NAN,5.1996E+00,5.0835E+00,133.23E-03,21.694E-03,1.013E+00,1.929E+00,NAN,NAN,NAN,NAN,NAN,NAN,NAN,NAN,NAN,0.000E+00,0.000E+00,0.000E+00,-1.5209E-03,0.000E+00,0.0000E+00,0.0000E+00,0.0000E+00,136.46E-06,0.0000E+00,33.143E-09,0.000E+00,0.000E+00,Error,Error,Error,NAN,63.757E-03,-72.900E-03,6.4294E-03,-5.9690E-03,Error,Error,NAN,NAN,NAN,NAN,NAN,NAN,NAN,NAN,NAN,NAN,NAN
  330,  2025/12/19,09:05:33,5.1346E+00,5.7005E+00,5.1323E+00,5.1323E+00,153.93E-03,69.070E-03,73.876E-03,66.511E-03,66.511E-03,18.624E-03,341.92E-03,354.65E-03,-94.148E-03,0.9641E+00,-15.39E+00,Error,NAN,5.2060E+00,5.0803E+00,142.78E-03,25.859E-03,1.014E+00,2.067E+00,NAN,NAN,NAN,NAN,NAN,NAN,NAN,NAN,NAN,0.000E+00,0.000E+00,0.000E+00,-1.3595E-03,0.000E+00,0.0000E+00,0.0000E+00,0.0000E+00,146.16E-06,0.0000E+00,96.281E-09,0.000E+00,0.000E+00,Error,Error,Error,NAN,60.579E-03,-63.366E-03,6.1245E-03,-5.7658E-03,Error,Error,NAN,NAN,NAN,NAN,NAN,NAN,NAN,NAN,NAN,NAN,NAN
  331,  2025/12/19,09:05:33,5.1350E+00,5.7011E+00,5.1328E+00,5.1328E+00,149.05E-03,69.066E-03,73.875E-03,66.511E-03,66.511E-03,18.610E-03,341.81E-03,354.65E-03,-94.557E-03,0.9638E+00,-15.46E+00,Error,NAN,5.1949E+00,5.0787E+00,132.93E-03,25.757E-03,1.012E+00,1.925E+00,NAN,NAN,NAN,NAN,NAN,NAN,NAN,NAN,NAN,0.000E+00,0.000E+00,0.000E+00,-1.1182E-03,0.000E+00,0.0000E+00,0.0000E+00,0.0000E+00,146.11E-06,0.0000E+00,92.974E-09,0.000E+00,0.000E+00,Error,Error,Error,NAN,68.524E-03,-63.366E-03,6.2261E-03,-5.3593E-03,Error,Error,NAN,NAN,NAN,NAN,NAN,NAN,NAN,NAN,NAN,NAN,NAN
  332,  2025/12/19,09:05:34,5.1347E+00,5.7006E+00,5.1324E+00,5.1324E+00,153.93E-03,69.173E-03,73.865E-03,66.502E-03,66.502E-03,19.039E-03,341.90E-03,355.18E-03,-96.242E-03,0.9626E+00,-15.72E+00,Error,NAN,5.1965E+00,5.0803E+00,134.55E-03,25.351E-03,1.012E+00,1.945E+00,NAN,NAN,NAN,NAN,NAN,NAN,NAN,NAN,NAN,0.000E+00,0.000E+00,0.000E+00,-1.5062E-03,0.000E+00,0.0000E+00,0.0000E+00,0.0000E+00,154.27E-06,0.0000E+00,-496.85E-09,0.000E+00,0.000E+00,Error,Error,Error,NAN,58.990E-03,-57.010E-03,6.0229E-03,-6.4772E-03,Error,Error,NAN,NAN,NAN,NAN,NAN,NAN,NAN,NAN,NAN,NAN,NAN
  333,  2025/12/19,09:05:34,5.1346E+00,5.7007E+00,5.1324E+00,5.1324E+00,149.07E-03,69.019E-03,73.908E-03,66.541E-03,66.541E-03,18.330E-03,342.04E-03,354.39E-03,-92.721E-03,0.9652E+00,-15.17E+00,Error,NAN,5.1917E+00,5.0755E+00,136.38E-03,24.437E-03,1.011E+00,1.976E+00,NAN,NAN,NAN,NAN,NAN,NAN,NAN,NAN,NAN,0.000E+00,0.000E+00,0.000E+00,-1.3488E-03,0.000E+00,0.0000E+00,0.0000E+00,0.0000E+00,127.26E-06,0.0000E+00,369.33E-09,0.000E+00,0.000E+00,Error,Error,Error,NAN,60.579E-03,-57.010E-03,7.2424E-03,-6.7821E-03,Error,Error,NAN,NAN,NAN,NAN,NAN,NAN,NAN,NAN,NAN,NAN,NAN
  334,  2025/12/19,09:05:34,5.1346E+00,5.7006E+00,5.1323E+00,5.1323E+00,153.91E-03,69.312E-03,73.948E-03,66.576E-03,66.576E-03,19.282E-03,342.17E-03,355.89E-03,-97.858E-03,0.9615E+00,-15.96E+00,Error,NAN,5.1901E+00,5.0707E+00,144.20E-03,24.233E-03,1.011E+00,2.080E+00,NAN,NAN,NAN,NAN,NAN,NAN,NAN,NAN,NAN,0.000E+00,0.000E+00,0.000E+00,-1.1934E-03,0.000E+00,0.0000E+00,0.0000E+00,0.0000E+00,137.66E-06,0.0000E+00,140.51E-09,0.000E+00,0.000E+00,Error,Error,Error,NAN,52.633E-03,-60.188E-03,6.0229E-03,-6.0707E-03,Error,Error,NAN,NAN,NAN,NAN,NAN,NAN,NAN,NAN,NAN,NAN,NAN
  335,  2025/12/19,09:05:34,5.1346E+00,5.7007E+00,5.1324E+00,5.1324E+00,149.02E-03,69.230E-03,73.926E-03,66.557E-03,66.557E-03,19.052E-03,342.16E-03,355.47E-03,-96.363E-03,0.9626E+00,-15.73E+00,Error,NAN,5.1965E+00,5.0707E+00,154.97E-03,22.811E-03,1.012E+00,2.238E+00,NAN,NAN,NAN,NAN,NAN,NAN,NAN,NAN,NAN,0.000E+00,0.000E+00,0.000E+00,-1.5293E-03,0.000E+00,0.0000E+00,0.0000E+00,0.0000E+00,148.40E-06,0.0000E+00,-362.33E-09,0.000E+00,0.000E+00,Error,Error,Error,NAN,55.811E-03,-64.955E-03,7.1408E-03,-6.0707E-03,Error,Error,NAN,NAN,NAN,NAN,NAN,NAN,NAN,NAN,NAN,NAN,NAN
  336,  2025/12/19,09:05:34,5.1348E+00,5.7008E+00,5.1325E+00,5.1325E+00,153.96E-03,68.998E-03,73.888E-03,66.523E-03,66.523E-03,18.314E-03,342.01E-03,354.29E-03,-92.457E-03,0.9653E+00,-15.13E+00,Error,NAN,5.1996E+00,5.0819E+00,136.79E-03,22.405E-03,1.013E+00,1.982E+00,NAN,NAN,NAN,NAN,NAN,NAN,NAN,NAN,NAN,0.000E+00,0.000E+00,0.000E+00,-1.5300E-03,0.000E+00,0.0000E+00,0.0000E+00,0.0000E+00,133.46E-06,0.0000E+00,-335.72E-09,0.000E+00,0.000E+00,Error,Error,Error,NAN,58.990E-03,-60.188E-03,7.7505E-03,-6.1723E-03,Error,Error,NAN,NAN,NAN,NAN,NAN,NAN,NAN,NAN,NAN,NAN,NAN
  337,  2025/12/19,09:05:34,5.1346E+00,5.7007E+00,5.1325E+00,5.1325E+00,149.03E-03,68.862E-03,73.898E-03,66.532E-03,66.532E-03,17.764E-03,341.99E-03,353.58E-03,-89.793E-03,0.9672E+00,-14.71E+00,Error,NAN,5.1949E+00,5.0771E+00,141.36E-03,24.741E-03,1.012E+00,2.053E+00,NAN,NAN,NAN,NAN,NAN,NAN,NAN,NAN,NAN,0.000E+00,0.000E+00,0.000E+00,-1.4070E-03,0.000E+00,0.0000E+00,0.0000E+00,0.0000E+00,132.31E-06,0.0000E+00,-211.53E-09,0.000E+00,0.000E+00,Error,Error,Error,NAN,63.757E-03,-60.188E-03,5.9213E-03,-6.1723E-03,Error,Error,NAN,NAN,NAN,NAN,NAN,NAN,NAN,NAN,NAN,NAN,NAN
  338,  2025/12/19,09:05:34,5.1345E+00,5.7004E+00,5.1322E+00,5.1322E+00,153.87E-03,69.210E-03,73.889E-03,66.524E-03,66.524E-03,19.095E-03,342.03E-03,355.36E-03,-96.391E-03,0.9625E+00,-15.74E+00,Error,NAN,5.2012E+00,5.0675E+00,153.55E-03,24.030E-03,1.013E+00,2.219E+00,NAN,NAN,NAN,NAN,NAN,NAN,NAN,NAN,NAN,0.000E+00,0.000E+00,0.000E+00,-1.3309E-03,0.000E+00,0.0000E+00,0.0000E+00,0.0000E+00,71.210E-06,0.0000E+00,1.0669E-06,0.000E+00,0.000E+00,Error,Error,Error,NAN,65.346E-03,-63.366E-03,5.6164E-03,-5.9690E-03,Error,Error,NAN,NAN,NAN,NAN,NAN,NAN,NAN,NAN,NAN,NAN,NAN
  339,  2025/12/19,09:05:34,5.1350E+00,5.7011E+00,5.1328E+00,5.1328E+00,149.07E-03,69.054E-03,73.898E-03,66.532E-03,66.532E-03,18.494E-03,341.96E-03,354.59E-03,-93.792E-03,0.9644E+00,-15.34E+00,Error,NAN,5.1981E+00,5.0787E+00,135.06E-03,25.148E-03,1.012E+00,1.956E+00,NAN,NAN,NAN,NAN,NAN,NAN,NAN,NAN,NAN,0.000E+00,0.000E+00,0.000E+00,-1.5555E-03,0.000E+00,0.0000E+00,0.0000E+00,0.0000E+00,88.158E-06,0.0000E+00,137.92E-09,0.000E+00,0.000E+00,Error,Error,Error,NAN,58.990E-03,-69.722E-03,6.4294E-03,-8.2048E-03,Error,Error,NAN,NAN,NAN,NAN,NAN,NAN,NAN,NAN,NAN,NAN,NAN
  340,  2025/12/19,09:05:34,5.1346E+00,5.7006E+00,5.1323E+00,5.1323E+00,153.98E-03,69.405E-03,73.903E-03,66.536E-03,66.536E-03,19.749E-03,341.99E-03,356.37E-03,-100.22E-03,0.9596E+00,-16.33E+00,Error,NAN,5.1965E+00,5.0771E+00,148.97E-03,23.827E-03,1.012E+00,2.146E+00,NAN,NAN,NAN,NAN,NAN,NAN,NAN,NAN,NAN,0.000E+00,0.000E+00,0.000E+00,-1.5212E-03,0.000E+00,0.0000E+00,0.0000E+00,0.0000E+00,73.957E-06,0.0000E+00,101.90E-09,0.000E+00,0.000E+00,Error,Error,Error,NAN,71.702E-03,-61.777E-03,6.5310E-03,-5.8674E-03,Error,Error,NAN,NAN,NAN,NAN,NAN,NAN,NAN,NAN,NAN,NAN,NAN
  341,  2025/12/19,09:05:34,5.1347E+00,5.7008E+00,5.1325E+00,5.1325E+00,149.05E-03,68.988E-03,73.894E-03,66.528E-03,66.528E-03,18.261E-03,341.86E-03,354.23E-03,-92.818E-03,0.9651E+00,-15.19E+00,Error,NAN,5.2060E+00,5.0803E+00,145.01E-03,21.694E-03,1.014E+00,2.102E+00,NAN,NAN,NAN,NAN,NAN,NAN,NAN,NAN,NAN,0.000E+00,0.000E+00,0.000E+00,-1.2554E-03,0.000E+00,0.0000E+00,0.0000E+00,0.0000E+00,98.472E-06,0.0000E+00,-86.335E-09,0.000E+00,0.000E+00,Error,Error,Error,NAN,66.935E-03,-66.544E-03,6.3278E-03,-5.3593E-03,Error,Error,NAN,NAN,NAN,NAN,NAN,NAN,NAN,NAN,NAN,NAN,NAN
  342,  2025/12/19,09:05:35,5.1347E+00,5.7008E+00,5.1325E+00,5.1325E+00,149.07E-03,69.347E-03,73.982E-03,66.607E-03,66.607E-03,19.300E-03,342.34E-03,356.08E-03,-97.954E-03,0.9614E+00,-15.97E+00,Error,NAN,5.1933E+00,5.0835E+00,135.67E-03,22.100E-03,1.011E+00,1.956E+00,NAN,NAN,NAN,NAN,NAN,NAN,NAN,NAN,NAN,0.000E+00,0.000E+00,0.000E+00,-1.2759E-03,0.000E+00,0.0000E+00,0.0000E+00,0.0000E+00,124.31E-06,0.0000E+00,-217.88E-09,0.000E+00,0.000E+00,Error,Error,Error,NAN,60.579E-03,-66.544E-03,6.2261E-03,-7.5951E-03,Error,Error,NAN,NAN,NAN,NAN,NAN,NAN,NAN,NAN,NAN,NAN,NAN
  343,  2025/12/19,09:05:35,5.1344E+00,5.7003E+00,5.1321E+00,5.1321E+00,153.89E-03,69.089E-03,73.947E-03,66.575E-03,66.575E-03,18.465E-03,342.16E-03,354.73E-03,-93.588E-03,0.9646E+00,-15.30E+00,Error,NAN,5.1965E+00,5.0707E+00,140.24E-03,23.827E-03,1.012E+00,2.030E+00,NAN,NAN,NAN,NAN,NAN,NAN,NAN,NAN,NAN,0.000E+00,0.000E+00,0.000E+00,-1.3471E-03,0.000E+00,0.0000E+00,0.0000E+00,0.0000E+00,140.33E-06,0.0000E+00,227.28E-09,0.000E+00,0.000E+00,Error,Error,Error,NAN,68.524E-03,-64.955E-03,6.6327E-03,-7.1886E-03,Error,Error,NAN,NAN,NAN,NAN,NAN,NAN,NAN,NAN,NAN,NAN,NAN
  344,  2025/12/19,09:05:35,5.1346E+00,5.7007E+00,5.1325E+00,5.1325E+00,149.02E-03,69.233E-03,73.920E-03,66.552E-03,66.552E-03,19.081E-03,342.16E-03,355.49E-03,-96.409E-03,0.9625E+00,-15.74E+00,Error,NAN,5.1917E+00,5.0723E+00,162.59E-03,23.827E-03,1.011E+00,2.348E+00,NAN,NAN,NAN,NAN,NAN,NAN,NAN,NAN,NAN,0.000E+00,0.000E+00,0.000E+00,-1.7558E-03,0.000E+00,0.0000E+00,0.0000E+00,0.0000E+00,127.41E-06,0.0000E+00,-401.19E-09,0.000E+00,0.000E+00,Error,Error,Error,NAN,55.811E-03,-60.188E-03,6.1245E-03,-6.1723E-03,Error,Error,NAN,NAN,NAN,NAN,NAN,NAN,NAN,NAN,NAN,NAN,NAN
  345,  2025/12/19,09:05:35,5.1349E+00,5.7009E+00,5.1326E+00,5.1326E+00,153.97E-03,68.925E-03,73.917E-03,66.548E-03,66.548E-03,17.943E-03,342.04E-03,353.92E-03,-90.960E-03,0.9664E+00,-14.89E+00,Error,NAN,5.2044E+00,5.0787E+00,136.68E-03,19.358E-03,1.014E+00,1.983E+00,NAN,NAN,NAN,NAN,NAN,NAN,NAN,NAN,NAN,0.000E+00,0.000E+00,0.000E+00,-1.5946E-03,0.000E+00,0.0000E+00,0.0000E+00,0.0000E+00,136.00E-06,0.0000E+00,-42.575E-09,0.000E+00,0.000E+00,Error,Error,Error,NAN,58.990E-03,-66.544E-03,7.1408E-03,-6.0707E-03,Error,Error,NAN,NAN,NAN,NAN,NAN,NAN,NAN,NAN,NAN,NAN,NAN
  346,  2025/12/19,09:05:35,5.1349E+00,5.7010E+00,5.1327E+00,5.1327E+00,149.04E-03,69.360E-03,73.925E-03,66.556E-03,66.556E-03,19.523E-03,342.08E-03,356.16E-03,-99.138E-03,0.9605E+00,-16.16E+00,Error,NAN,5.1965E+00,5.0691E+00,153.65E-03,22.608E-03,1.012E+00,2.215E+00,NAN,NAN,NAN,NAN,NAN,NAN,NAN,NAN,NAN,0.000E+00,0.000E+00,0.000E+00,-1.7668E-03,0.000E+00,0.0000E+00,0.0000E+00,0.0000E+00,142.71E-06,0.0000E+00,120.15E-09,0.000E+00,0.000E+00,Error,Error,Error,NAN,57.401E-03,-61.777E-03,8.3603E-03,-5.6642E-03,Error,Error,NAN,NAN,NAN,NAN,NAN,NAN,NAN,NAN,NAN,NAN,NAN
  347,  2025/12/19,09:05:36,5.1347E+00,5.7006E+00,5.1323E+00,5.1323E+00,153.95E-03,69.140E-03,73.882E-03,66.517E-03,66.517E-03,18.864E-03,341.97E-03,355.01E-03,-95.337E-03,0.9633E+00,-15.58E+00,Error,NAN,5.1949E+00,5.0755E+00,144.51E-03,22.507E-03,1.012E+00,2.090E+00,NAN,NAN,NAN,NAN,NAN,NAN,NAN,NAN,NAN,0.000E+00,0.000E+00,0.000E+00,-1.7566E-03,0.000E+00,0.0000E+00,0.0000E+00,0.0000E+00,144.74E-06,0.0000E+00,-203.06E-09,0.000E+00,0.000E+00,Error,Error,Error,NAN,57.401E-03,-66.544E-03,6.5310E-03,-5.6642E-03,Error,Error,NAN,NAN,NAN,NAN,NAN,NAN,NAN,NAN,NAN,NAN,NAN
  348,  2025/12/19,09:05:36,5.1348E+00,5.7010E+00,5.1327E+00,5.1327E+00,149.04E-03,68.928E-03,73.934E-03,66.564E-03,66.564E-03,17.897E-03,342.11E-03,353.93E-03,-90.730E-03,0.9666E+00,-14.85E+00,Error,NAN,5.1949E+00,5.0755E+00,133.03E-03,22.303E-03,1.012E+00,1.930E+00,NAN,NAN,NAN,NAN,NAN,NAN,NAN,NAN,NAN,0.000E+00,0.000E+00,0.000E+00,-1.5696E-03,0.000E+00,0.0000E+00,0.0000E+00,0.0000E+00,138.58E-06,0.0000E+00,254.23E-09,0.000E+00,0.000E+00,Error,Error,Error,NAN,66.935E-03,-61.777E-03,6.1245E-03,-5.9690E-03,Error,Error,NAN,NAN,NAN,NAN,NAN,NAN,NAN,NAN,NAN,NAN,NAN
  349,  2025/12/19,09:05:36,5.1345E+00,5.7005E+00,5.1322E+00,5.1322E+00,153.93E-03,69.146E-03,73.911E-03,66.543E-03,66.543E-03,18.793E-03,342.07E-03,355.04E-03,-95.055E-03,0.9635E+00,-15.53E+00,Error,NAN,5.1965E+00,5.0787E+00,163.30E-03,25.148E-03,1.012E+00,2.362E+00,NAN,NAN,NAN,NAN,NAN,NAN,NAN,NAN,NAN,0.000E+00,0.000E+00,0.000E+00,-1.4987E-03,0.000E+00,0.0000E+00,0.0000E+00,0.0000E+00,157.82E-06,0.0000E+00,-208.09E-09,0.000E+00,0.000E+00,Error,Error,Error,NAN,55.811E-03,-66.544E-03,6.4294E-03,-6.2739E-03,Error,Error,NAN,NAN,NAN,NAN,NAN,NAN,NAN,NAN,NAN,NAN,NAN
  350,  2025/12/19,09:05:36,5.1346E+00,5.7007E+00,5.1325E+00,5.1325E+00,149.08E-03,69.284E-03,73.920E-03,66.551E-03,66.551E-03,19.266E-03,342.08E-03,355.75E-03,-97.673E-03,0.9616E+00,-15.94E+00,Error,NAN,5.2012E+00,5.0739E+00,136.68E-03,23.014E-03,1.013E+00,1.973E+00,NAN,NAN,NAN,NAN,NAN,NAN,NAN,NAN,NAN,0.000E+00,0.000E+00,0.000E+00,-1.5779E-03,0.000E+00,0.0000E+00,0.0000E+00,0.0000E+00,103.61E-06,0.0000E+00,447.41E-09,0.000E+00,0.000E+00,Error,Error,Error,NAN,58.990E-03,-63.366E-03,6.4294E-03,-6.4772E-03,Error,Error,NAN,NAN,NAN,NAN,NAN,NAN,NAN,NAN,NAN,NAN,NAN
  351,  2025/12/19,09:05:36,5.1349E+00,5.7008E+00,5.1326E+00,5.1326E+00,153.97E-03,68.977E-03,73.938E-03,66.568E-03,66.568E-03,18.072E-03,342.15E-03,354.19E-03,-91.558E-03,0.9660E+00,-14.98E+00,Error,NAN,5.1949E+00,5.0803E+00,139.02E-03,24.437E-03,1.012E+00,2.015E+00,NAN,NAN,NAN,NAN,NAN,NAN,NAN,NAN,NAN,0.000E+00,0.000E+00,0.000E+00,-1.5585E-03,0.000E+00,0.0000E+00,0.0000E+00,0.0000E+00,103.55E-06,0.0000E+00,312.23E-09,0.000E+00,0.000E+00,Error,Error,Error,NAN,58.990E-03,-60.188E-03,6.3278E-03,-6.4772E-03,Error,Error,NAN,NAN,NAN,NAN,NAN,NAN,NAN,NAN,NAN,NAN,NAN
  352,  2025/12/19,09:05:36,5.1344E+00,5.7004E+00,5.1322E+00,5.1322E+00,149.03E-03,68.971E-03,73.891E-03,66.525E-03,66.525E-03,18.205E-03,341.85E-03,354.12E-03,-92.404E-03,0.9654E+00,-15.13E+00,Error,NAN,5.2076E+00,5.0739E+00,135.16E-03,25.046E-03,1.014E+00,1.960E+00,NAN,NAN,NAN,NAN,NAN,NAN,NAN,NAN,NAN,0.000E+00,0.000E+00,0.000E+00,-1.6222E-03,0.000E+00,0.0000E+00,0.0000E+00,0.0000E+00,104.60E-06,0.0000E+00,364.30E-09,0.000E+00,0.000E+00,Error,Error,Error,NAN,52.633E-03,-61.777E-03,6.5310E-03,-6.7821E-03,Error,Error,NAN,NAN,NAN,NAN,NAN,NAN,NAN,NAN,NAN,NAN,NAN
  353,  2025/12/19,09:05:36,5.1340E+00,5.6999E+00,5.1317E+00,5.1317E+00,153.87E-03,69.250E-03,73.940E-03,66.570E-03,66.570E-03,19.079E-03,342.18E-03,355.53E-03,-96.520E-03,0.9624E+00,-15.75E+00,Error,NAN,5.1981E+00,5.0707E+00,142.58E-03,24.843E-03,1.012E+00,2.059E+00,NAN,NAN,NAN,NAN,NAN,NAN,NAN,NAN,NAN,0.000E+00,0.000E+00,0.000E+00,-1.6016E-03,0.000E+00,0.0000E+00,0.0000E+00,0.0000E+00,131.15E-06,0.0000E+00,204.67E-09,0.000E+00,0.000E+00,Error,Error,Error,NAN,58.990E-03,-60.188E-03,6.5310E-03,-6.2739E-03,Error,Error,NAN,NAN,NAN,NAN,NAN,NAN,NAN,NAN,NAN,NAN,NAN
  354,  2025/12/19,09:05:36,5.1347E+00,5.7008E+00,5.1325E+00,5.1325E+00,149.00E-03,69.127E-03,73.947E-03,66.576E-03,66.576E-03,18.606E-03,342.28E-03,354.94E-03,-93.976E-03,0.9643E+00,-15.35E+00,Error,NAN,5.1885E+00,5.0755E+00,142.17E-03,21.491E-03,1.010E+00,2.057E+00,NAN,NAN,NAN,NAN,NAN,NAN,NAN,NAN,NAN,0.000E+00,0.000E+00,0.000E+00,-1.8965E-03,0.000E+00,0.0000E+00,0.0000E+00,0.0000E+00,132.44E-06,0.0000E+00,286.49E-09,0.000E+00,0.000E+00,Error,Error,Error,NAN,52.633E-03,-64.955E-03,8.5636E-03,-5.9690E-03,Error,Error,NAN,NAN,NAN,NAN,NAN,NAN,NAN,NAN,NAN,NAN,NAN
  355,  2025/12/19,09:05:36,5.1345E+00,5.7005E+00,5.1322E+00,5.1322E+00,153.96E-03,69.493E-03,73.919E-03,66.550E-03,66.550E-03,20.007E-03,342.07E-03,356.81E-03,-101.50E-03,0.9587E+00,-16.53E+00,Error,NAN,5.2028E+00,5.0771E+00,149.08E-03,23.827E-03,1.013E+00,2.145E+00,NAN,NAN,NAN,NAN,NAN,NAN,NAN,NAN,NAN,0.000E+00,0.000E+00,0.000E+00,-1.6379E-03,0.000E+00,0.0000E+00,0.0000E+00,0.0000E+00,157.03E-06,0.0000E+00,335.10E-09,0.000E+00,0.000E+00,Error,Error,Error,NAN,55.811E-03,-60.188E-03,7.1408E-03,-6.4772E-03,Error,Error,NAN,NAN,NAN,NAN,NAN,NAN,NAN,NAN,NAN,NAN,NAN
  356,  2025/12/19,09:05:36,5.1346E+00,5.7008E+00,5.1325E+00,5.1325E+00,149.02E-03,68.910E-03,73.911E-03,66.544E-03,66.544E-03,17.905E-03,341.99E-03,353.83E-03,-90.783E-03,0.9665E+00,-14.87E+00,Error,NAN,5.1981E+00,5.0739E+00,128.86E-03,25.859E-03,1.012E+00,1.870E+00,NAN,NAN,NAN,NAN,NAN,NAN,NAN,NAN,NAN,0.000E+00,0.000E+00,0.000E+00,-1.6170E-03,0.000E+00,0.0000E+00,0.0000E+00,0.0000E+00,141.51E-06,0.0000E+00,383.34E-09,0.000E+00,0.000E+00,Error,Error,Error,NAN,57.401E-03,-77.667E-03,6.6327E-03,-6.8837E-03,Error,Error,NAN,NAN,NAN,NAN,NAN,NAN,NAN,NAN,NAN,NAN,NAN
  357,  2025/12/19,09:05:37,5.1347E+00,5.7007E+00,5.1324E+00,5.1324E+00,153.98E-03,69.489E-03,73.875E-03,66.511E-03,66.511E-03,20.123E-03,341.87E-03,356.81E-03,-102.16E-03,0.9581E+00,-16.64E+00,Error,NAN,5.1933E+00,5.0755E+00,143.08E-03,21.999E-03,1.011E+00,2.059E+00,NAN,NAN,NAN,NAN,NAN,NAN,NAN,NAN,NAN,0.000E+00,0.000E+00,0.000E+00,-1.4990E-03,0.000E+00,0.0000E+00,0.0000E+00,0.0000E+00,153.22E-06,0.0000E+00,-508.54E-09,0.000E+00,0.000E+00,Error,Error,Error,NAN,55.811E-03,-61.777E-03,7.0392E-03,-5.8674E-03,Error,Error,NAN,NAN,NAN,NAN,NAN,NAN,NAN,NAN,NAN,NAN,NAN
  358,  2025/12/19,09:05:37,5.1345E+00,5.7006E+00,5.1323E+00,5.1323E+00,149.05E-03,68.720E-03,73.855E-03,66.493E-03,66.493E-03,17.352E-03,341.77E-03,352.84E-03,-87.669E-03,0.9686E+00,-14.39E+00,Error,NAN,5.1933E+00,5.0755E+00,126.32E-03,25.960E-03,1.011E+00,1.838E+00,NAN,NAN,NAN,NAN,NAN,NAN,NAN,NAN,NAN,0.000E+00,0.000E+00,0.000E+00,-1.3540E-03,0.000E+00,0.0000E+00,0.0000E+00,0.0000E+00,181.50E-06,0.0000E+00,584.20E-09,0.000E+00,0.000E+00,Error,Error,Error,NAN,55.811E-03,-71.311E-03,6.6327E-03,-5.9690E-03,Error,Error,NAN,NAN,NAN,NAN,NAN,NAN,NAN,NAN,NAN,NAN,NAN
  359,  2025/12/19,09:05:37,5.1345E+00,5.7004E+00,5.1322E+00,5.1322E+00,153.99E-03,69.271E-03,73.865E-03,66.502E-03,66.502E-03,19.387E-03,341.87E-03,355.67E-03,-98.104E-03,0.9612E+00,-16.01E+00,Error,NAN,5.1965E+00,5.0596E+00,141.05E-03,22.405E-03,1.012E+00,2.036E+00,NAN,NAN,NAN,NAN,NAN,NAN,NAN,NAN,NAN,0.000E+00,0.000E+00,0.000E+00,-1.5062E-03,0.000E+00,0.0000E+00,0.0000E+00,0.0000E+00,142.45E-06,0.0000E+00,-156.12E-09,0.000E+00,0.000E+00,Error,Error,Error,NAN,55.811E-03,-76.078E-03,5.9213E-03,-6.0707E-03,Error,Error,NAN,NAN,NAN,NAN,NAN,NAN,NAN,NAN,NAN,NAN,NAN
  360,  2025/12/19,09:05:37,5.1351E+00,5.7013E+00,5.1330E+00,5.1330E+00,149.04E-03,69.210E-03,73.910E-03,66.542E-03,66.542E-03,19.031E-03,342.03E-03,355.40E-03,-96.587E-03,0.9624E+00,-15.77E+00,Error,NAN,5.1965E+00,5.0771E+00,131.50E-03,25.859E-03,1.012E+00,1.900E+00,NAN,NAN,NAN,NAN,NAN,NAN,NAN,NAN,NAN,0.000E+00,0.000E+00,0.000E+00,-1.3888E-03,0.000E+00,0.0000E+00,0.0000E+00,0.0000E+00,162.26E-06,0.0000E+00,-90.171E-09,0.000E+00,0.000E+00,Error,Error,Error,NAN,62.168E-03,-69.722E-03,5.7180E-03,-5.5625E-03,Error,Error,NAN,NAN,NAN,NAN,NAN,NAN,NAN,NAN,NAN,NAN,NAN
  361,  2025/12/19,09:05:37,5.1344E+00,5.7003E+00,5.1321E+00,5.1321E+00,153.94E-03,69.162E-03,73.892E-03,66.526E-03,66.526E-03,18.909E-03,342.00E-03,355.10E-03,-95.564E-03,0.9631E+00,-15.61E+00,Error,NAN,5.2060E+00,5.0803E+00,146.44E-03,23.827E-03,1.014E+00,2.117E+00,NAN,NAN,NAN,NAN,NAN,NAN,NAN,NAN,NAN,0.000E+00,0.000E+00,0.000E+00,-1.4193E-03,0.000E+00,0.0000E+00,0.0000E+00,0.0000E+00,211.04E-06,0.0000E+00,-308.46E-09,0.000E+00,0.000E+00,Error,Error,Error,NAN,55.811E-03,-61.777E-03,7.5473E-03,-6.0707E-03,Error,Error,NAN,NAN,NAN,NAN,NAN,NAN,NAN,NAN,NAN,NAN,NAN
  362,  2025/12/19,09:05:37,5.1349E+00,5.7010E+00,5.1327E+00,5.1327E+00,148.99E-03,69.074E-03,73.925E-03,66.555E-03,66.555E-03,18.482E-03,342.09E-03,354.69E-03,-93.673E-03,0.9645E+00,-15.31E+00,Error,NAN,5.1949E+00,5.0787E+00,153.75E-03,23.827E-03,1.012E+00,2.226E+00,NAN,NAN,NAN,NAN,NAN,NAN,NAN,NAN,NAN,0.000E+00,0.000E+00,0.000E+00,-1.5340E-03,0.000E+00,0.0000E+00,0.0000E+00,0.0000E+00,219.35E-06,0.0000E+00,140.57E-09,0.000E+00,0.000E+00,Error,Error,Error,NAN,58.990E-03,-58.599E-03,7.5473E-03,-5.7658E-03,Error,Error,NAN,NAN,NAN,NAN,NAN,NAN,NAN,NAN,NAN,NAN,NAN
  363,  2025/12/19,09:05:37,5.1347E+00,5.7006E+00,5.1324E+00,5.1324E+00,153.90E-03,69.325E-03,73.920E-03,66.551E-03,66.551E-03,19.415E-03,342.07E-03,355.96E-03,-98.496E-03,0.9610E+00,-16.06E+00,Error,NAN,5.1965E+00,5.0739E+00,146.13E-03,25.960E-03,1.012E+00,2.108E+00,NAN,NAN,NAN,NAN,NAN,NAN,NAN,NAN,NAN,0.000E+00,0.000E+00,0.000E+00,-1.6716E-03,0.000E+00,0.0000E+00,0.0000E+00,0.0000E+00,184.70E-06,0.0000E+00,37.245E-09,0.000E+00,0.000E+00,Error,Error,Error,NAN,54.222E-03,-66.544E-03,6.8359E-03,-6.6804E-03,Error,Error,NAN,NAN,NAN,NAN,NAN,NAN,NAN,NAN,NAN,NAN,NAN
  364,  2025/12/19,09:05:37,5.1346E+00,5.7007E+00,5.1324E+00,5.1324E+00,149.05E-03,69.010E-03,73.929E-03,66.560E-03,66.560E-03,18.226E-03,342.10E-03,354.34E-03,-92.340E-03,0.9654E+00,-15.11E+00,Error,NAN,5.2028E+00,5.0803E+00,146.54E-03,23.929E-03,1.013E+00,2.123E+00,NAN,NAN,NAN,NAN,NAN,NAN,NAN,NAN,NAN,0.000E+00,0.000E+00,0.000E+00,-1.4424E-03,0.000E+00,0.0000E+00,0.0000E+00,0.0000E+00,206.11E-06,0.0000E+00,-344.69E-09,0.000E+00,0.000E+00,Error,Error,Error,NAN,57.401E-03,-63.366E-03,6.5310E-03,-7.0869E-03,Error,Error,NAN,NAN,NAN,NAN,NAN,NAN,NAN,NAN,NAN,NAN,NAN
  365,  2025/12/19,09:05:37,5.1350E+00,5.7010E+00,5.1327E+00,5.1327E+00,153.97E-03,69.256E-03,73.942E-03,66.571E-03,66.571E-03,19.099E-03,342.30E-03,355.63E-03,-96.475E-03,0.9625E+00,-15.74E+00,Error,NAN,5.1965E+00,5.0739E+00,138.72E-03,21.491E-03,1.012E+00,2.003E+00,NAN,NAN,NAN,NAN,NAN,NAN,NAN,NAN,NAN,0.000E+00,0.000E+00,0.000E+00,-1.4220E-03,0.000E+00,0.0000E+00,0.0000E+00,0.0000E+00,176.55E-06,0.0000E+00,-188.01E-09,0.000E+00,0.000E+00,Error,Error,Error,NAN,54.222E-03,-58.599E-03,6.5310E-03,-6.0707E-03,Error,Error,NAN,NAN,NAN,NAN,NAN,NAN,NAN,NAN,NAN,NAN,NAN
  366,  2025/12/19,09:05:37,5.1348E+00,5.7010E+00,5.1327E+00,5.1327E+00,149.05E-03,68.824E-03,73.867E-03,66.504E-03,66.504E-03,17.722E-03,341.82E-03,353.40E-03,-89.754E-03,0.9672E+00,-14.71E+00,Error,NAN,5.1981E+00,5.0835E+00,136.79E-03,21.694E-03,1.012E+00,1.987E+00,NAN,NAN,NAN,NAN,NAN,NAN,NAN,NAN,NAN,0.000E+00,0.000E+00,0.000E+00,-1.5972E-03,0.000E+00,0.0000E+00,0.0000E+00,0.0000E+00,194.89E-06,0.0000E+00,68.026E-09,0.000E+00,0.000E+00,Error,Error,Error,NAN,60.579E-03,-64.955E-03,6.3278E-03,-6.8837E-03,Error,Error,NAN,NAN,NAN,NAN,NAN,NAN,NAN,NAN,NAN,NAN,NAN
  367,  2025/12/19,09:05:38,5.1344E+00,5.7003E+00,5.1321E+00,5.1321E+00,153.88E-03,69.313E-03,73.838E-03,66.478E-03,66.478E-03,19.623E-03,341.67E-03,355.88E-03,-99.559E-03,0.9601E+00,-16.25E+00,Error,NAN,5.1949E+00,5.0739E+00,153.44E-03,24.538E-03,1.012E+00,2.214E+00,NAN,NAN,NAN,NAN,NAN,NAN,NAN,NAN,NAN,0.000E+00,0.000E+00,0.000E+00,-1.4537E-03,0.000E+00,0.0000E+00,0.0000E+00,0.0000E+00,158.97E-06,0.0000E+00,5.5167E-09,0.000E+00,0.000E+00,Error,Error,Error,NAN,76.469E-03,-68.133E-03,7.1408E-03,-6.6804E-03,Error,Error,NAN,NAN,NAN,NAN,NAN,NAN,NAN,NAN,NAN,NAN,NAN
  368,  2025/12/19,09:05:38,5.1346E+00,5.7007E+00,5.1324E+00,5.1324E+00,149.05E-03,69.065E-03,73.848E-03,66.487E-03,66.487E-03,18.695E-03,341.75E-03,354.62E-03,-94.663E-03,0.9637E+00,-15.48E+00,Error,NAN,5.2044E+00,5.0691E+00,145.32E-03,23.827E-03,1.014E+00,2.104E+00,NAN,NAN,NAN,NAN,NAN,NAN,NAN,NAN,NAN,0.000E+00,0.000E+00,0.000E+00,-1.3857E-03,0.000E+00,0.0000E+00,0.0000E+00,0.0000E+00,178.51E-06,0.0000E+00,62.854E-09,0.000E+00,0.000E+00,Error,Error,Error,NAN,60.579E-03,-61.777E-03,6.2261E-03,-6.5788E-03,Error,Error,NAN,NAN,NAN,NAN,NAN,NAN,NAN,NAN,NAN,NAN,NAN
  369,  2025/12/19,09:05:38,5.1348E+00,5.7009E+00,5.1327E+00,5.1327E+00,149.04E-03,68.891E-03,73.841E-03,66.480E-03,66.480E-03,18.066E-03,341.71E-03,353.74E-03,-91.493E-03,0.9660E+00,-14.99E+00,Error,NAN,5.2124E+00,5.0771E+00,130.79E-03,21.999E-03,1.015E+00,1.899E+00,NAN,NAN,NAN,NAN,NAN,NAN,NAN,NAN,NAN,0.000E+00,0.000E+00,0.000E+00,-1.3869E-03,0.000E+00,0.0000E+00,0.0000E+00,0.0000E+00,189.75E-06,0.0000E+00,-16.826E-09,0.000E+00,0.000E+00,Error,Error,Error,NAN,54.222E-03,-66.544E-03,6.3278E-03,-5.2577E-03,Error,Error,NAN,NAN,NAN,NAN,NAN,NAN,NAN,NAN,NAN,NAN,NAN
  370,  2025/12/19,09:05:39,5.1345E+00,5.7004E+00,5.1322E+00,5.1322E+00,153.98E-03,68.941E-03,73.895E-03,66.529E-03,66.529E-03,18.076E-03,341.98E-03,353.98E-03,-91.400E-03,0.9661E+00,-14.96E+00,Error,NAN,5.1996E+00,5.0755E+00,125.61E-03,24.132E-03,1.013E+00,1.822E+00,NAN,NAN,NAN,NAN,NAN,NAN,NAN,NAN,NAN,0.000E+00,0.000E+00,0.000E+00,-1.6642E-03,0.000E+00,0.0000E+00,0.0000E+00,0.0000E+00,166.44E-06,0.0000E+00,-520.70E-09,0.000E+00,0.000E+00,Error,Error,Error,NAN,58.990E-03,-63.366E-03,6.4294E-03,-6.4772E-03,Error,Error,NAN,NAN,NAN,NAN,NAN,NAN,NAN,NAN,NAN,NAN,NAN
  371,  2025/12/19,09:05:39,5.1346E+00,5.7007E+00,5.1325E+00,5.1325E+00,149.04E-03,69.345E-03,73.892E-03,66.526E-03,66.526E-03,19.568E-03,341.98E-03,356.06E-03,-99.136E-03,0.9605E+00,-16.17E+00,Error,NAN,5.1917E+00,5.0755E+00,146.64E-03,21.796E-03,1.011E+00,2.115E+00,NAN,NAN,NAN,NAN,NAN,NAN,NAN,NAN,NAN,0.000E+00,0.000E+00,0.000E+00,-1.4656E-03,0.000E+00,0.0000E+00,0.0000E+00,0.0000E+00,142.72E-06,0.0000E+00,102.62E-09,0.000E+00,0.000E+00,Error,Error,Error,NAN,65.346E-03,-57.010E-03,5.9213E-03,-7.5951E-03,Error,Error,NAN,NAN,NAN,NAN,NAN,NAN,NAN,NAN,NAN,NAN,NAN
  372,  2025/12/19,09:05:39,5.1346E+00,5.7006E+00,5.1323E+00,5.1323E+00,153.95E-03,69.171E-03,73.916E-03,66.548E-03,66.548E-03,18.867E-03,342.04E-03,355.17E-03,-95.664E-03,0.9630E+00,-15.63E+00,Error,NAN,5.1917E+00,5.0787E+00,145.22E-03,23.624E-03,1.011E+00,2.099E+00,NAN,NAN,NAN,NAN,NAN,NAN,NAN,NAN,NAN,0.000E+00,0.000E+00,0.000E+00,-1.7234E-03,0.000E+00,0.0000E+00,0.0000E+00,0.0000E+00,133.04E-06,0.0000E+00,317.19E-09,0.000E+00,0.000E+00,Error,Error,Error,NAN,65.346E-03,-60.188E-03,6.4294E-03,-5.7658E-03,Error,Error,NAN,NAN,NAN,NAN,NAN,NAN,NAN,NAN,NAN,NAN,NAN
  373,  2025/12/19,09:05:39,5.1351E+00,5.7013E+00,5.1329E+00,5.1329E+00,149.03E-03,68.910E-03,73.896E-03,66.529E-03,66.529E-03,17.957E-03,341.95E-03,353.86E-03,-91.027E-03,0.9663E+00,-14.91E+00,Error,NAN,5.1965E+00,5.0675E+00,127.24E-03,23.014E-03,1.012E+00,1.846E+00,NAN,NAN,NAN,NAN,NAN,NAN,NAN,NAN,NAN,0.000E+00,0.000E+00,0.000E+00,-1.4182E-03,0.000E+00,0.0000E+00,0.0000E+00,0.0000E+00,171.40E-06,0.0000E+00,164.28E-09,0.000E+00,0.000E+00,Error,Error,Error,NAN,62.168E-03,-66.544E-03,7.1408E-03,-5.8674E-03,Error,Error,NAN,NAN,NAN,NAN,NAN,NAN,NAN,NAN,NAN,NAN,NAN
  374,  2025/12/19,09:05:39,5.1348E+00,5.7008E+00,5.1325E+00,5.1325E+00,153.97E-03,69.211E-03,73.858E-03,66.496E-03,66.496E-03,19.196E-03,341.88E-03,355.39E-03,-97.043E-03,0.9620E+00,-15.85E+00,Error,NAN,5.1981E+00,5.0787E+00,157.91E-03,24.843E-03,1.012E+00,2.282E+00,NAN,NAN,NAN,NAN,NAN,NAN,NAN,NAN,NAN,0.000E+00,0.000E+00,0.000E+00,-1.5550E-03,0.000E+00,0.0000E+00,0.0000E+00,0.0000E+00,181.39E-06,0.0000E+00,799.81E-09,0.000E+00,0.000E+00,Error,Error,Error,NAN,55.811E-03,-64.955E-03,6.1245E-03,-5.6642E-03,Error,Error,NAN,NAN,NAN,NAN,NAN,NAN,NAN,NAN,NAN,NAN,NAN
  375,  2025/12/19,09:05:39,5.1349E+00,5.7010E+00,5.1327E+00,5.1327E+00,149.04E-03,68.856E-03,73.856E-03,66.493E-03,66.493E-03,17.882E-03,341.76E-03,353.57E-03,-90.612E-03,0.9666E+00,-14.85E+00,Error,NAN,5.1996E+00,5.0819E+00,136.38E-03,23.116E-03,1.013E+00,1.981E+00,NAN,NAN,NAN,NAN,NAN,NAN,NAN,NAN,NAN,0.000E+00,0.000E+00,0.000E+00,-1.5460E-03,0.000E+00,0.0000E+00,0.0000E+00,0.0000E+00,148.62E-06,0.0000E+00,346.06E-09,0.000E+00,0.000E+00,Error,Error,Error,NAN,62.168E-03,-63.366E-03,6.0229E-03,-5.8674E-03,Error,Error,NAN,NAN,NAN,NAN,NAN,NAN,NAN,NAN,NAN,NAN,NAN
  376,  2025/12/19,09:05:39,5.1349E+00,5.7009E+00,5.1326E+00,5.1326E+00,153.89E-03,69.245E-03,73.918E-03,66.550E-03,66.550E-03,19.134E-03,342.08E-03,355.57E-03,-97.017E-03,0.9621E+00,-15.83E+00,Error,NAN,5.1949E+00,5.0787E+00,142.98E-03,23.218E-03,1.012E+00,2.065E+00,NAN,NAN,NAN,NAN,NAN,NAN,NAN,NAN,NAN,0.000E+00,0.000E+00,0.000E+00,-1.3754E-03,0.000E+00,0.0000E+00,0.0000E+00,0.0000E+00,177.92E-06,0.0000E+00,220.74E-09,0.000E+00,0.000E+00,Error,Error,Error,NAN,58.990E-03,-58.599E-03,6.3278E-03,-6.3756E-03,Error,Error,NAN,NAN,NAN,NAN,NAN,NAN,NAN,NAN,NAN,NAN,NAN
  377,  2025/12/19,09:05:39,5.1348E+00,5.7009E+00,5.1326E+00,5.1326E+00,149.04E-03,69.122E-03,73.857E-03,66.495E-03,66.495E-03,18.874E-03,341.83E-03,354.93E-03,-95.541E-03,0.9631E+00,-15.62E+00,Error,NAN,5.1933E+00,5.0691E+00,129.67E-03,24.132E-03,1.011E+00,1.876E+00,NAN,NAN,NAN,NAN,NAN,NAN,NAN,NAN,NAN,0.000E+00,0.000E+00,0.000E+00,-1.6774E-03,0.000E+00,0.0000E+00,0.0000E+00,0.0000E+00,189.06E-06,0.0000E+00,416.63E-09,0.000E+00,0.000E+00,Error,Error,Error,NAN,57.401E-03,-57.010E-03,7.1408E-03,-5.8674E-03,Error,Error,NAN,NAN,NAN,NAN,NAN,NAN,NAN,NAN,NAN,NAN,NAN
  378,  2025/12/19,09:05:39,5.1346E+00,5.7005E+00,5.1323E+00,5.1323E+00,153.96E-03,69.137E-03,73.917E-03,66.549E-03,66.549E-03,18.739E-03,342.13E-03,354.99E-03,-94.683E-03,0.9638E+00,-15.47E+00,Error,NAN,5.1981E+00,5.0771E+00,151.01E-03,25.554E-03,1.012E+00,2.184E+00,NAN,NAN,NAN,NAN,NAN,NAN,NAN,NAN,NAN,0.000E+00,0.000E+00,0.000E+00,-1.3678E-03,0.000E+00,0.0000E+00,0.0000E+00,0.0000E+00,146.67E-06,0.0000E+00,208.81E-09,0.000E+00,0.000E+00,Error,Error,Error,NAN,57.401E-03,-66.544E-03,6.2261E-03,-6.8837E-03,Error,Error,NAN,NAN,NAN,NAN,NAN,NAN,NAN,NAN,NAN,NAN,NAN
  379,  2025/12/19,09:05:39,5.1348E+00,5.7010E+00,5.1327E+00,5.1327E+00,149.06E-03,69.338E-03,73.935E-03,66.565E-03,66.565E-03,19.411E-03,342.23E-03,356.04E-03,-98.199E-03,0.9612E+00,-16.01E+00,Error,NAN,5.1933E+00,5.0707E+00,144.00E-03,23.726E-03,1.011E+00,2.077E+00,NAN,NAN,NAN,NAN,NAN,NAN,NAN,NAN,NAN,0.000E+00,0.000E+00,0.000E+00,-1.1717E-03,0.000E+00,0.0000E+00,0.0000E+00,0.0000E+00,163.52E-06,0.0000E+00,633.98E-09,0.000E+00,0.000E+00,Error,Error,Error,NAN,62.168E-03,-63.366E-03,6.4294E-03,-6.8837E-03,Error,Error,NAN,NAN,NAN,NAN,NAN,NAN,NAN,NAN,NAN,NAN,NAN
  380,  2025/12/19,09:05:40,5.1349E+00,5.7010E+00,5.1327E+00,5.1327E+00,149.02E-03,68.926E-03,73.979E-03,66.604E-03,66.604E-03,17.738E-03,342.31E-03,353.93E-03,-89.937E-03,0.9672E+00,-14.72E+00,Error,NAN,5.1965E+00,5.0787E+00,158.12E-03,23.522E-03,1.012E+00,2.294E+00,NAN,NAN,NAN,NAN,NAN,NAN,NAN,NAN,NAN,0.000E+00,0.000E+00,0.000E+00,-1.1320E-03,0.000E+00,0.0000E+00,0.0000E+00,0.0000E+00,133.07E-06,0.0000E+00,504.52E-09,0.000E+00,0.000E+00,Error,Error,Error,NAN,68.524E-03,-60.188E-03,5.9213E-03,-6.2739E-03,Error,Error,NAN,NAN,NAN,NAN,NAN,NAN,NAN,NAN,NAN,NAN,NAN
  381,  2025/12/19,09:05:40,5.1347E+00,5.7006E+00,5.1324E+00,5.1324E+00,153.89E-03,69.408E-03,74.007E-03,66.629E-03,66.629E-03,19.442E-03,342.45E-03,356.39E-03,-98.688E-03,0.9609E+00,-16.08E+00,Error,NAN,5.1965E+00,5.0819E+00,146.54E-03,24.437E-03,1.012E+00,2.111E+00,NAN,NAN,NAN,NAN,NAN,NAN,NAN,NAN,NAN,0.000E+00,0.000E+00,0.000E+00,-1.4548E-03,0.000E+00,0.0000E+00,0.0000E+00,0.0000E+00,134.57E-06,0.0000E+00,362.60E-09,0.000E+00,0.000E+00,Error,Error,Error,NAN,55.811E-03,-66.544E-03,6.4294E-03,-6.2739E-03,Error,Error,NAN,NAN,NAN,NAN,NAN,NAN,NAN,NAN,NAN,NAN,NAN
  382,  2025/12/19,09:05:40,5.1348E+00,5.7009E+00,5.1326E+00,5.1326E+00,149.04E-03,68.909E-03,73.930E-03,66.560E-03,66.560E-03,17.838E-03,342.17E-03,353.84E-03,-90.113E-03,0.9670E+00,-14.75E+00,Error,NAN,5.2012E+00,5.0771E+00,141.36E-03,25.452E-03,1.013E+00,2.051E+00,NAN,NAN,NAN,NAN,NAN,NAN,NAN,NAN,NAN,0.000E+00,0.000E+00,0.000E+00,-1.3979E-03,0.000E+00,0.0000E+00,0.0000E+00,0.0000E+00,168.14E-06,0.0000E+00,8.4829E-09,0.000E+00,0.000E+00,Error,Error,Error,NAN,62.168E-03,-64.955E-03,6.0229E-03,-6.2739E-03,Error,Error,NAN,NAN,NAN,NAN,NAN,NAN,NAN,NAN,NAN,NAN,NAN
  383,  2025/12/19,09:05:40,5.1346E+00,5.7006E+00,5.1323E+00,5.1323E+00,153.98E-03,69.325E-03,73.929E-03,66.560E-03,66.560E-03,19.383E-03,342.10E-03,355.96E-03,-98.337E-03,0.9611E+00,-16.04E+00,Error,NAN,5.2012E+00,5.0835E+00,143.49E-03,19.764E-03,1.013E+00,2.070E+00,NAN,NAN,NAN,NAN,NAN,NAN,NAN,NAN,NAN,0.000E+00,0.000E+00,0.000E+00,-1.5086E-03,0.000E+00,0.0000E+00,0.0000E+00,0.0000E+00,111.79E-06,0.0000E+00,267.74E-09,0.000E+00,0.000E+00,Error,Error,Error,NAN,57.401E-03,-63.366E-03,6.2261E-03,-5.9690E-03,Error,Error,NAN,NAN,NAN,NAN,NAN,NAN,NAN,NAN,NAN,NAN,NAN
  384,  2025/12/19,09:05:40,5.1347E+00,5.7008E+00,5.1326E+00,5.1326E+00,149.05E-03,69.051E-03,73.939E-03,66.568E-03,66.568E-03,18.350E-03,342.16E-03,354.56E-03,-92.961E-03,0.9650E+00,-15.20E+00,Error,NAN,5.2124E+00,5.0835E+00,133.53E-03,21.592E-03,1.015E+00,1.934E+00,NAN,NAN,NAN,NAN,NAN,NAN,NAN,NAN,NAN,0.000E+00,0.000E+00,0.000E+00,-1.5968E-03,0.000E+00,0.0000E+00,0.0000E+00,0.0000E+00,115.23E-06,0.0000E+00,286.08E-09,0.000E+00,0.000E+00,Error,Error,Error,NAN,58.990E-03,-61.777E-03,6.2261E-03,-5.4609E-03,Error,Error,NAN,NAN,NAN,NAN,NAN,NAN,NAN,NAN,NAN,NAN,NAN
  385,  2025/12/19,09:05:41,5.1348E+00,5.7007E+00,5.1324E+00,5.1324E+00,153.95E-03,69.364E-03,73.917E-03,66.549E-03,66.549E-03,19.562E-03,342.07E-03,356.17E-03,-99.216E-03,0.9604E+00,-16.17E+00,Error,NAN,5.1996E+00,5.0707E+00,145.72E-03,24.538E-03,1.013E+00,2.101E+00,NAN,NAN,NAN,NAN,NAN,NAN,NAN,NAN,NAN,0.000E+00,0.000E+00,0.000E+00,-1.5022E-03,0.000E+00,0.0000E+00,0.0000E+00,0.0000E+00,130.27E-06,0.0000E+00,-450.95E-09,0.000E+00,0.000E+00,Error,Error,Error,NAN,65.346E-03,-64.955E-03,6.3278E-03,-6.5788E-03,Error,Error,NAN,NAN,NAN,NAN,NAN,NAN,NAN,NAN,NAN,NAN,NAN
  386,  2025/12/19,09:05:41,5.1346E+00,5.7007E+00,5.1324E+00,5.1324E+00,149.03E-03,68.896E-03,73.921E-03,66.553E-03,66.553E-03,17.817E-03,342.15E-03,353.76E-03,-89.852E-03,0.9672E+00,-14.71E+00,Error,NAN,5.1981E+00,5.0819E+00,133.43E-03,22.913E-03,1.012E+00,1.937E+00,NAN,NAN,NAN,NAN,NAN,NAN,NAN,NAN,NAN,0.000E+00,0.000E+00,0.000E+00,-1.3625E-03,0.000E+00,0.0000E+00,0.0000E+00,0.0000E+00,126.83E-06,0.0000E+00,-29.319E-09,0.000E+00,0.000E+00,Error,Error,Error,NAN,54.222E-03,-63.366E-03,7.0392E-03,-6.9853E-03,Error,Error,NAN,NAN,NAN,NAN,NAN,NAN,NAN,NAN,NAN,NAN,NAN
  387,  2025/12/19,09:05:41,5.1347E+00,5.7006E+00,5.1324E+00,5.1324E+00,153.98E-03,68.848E-03,73.930E-03,66.560E-03,66.560E-03,17.598E-03,342.27E-03,353.51E-03,-88.451E-03,0.9682E+00,-14.49E+00,Error,NAN,5.1933E+00,5.0787E+00,134.86E-03,23.421E-03,1.011E+00,1.959E+00,NAN,NAN,NAN,NAN,NAN,NAN,NAN,NAN,NAN,0.000E+00,0.000E+00,0.000E+00,-1.4107E-03,0.000E+00,0.0000E+00,0.0000E+00,0.0000E+00,92.177E-06,0.0000E+00,459.26E-09,0.000E+00,0.000E+00,Error,Error,Error,NAN,63.757E-03,-60.188E-03,6.7343E-03,-5.8674E-03,Error,Error,NAN,NAN,NAN,NAN,NAN,NAN,NAN,NAN,NAN,NAN,NAN
  388,  2025/12/19,09:05:41,5.1349E+00,5.7011E+00,5.1328E+00,5.1328E+00,149.08E-03,69.571E-03,73.866E-03,66.503E-03,66.503E-03,20.431E-03,341.76E-03,357.24E-03,-104.01E-03,0.9567E+00,-16.93E+00,Error,NAN,5.1981E+00,5.0723E+00,167.16E-03,23.624E-03,1.012E+00,2.403E+00,NAN,NAN,NAN,NAN,NAN,NAN,NAN,NAN,NAN,0.000E+00,0.000E+00,0.000E+00,-1.6628E-03,0.000E+00,0.0000E+00,0.0000E+00,0.0000E+00,99.338E-06,0.0000E+00,42.315E-09,0.000E+00,0.000E+00,Error,Error,Error,NAN,65.346E-03,-63.366E-03,6.2261E-03,-7.1886E-03,Error,Error,NAN,NAN,NAN,NAN,NAN,NAN,NAN,NAN,NAN,NAN,NAN
  389,  2025/12/19,09:05:41,5.1349E+00,5.7008E+00,5.1326E+00,5.1326E+00,153.96E-03,69.074E-03,73.906E-03,66.538E-03,66.538E-03,18.542E-03,342.03E-03,354.68E-03,-93.900E-03,0.9643E+00,-15.35E+00,Error,NAN,5.2076E+00,5.0771E+00,137.19E-03,24.233E-03,1.014E+00,1.986E+00,NAN,NAN,NAN,NAN,NAN,NAN,NAN,NAN,NAN,0.000E+00,0.000E+00,0.000E+00,-1.3267E-03,0.000E+00,0.0000E+00,0.0000E+00,0.0000E+00,131.91E-06,0.0000E+00,-84.058E-09,0.000E+00,0.000E+00,Error,Error,Error,NAN,62.168E-03,-58.599E-03,6.0229E-03,-6.4772E-03,Error,Error,NAN,NAN,NAN,NAN,NAN,NAN,NAN,NAN,NAN,NAN,NAN
  390,  2025/12/19,09:05:41,5.1351E+00,5.7013E+00,5.1330E+00,5.1330E+00,149.03E-03,69.019E-03,73.916E-03,66.548E-03,66.548E-03,18.300E-03,342.10E-03,354.42E-03,-92.631E-03,0.9652E+00,-15.15E+00,Error,NAN,5.2028E+00,5.0835E+00,152.53E-03,22.710E-03,1.013E+00,2.210E+00,NAN,NAN,NAN,NAN,NAN,NAN,NAN,NAN,NAN,0.000E+00,0.000E+00,0.000E+00,-1.5445E-03,0.000E+00,0.0000E+00,0.0000E+00,0.0000E+00,117.08E-06,0.0000E+00,-78.083E-09,0.000E+00,0.000E+00,Error,Error,Error,NAN,57.401E-03,-61.777E-03,6.5310E-03,-5.6642E-03,Error,Error,NAN,NAN,NAN,NAN,NAN,NAN,NAN,NAN,NAN,NAN,NAN
  391,  2025/12/19,09:05:41,5.1346E+00,5.7005E+00,5.1323E+00,5.1323E+00,153.88E-03,68.840E-03,73.904E-03,66.537E-03,66.537E-03,17.657E-03,342.04E-03,353.46E-03,-89.153E-03,0.9677E+00,-14.61E+00,Error,NAN,5.2012E+00,5.0739E+00,138.21E-03,22.100E-03,1.013E+00,2.008E+00,NAN,NAN,NAN,NAN,NAN,NAN,NAN,NAN,NAN,0.000E+00,0.000E+00,0.000E+00,-1.4020E-03,0.000E+00,0.0000E+00,0.0000E+00,0.0000E+00,117.45E-06,0.0000E+00,-33.161E-09,0.000E+00,0.000E+00,Error,Error,Error,NAN,62.168E-03,-68.133E-03,6.7343E-03,-7.3918E-03,Error,Error,NAN,NAN,NAN,NAN,NAN,NAN,NAN,NAN,NAN,NAN,NAN
  392,  2025/12/19,09:05:41,5.1350E+00,5.7012E+00,5.1329E+00,5.1329E+00,149.08E-03,69.130E-03,73.879E-03,66.514E-03,66.514E-03,18.837E-03,341.84E-03,354.99E-03,-95.700E-03,0.9630E+00,-15.64E+00,Error,NAN,5.2108E+00,5.0803E+00,148.87E-03,22.100E-03,1.015E+00,2.154E+00,NAN,NAN,NAN,NAN,NAN,NAN,NAN,NAN,NAN,0.000E+00,0.000E+00,0.000E+00,-1.5128E-03,0.000E+00,0.0000E+00,0.0000E+00,0.0000E+00,137.53E-06,0.0000E+00,250.91E-09,0.000E+00,0.000E+00,Error,Error,Error,NAN,60.579E-03,-60.188E-03,6.1245E-03,-6.1723E-03,Error,Error,NAN,NAN,NAN,NAN,NAN,NAN,NAN,NAN,NAN,NAN,NAN
  393,  2025/12/19,09:05:41,5.1346E+00,5.7006E+00,5.1323E+00,5.1323E+00,153.99E-03,69.242E-03,73.894E-03,66.528E-03,66.528E-03,19.197E-03,341.98E-03,355.53E-03,-97.241E-03,0.9619E+00,-15.87E+00,Error,NAN,5.1933E+00,5.0771E+00,133.53E-03,22.913E-03,1.011E+00,1.929E+00,NAN,NAN,NAN,NAN,NAN,NAN,NAN,NAN,NAN,0.000E+00,0.000E+00,0.000E+00,-1.6115E-03,0.000E+00,0.0000E+00,0.0000E+00,0.0000E+00,120.36E-06,0.0000E+00,-281.97E-09,0.000E+00,0.000E+00,Error,Error,Error,NAN,68.524E-03,-71.311E-03,6.5310E-03,-6.2739E-03,Error,Error,NAN,NAN,NAN,NAN,NAN,NAN,NAN,NAN,NAN,NAN,NAN
  394,  2025/12/19,09:05:41,5.1349E+00,5.7010E+00,5.1327E+00,5.1327E+00,149.07E-03,68.989E-03,73.936E-03,66.566E-03,66.566E-03,18.125E-03,342.10E-03,354.25E-03,-92.013E-03,0.9657E+00,-15.05E+00,Error,NAN,5.1981E+00,5.0755E+00,135.16E-03,23.319E-03,1.012E+00,1.959E+00,NAN,NAN,NAN,NAN,NAN,NAN,NAN,NAN,NAN,0.000E+00,0.000E+00,0.000E+00,-1.2425E-03,0.000E+00,0.0000E+00,0.0000E+00,0.0000E+00,94.250E-06,0.0000E+00,-218.92E-09,0.000E+00,0.000E+00,Error,Error,Error,NAN,60.579E-03,-61.777E-03,6.2261E-03,-5.7658E-03,Error,Error,NAN,NAN,NAN,NAN,NAN,NAN,NAN,NAN,NAN,NAN,NAN
  395,  2025/12/19,09:05:42,5.1347E+00,5.7006E+00,5.1324E+00,5.1324E+00,153.98E-03,69.351E-03,73.890E-03,66.524E-03,66.524E-03,19.598E-03,341.97E-03,356.09E-03,-99.288E-03,0.9603E+00,-16.19E+00,Error,NAN,5.2028E+00,5.0723E+00,145.72E-03,24.030E-03,1.013E+00,2.101E+00,NAN,NAN,NAN,NAN,NAN,NAN,NAN,NAN,NAN,0.000E+00,0.000E+00,0.000E+00,-1.3916E-03,0.000E+00,0.0000E+00,0.0000E+00,0.0000E+00,103.95E-06,0.0000E+00,152.85E-09,0.000E+00,0.000E+00,Error,Error,Error,NAN,54.222E-03,-69.722E-03,5.9213E-03,-6.9853E-03,Error,Error,NAN,NAN,NAN,NAN,NAN,NAN,NAN,NAN,NAN,NAN,NAN
  396,  2025/12/19,09:05:42,5.1348E+00,5.7009E+00,5.1326E+00,5.1326E+00,149.02E-03,68.984E-03,73.911E-03,66.543E-03,66.543E-03,18.188E-03,342.01E-03,354.22E-03,-92.199E-03,0.9655E+00,-15.09E+00,Error,NAN,5.2028E+00,5.0660E+00,158.32E-03,23.319E-03,1.013E+00,2.295E+00,NAN,NAN,NAN,NAN,NAN,NAN,NAN,NAN,NAN,0.000E+00,0.000E+00,0.000E+00,-1.6336E-03,0.000E+00,0.0000E+00,0.0000E+00,0.0000E+00,102.79E-06,0.0000E+00,275.14E-09,0.000E+00,0.000E+00,Error,Error,Error,NAN,63.757E-03,-66.544E-03,6.5310E-03,-6.3756E-03,Error,Error,NAN,NAN,NAN,NAN,NAN,NAN,NAN,NAN,NAN,NAN,NAN
  397,  2025/12/19,09:05:42,5.1346E+00,5.7005E+00,5.1323E+00,5.1323E+00,153.96E-03,68.899E-03,73.931E-03,66.561E-03,66.561E-03,17.794E-03,342.22E-03,353.77E-03,-89.636E-03,0.9674E+00,-14.68E+00,Error,NAN,5.2028E+00,5.0723E+00,144.51E-03,21.491E-03,1.013E+00,2.097E+00,NAN,NAN,NAN,NAN,NAN,NAN,NAN,NAN,NAN,0.000E+00,0.000E+00,0.000E+00,-1.3048E-03,0.000E+00,0.0000E+00,0.0000E+00,0.0000E+00,71.027E-06,0.0000E+00,-258.55E-09,0.000E+00,0.000E+00,Error,Error,Error,NAN,63.757E-03,-61.777E-03,6.6327E-03,-6.2739E-03,Error,Error,NAN,NAN,NAN,NAN,NAN,NAN,NAN,NAN,NAN,NAN,NAN
  398,  2025/12/19,09:05:42,5.1352E+00,5.7013E+00,5.1330E+00,5.1330E+00,149.08E-03,69.352E-03,73.949E-03,66.578E-03,66.578E-03,19.420E-03,342.26E-03,356.14E-03,-98.451E-03,0.9610E+00,-16.05E+00,Error,NAN,5.1981E+00,5.0787E+00,148.26E-03,23.014E-03,1.012E+00,2.138E+00,NAN,NAN,NAN,NAN,NAN,NAN,NAN,NAN,NAN,0.000E+00,0.000E+00,0.000E+00,-1.5072E-03,0.000E+00,0.0000E+00,0.0000E+00,0.0000E+00,67.091E-06,0.0000E+00,268.68E-09,0.000E+00,0.000E+00,Error,Error,Error,NAN,68.524E-03,-58.599E-03,7.9538E-03,-6.1723E-03,Error,Error,NAN,NAN,NAN,NAN,NAN,NAN,NAN,NAN,NAN,NAN,NAN
  399,  2025/12/19,09:05:42,5.1344E+00,5.7003E+00,5.1321E+00,5.1321E+00,153.98E-03,69.045E-03,73.931E-03,66.561E-03,66.561E-03,18.351E-03,342.11E-03,354.50E-03,-92.896E-03,0.9651E+00,-15.19E+00,Error,NAN,5.1996E+00,5.0755E+00,145.93E-03,25.046E-03,1.013E+00,2.114E+00,NAN,NAN,NAN,NAN,NAN,NAN,NAN,NAN,NAN,0.000E+00,0.000E+00,0.000E+00,-1.4055E-03,0.000E+00,0.0000E+00,0.0000E+00,0.0000E+00,80.345E-06,0.0000E+00,329.52E-09,0.000E+00,0.000E+00,Error,Error,Error,NAN,57.401E-03,-74.489E-03,6.5310E-03,-6.1723E-03,Error,Error,NAN,NAN,NAN,NAN,NAN,NAN,NAN,NAN,NAN,NAN,NAN
  400,  2025/12/19,09:05:42,5.1352E+00,5.7013E+00,5.1330E+00,5.1330E+00,149.06E-03,69.198E-03,74.032E-03,66.652E-03,66.652E-03,18.594E-03,342.60E-03,355.34E-03,-94.307E-03,0.9641E+00,-15.39E+00,Error,NAN,5.2060E+00,5.0787E+00,141.36E-03,22.608E-03,1.014E+00,2.043E+00,NAN,NAN,NAN,NAN,NAN,NAN,NAN,NAN,NAN,0.000E+00,0.000E+00,0.000E+00,-1.7601E-03,0.000E+00,0.0000E+00,0.0000E+00,0.0000E+00,81.338E-06,0.0000E+00,101.63E-09,0.000E+00,0.000E+00,Error,Error,Error,NAN,57.401E-03,-61.777E-03,6.5310E-03,-6.4772E-03,Error,Error,NAN,NAN,NAN,NAN,NAN,NAN,NAN,NAN,NAN,NAN,NAN
  401,  2025/12/19,09:05:42,5.1352E+00,5.7012E+00,5.1328E+00,5.1328E+00,153.93E-03,69.347E-03,73.945E-03,66.574E-03,66.574E-03,19.414E-03,342.17E-03,356.11E-03,-98.668E-03,0.9608E+00,-16.09E+00,Error,NAN,5.2044E+00,5.0723E+00,131.91E-03,23.522E-03,1.013E+00,1.902E+00,NAN,NAN,NAN,NAN,NAN,NAN,NAN,NAN,NAN,0.000E+00,0.000E+00,0.000E+00,-1.6447E-03,0.000E+00,0.0000E+00,0.0000E+00,0.0000E+00,108.85E-06,0.0000E+00,113.63E-09,0.000E+00,0.000E+00,Error,Error,Error,NAN,57.401E-03,-66.544E-03,5.7180E-03,-5.7658E-03,Error,Error,NAN,NAN,NAN,NAN,NAN,NAN,NAN,NAN,NAN,NAN,NAN
  402,  2025/12/19,09:05:42,5.1347E+00,5.7008E+00,5.1325E+00,5.1325E+00,149.01E-03,68.969E-03,73.898E-03,66.532E-03,66.532E-03,18.172E-03,342.02E-03,354.13E-03,-91.834E-03,0.9658E+00,-15.03E+00,Error,NAN,5.2028E+00,5.0771E+00,152.02E-03,22.303E-03,1.013E+00,2.204E+00,NAN,NAN,NAN,NAN,NAN,NAN,NAN,NAN,NAN,0.000E+00,0.000E+00,0.000E+00,-1.7332E-03,0.000E+00,0.0000E+00,0.0000E+00,0.0000E+00,99.520E-06,0.0000E+00,60.318E-09,0.000E+00,0.000E+00,Error,Error,Error,NAN,52.633E-03,-61.777E-03,6.9375E-03,-6.6804E-03,Error,Error,NAN,NAN,NAN,NAN,NAN,NAN,NAN,NAN,NAN,NAN,NAN
  403,  2025/12/19,09:05:42,5.1345E+00,5.7004E+00,5.1322E+00,5.1322E+00,153.96E-03,69.335E-03,73.908E-03,66.541E-03,66.541E-03,19.487E-03,341.90E-03,356.00E-03,-99.189E-03,0.9604E+00,-16.18E+00,Error,NAN,5.1933E+00,5.0787E+00,146.44E-03,22.507E-03,1.011E+00,2.112E+00,NAN,NAN,NAN,NAN,NAN,NAN,NAN,NAN,NAN,0.000E+00,0.000E+00,0.000E+00,-1.4275E-03,0.000E+00,0.0000E+00,0.0000E+00,0.0000E+00,110.41E-06,0.0000E+00,193.13E-09,0.000E+00,0.000E+00,Error,Error,Error,NAN,66.935E-03,-64.955E-03,6.3278E-03,-5.9690E-03,Error,Error,NAN,NAN,NAN,NAN,NAN,NAN,NAN,NAN,NAN,NAN,NAN
  404,  2025/12/19,09:05:42,5.1352E+00,5.7014E+00,5.1331E+00,5.1331E+00,149.05E-03,69.054E-03,73.916E-03,66.548E-03,66.548E-03,18.435E-03,342.05E-03,354.61E-03,-93.540E-03,0.9646E+00,-15.29E+00,Error,NAN,5.1949E+00,5.0755E+00,133.13E-03,23.014E-03,1.012E+00,1.928E+00,NAN,NAN,NAN,NAN,NAN,NAN,NAN,NAN,NAN,0.000E+00,0.000E+00,0.000E+00,-1.5547E-03,0.000E+00,0.0000E+00,0.0000E+00,0.0000E+00,99.103E-06,0.0000E+00,-259.58E-09,0.000E+00,0.000E+00,Error,Error,Error,NAN,60.579E-03,-68.133E-03,6.9375E-03,-5.5625E-03,Error,Error,NAN,NAN,NAN,NAN,NAN,NAN,NAN,NAN,NAN,NAN,NAN
  405,  2025/12/19,09:05:43,5.1347E+00,5.7006E+00,5.1324E+00,5.1324E+00,153.96E-03,69.056E-03,73.895E-03,66.529E-03,66.529E-03,18.512E-03,341.92E-03,354.58E-03,-93.930E-03,0.9643E+00,-15.36E+00,Error,NAN,5.1981E+00,5.0787E+00,140.34E-03,23.827E-03,1.012E+00,2.032E+00,NAN,NAN,NAN,NAN,NAN,NAN,NAN,NAN,NAN,0.000E+00,0.000E+00,0.000E+00,-1.4294E-03,0.000E+00,0.0000E+00,0.0000E+00,0.0000E+00,67.058E-06,0.0000E+00,165.88E-09,0.000E+00,0.000E+00,Error,Error,Error,NAN,63.757E-03,-58.599E-03,5.8196E-03,-6.3756E-03,Error,Error,NAN,NAN,NAN,NAN,NAN,NAN,NAN,NAN,NAN,NAN,NAN
  406,  2025/12/19,09:05:43,5.1352E+00,5.7014E+00,5.1330E+00,5.1330E+00,149.07E-03,69.060E-03,73.945E-03,66.574E-03,66.574E-03,18.362E-03,342.22E-03,354.63E-03,-92.992E-03,0.9650E+00,-15.20E+00,Error,NAN,5.1981E+00,5.0723E+00,137.60E-03,23.726E-03,1.012E+00,1.992E+00,NAN,NAN,NAN,NAN,NAN,NAN,NAN,NAN,NAN,0.000E+00,0.000E+00,0.000E+00,-1.5460E-03,0.000E+00,0.0000E+00,0.0000E+00,0.0000E+00,64.269E-06,0.0000E+00,619.51E-09,0.000E+00,0.000E+00,Error,Error,Error,NAN,54.222E-03,-63.366E-03,6.8359E-03,-6.4772E-03,Error,Error,NAN,NAN,NAN,NAN,NAN,NAN,NAN,NAN,NAN,NAN,NAN
  407,  2025/12/19,09:05:43,5.1347E+00,5.7007E+00,5.1324E+00,5.1324E+00,153.93E-03,69.267E-03,73.918E-03,66.550E-03,66.550E-03,19.211E-03,342.14E-03,355.67E-03,-97.169E-03,0.9620E+00,-15.85E+00,Error,NAN,5.1996E+00,5.0771E+00,146.23E-03,23.726E-03,1.013E+00,2.111E+00,NAN,NAN,NAN,NAN,NAN,NAN,NAN,NAN,NAN,0.000E+00,0.000E+00,0.000E+00,-1.5607E-03,0.000E+00,0.0000E+00,0.0000E+00,0.0000E+00,144.28E-06,0.0000E+00,-388.36E-09,0.000E+00,0.000E+00,Error,Error,Error,NAN,66.935E-03,-60.188E-03,7.1408E-03,-6.1723E-03,Error,Error,NAN,NAN,NAN,NAN,NAN,NAN,NAN,NAN,NAN,NAN,NAN
  408,  2025/12/19,09:05:43,5.1348E+00,5.7009E+00,5.1326E+00,5.1326E+00,149.04E-03,69.026E-03,73.928E-03,66.558E-03,66.558E-03,18.294E-03,342.10E-03,354.44E-03,-92.688E-03,0.9652E+00,-15.16E+00,Error,NAN,5.1981E+00,5.0787E+00,148.26E-03,24.030E-03,1.012E+00,2.148E+00,NAN,NAN,NAN,NAN,NAN,NAN,NAN,NAN,NAN,0.000E+00,0.000E+00,0.000E+00,-1.9797E-03,0.000E+00,0.0000E+00,0.0000E+00,0.0000E+00,137.87E-06,0.0000E+00,126.28E-09,0.000E+00,0.000E+00,Error,Error,Error,NAN,63.757E-03,-69.722E-03,5.7180E-03,-7.1886E-03,Error,Error,NAN,NAN,NAN,NAN,NAN,NAN,NAN,NAN,NAN,NAN,NAN
  409,  2025/12/19,09:05:43,5.1348E+00,5.7007E+00,5.1324E+00,5.1324E+00,153.95E-03,69.203E-03,73.942E-03,66.571E-03,66.571E-03,18.905E-03,342.13E-03,355.34E-03,-95.983E-03,0.9628E+00,-15.67E+00,Error,NAN,5.1965E+00,5.0771E+00,138.82E-03,25.656E-03,1.012E+00,2.006E+00,NAN,NAN,NAN,NAN,NAN,NAN,NAN,NAN,NAN,0.000E+00,0.000E+00,0.000E+00,-1.6619E-03,0.000E+00,0.0000E+00,0.0000E+00,0.0000E+00,126.10E-06,0.0000E+00,-10.125E-09,0.000E+00,0.000E+00,Error,Error,Error,NAN,54.222E-03,-80.845E-03,6.0229E-03,-6.6804E-03,Error,Error,NAN,NAN,NAN,NAN,NAN,NAN,NAN,NAN,NAN,NAN,NAN
  410,  2025/12/19,09:05:43,5.1350E+00,5.7011E+00,5.1328E+00,5.1328E+00,149.05E-03,69.059E-03,73.958E-03,66.586E-03,66.586E-03,18.315E-03,342.25E-03,354.61E-03,-92.820E-03,0.9651E+00,-15.17E+00,Error,NAN,5.1949E+00,5.0819E+00,149.48E-03,25.656E-03,1.012E+00,2.165E+00,NAN,NAN,NAN,NAN,NAN,NAN,NAN,NAN,NAN,0.000E+00,0.000E+00,0.000E+00,-1.6092E-03,0.000E+00,0.0000E+00,0.0000E+00,0.0000E+00,104.70E-06,0.0000E+00,155.99E-09,0.000E+00,0.000E+00,Error,Error,Error,NAN,55.811E-03,-61.777E-03,7.0392E-03,-6.3756E-03,Error,Error,NAN,NAN,NAN,NAN,NAN,NAN,NAN,NAN,NAN,NAN,NAN
  411,  2025/12/19,09:05:44,5.1346E+00,5.7007E+00,5.1324E+00,5.1324E+00,149.00E-03,69.415E-03,73.917E-03,66.548E-03,66.548E-03,19.740E-03,342.06E-03,356.41E-03,-100.13E-03,0.9597E+00,-16.32E+00,Error,NAN,5.1965E+00,5.0787E+00,152.33E-03,24.843E-03,1.012E+00,2.194E+00,NAN,NAN,NAN,NAN,NAN,NAN,NAN,NAN,NAN,0.000E+00,0.000E+00,0.000E+00,-1.6819E-03,0.000E+00,0.0000E+00,0.0000E+00,0.0000E+00,158.30E-06,0.0000E+00,-214.05E-09,0.000E+00,0.000E+00,Error,Error,Error,NAN,54.222E-03,-63.366E-03,6.5310E-03,-6.4772E-03,Error,Error,NAN,NAN,NAN,NAN,NAN,NAN,NAN,NAN,NAN,NAN,NAN
  412,  2025/12/19,09:05:44,5.1349E+00,5.7009E+00,5.1326E+00,5.1326E+00,153.97E-03,68.699E-03,73.898E-03,66.531E-03,66.531E-03,17.123E-03,341.99E-03,352.77E-03,-86.516E-03,0.9695E+00,-14.20E+00,Error,NAN,5.2108E+00,5.0819E+00,158.12E-03,22.303E-03,1.015E+00,2.302E+00,NAN,NAN,NAN,NAN,NAN,NAN,NAN,NAN,NAN,0.000E+00,0.000E+00,0.000E+00,-1.8475E-03,0.000E+00,0.0000E+00,0.0000E+00,0.0000E+00,132.98E-06,0.0000E+00,-197.37E-09,0.000E+00,0.000E+00,Error,Error,Error,NAN,57.401E-03,-58.599E-03,6.3278E-03,-6.6804E-03,Error,Error,NAN,NAN,NAN,NAN,NAN,NAN,NAN,NAN,NAN,NAN,NAN
  413,  2025/12/19,09:05:44,5.1351E+00,5.7013E+00,5.1330E+00,5.1330E+00,149.03E-03,69.234E-03,73.877E-03,66.513E-03,66.513E-03,19.218E-03,341.84E-03,355.52E-03,-97.699E-03,0.9615E+00,-15.95E+00,Error,NAN,5.1933E+00,5.0803E+00,136.89E-03,21.288E-03,1.011E+00,1.977E+00,NAN,NAN,NAN,NAN,NAN,NAN,NAN,NAN,NAN,0.000E+00,0.000E+00,0.000E+00,-1.5211E-03,0.000E+00,0.0000E+00,0.0000E+00,0.0000E+00,134.82E-06,0.0000E+00,-576.02E-09,0.000E+00,0.000E+00,Error,Error,Error,NAN,58.990E-03,-66.544E-03,6.0229E-03,-6.4772E-03,Error,Error,NAN,NAN,NAN,NAN,NAN,NAN,NAN,NAN,NAN,NAN,NAN
  414,  2025/12/19,09:05:44,5.1352E+00,5.7012E+00,5.1329E+00,5.1329E+00,153.96E-03,69.204E-03,73.914E-03,66.546E-03,66.546E-03,18.996E-03,342.09E-03,355.38E-03,-96.281E-03,0.9626E+00,-15.72E+00,Error,NAN,5.2092E+00,5.0739E+00,156.09E-03,23.929E-03,1.014E+00,2.255E+00,NAN,NAN,NAN,NAN,NAN,NAN,NAN,NAN,NAN,0.000E+00,0.000E+00,0.000E+00,-1.6339E-03,0.000E+00,0.0000E+00,0.0000E+00,0.0000E+00,163.15E-06,0.0000E+00,-365.20E-09,0.000E+00,0.000E+00,Error,Error,Error,NAN,60.579E-03,-66.544E-03,6.1245E-03,-5.9690E-03,Error,Error,NAN,NAN,NAN,NAN,NAN,NAN,NAN,NAN,NAN,NAN,NAN
  415,  2025/12/19,09:05:45,5.1355E+00,5.7017E+00,5.1333E+00,5.1333E+00,149.08E-03,68.800E-03,73.884E-03,66.519E-03,66.519E-03,17.568E-03,341.92E-03,353.32E-03,-89.025E-03,0.9677E+00,-14.59E+00,Error,NAN,5.2012E+00,5.0771E+00,138.92E-03,25.554E-03,1.013E+00,2.019E+00,NAN,NAN,NAN,NAN,NAN,NAN,NAN,NAN,NAN,0.000E+00,0.000E+00,0.000E+00,-1.6254E-03,0.000E+00,0.0000E+00,0.0000E+00,0.0000E+00,154.43E-06,0.0000E+00,-314.24E-09,0.000E+00,0.000E+00,Error,Error,Error,NAN,52.633E-03,-61.777E-03,6.5310E-03,-5.8674E-03,Error,Error,NAN,NAN,NAN,NAN,NAN,NAN,NAN,NAN,NAN,NAN,NAN
  416,  2025/12/19,09:05:45,5.1352E+00,5.7012E+00,5.1329E+00,5.1329E+00,153.99E-03,69.193E-03,73.917E-03,66.549E-03,66.549E-03,18.944E-03,342.14E-03,355.32E-03,-95.865E-03,0.9629E+00,-15.65E+00,Error,NAN,5.1981E+00,5.0787E+00,155.17E-03,22.303E-03,1.012E+00,2.243E+00,NAN,NAN,NAN,NAN,NAN,NAN,NAN,NAN,NAN,0.000E+00,0.000E+00,0.000E+00,-1.9348E-03,0.000E+00,0.0000E+00,0.0000E+00,0.0000E+00,152.30E-06,0.0000E+00,-109.46E-09,0.000E+00,0.000E+00,Error,Error,Error,NAN,58.990E-03,-57.010E-03,6.2261E-03,-6.4772E-03,Error,Error,NAN,NAN,NAN,NAN,NAN,NAN,NAN,NAN,NAN,NAN,NAN
  417,  2025/12/19,09:05:45,5.1346E+00,5.7006E+00,5.1323E+00,5.1323E+00,153.94E-03,68.809E-03,73.899E-03,66.533E-03,66.533E-03,17.551E-03,341.97E-03,353.31E-03,-88.797E-03,0.9679E+00,-14.56E+00,Error,NAN,5.1949E+00,5.0771E+00,129.27E-03,24.437E-03,1.012E+00,1.879E+00,NAN,NAN,NAN,NAN,NAN,NAN,NAN,NAN,NAN,0.000E+00,0.000E+00,0.000E+00,-1.4516E-03,0.000E+00,0.0000E+00,0.0000E+00,0.0000E+00,155.65E-06,0.0000E+00,-232.67E-09,0.000E+00,0.000E+00,Error,Error,Error,NAN,57.401E-03,-64.955E-03,6.7343E-03,-6.1723E-03,Error,Error,NAN,NAN,NAN,NAN,NAN,NAN,NAN,NAN,NAN,NAN,NAN
  418,  2025/12/19,09:05:45,5.1348E+00,5.7010E+00,5.1327E+00,5.1327E+00,149.02E-03,69.339E-03,73.906E-03,66.539E-03,66.539E-03,19.506E-03,342.04E-03,356.04E-03,-98.889E-03,0.9607E+00,-16.13E+00,Error,NAN,5.1996E+00,5.0707E+00,152.02E-03,23.218E-03,1.013E+00,2.192E+00,NAN,NAN,NAN,NAN,NAN,NAN,NAN,NAN,NAN,0.000E+00,0.000E+00,0.000E+00,-1.8106E-03,0.000E+00,0.0000E+00,0.0000E+00,0.0000E+00,165.00E-06,0.0000E+00,-759.83E-09,0.000E+00,0.000E+00,Error,Error,Error,NAN,54.222E-03,-66.544E-03,5.7180E-03,-6.4772E-03,Error,Error,NAN,NAN,NAN,NAN,NAN,NAN,NAN,NAN,NAN,NAN,NAN
  419,  2025/12/19,09:05:45,5.1347E+00,5.7006E+00,5.1324E+00,5.1324E+00,153.88E-03,68.982E-03,73.952E-03,66.581E-03,66.581E-03,18.044E-03,342.22E-03,354.20E-03,-91.364E-03,0.9662E+00,-14.95E+00,Error,NAN,5.1981E+00,5.0803E+00,128.35E-03,25.351E-03,1.012E+00,1.861E+00,NAN,NAN,NAN,NAN,NAN,NAN,NAN,NAN,NAN,0.000E+00,0.000E+00,0.000E+00,-1.6380E-03,0.000E+00,0.0000E+00,0.0000E+00,0.0000E+00,191.60E-06,0.0000E+00,-342.11E-09,0.000E+00,0.000E+00,Error,Error,Error,NAN,57.401E-03,-61.777E-03,6.6327E-03,-6.0707E-03,Error,Error,NAN,NAN,NAN,NAN,NAN,NAN,NAN,NAN,NAN,NAN,NAN
  420,  2025/12/19,09:05:45,5.1349E+00,5.7010E+00,5.1327E+00,5.1327E+00,149.05E-03,69.101E-03,73.941E-03,66.571E-03,66.571E-03,18.527E-03,342.19E-03,354.82E-03,-93.848E-03,0.9644E+00,-15.34E+00,Error,NAN,5.2012E+00,5.0787E+00,138.21E-03,21.592E-03,1.013E+00,2.000E+00,NAN,NAN,NAN,NAN,NAN,NAN,NAN,NAN,NAN,0.000E+00,0.000E+00,0.000E+00,-1.4170E-03,0.000E+00,0.0000E+00,0.0000E+00,0.0000E+00,180.27E-06,0.0000E+00,-198.19E-09,0.000E+00,0.000E+00,Error,Error,Error,NAN,68.524E-03,-58.599E-03,7.4457E-03,-6.4772E-03,Error,Error,NAN,NAN,NAN,NAN,NAN,NAN,NAN,NAN,NAN,NAN,NAN
  421,  2025/12/19,09:05:45,5.1347E+00,5.7006E+00,5.1324E+00,5.1324E+00,153.96E-03,69.338E-03,73.952E-03,66.580E-03,66.580E-03,19.361E-03,342.21E-03,356.03E-03,-98.217E-03,0.9612E+00,-16.01E+00,Error,NAN,5.1981E+00,5.0691E+00,157.51E-03,24.538E-03,1.012E+00,2.272E+00,NAN,NAN,NAN,NAN,NAN,NAN,NAN,NAN,NAN,0.000E+00,0.000E+00,0.000E+00,-1.6535E-03,0.000E+00,0.0000E+00,0.0000E+00,0.0000E+00,146.87E-06,0.0000E+00,48.846E-09,0.000E+00,0.000E+00,Error,Error,Error,NAN,62.168E-03,-69.722E-03,6.4294E-03,-5.7658E-03,Error,Error,NAN,NAN,NAN,NAN,NAN,NAN,NAN,NAN,NAN,NAN,NAN
  422,  2025/12/19,09:05:45,5.1348E+00,5.7009E+00,5.1327E+00,5.1327E+00,149.06E-03,68.900E-03,73.944E-03,66.573E-03,66.573E-03,17.754E-03,342.12E-03,353.79E-03,-90.100E-03,0.9670E+00,-14.75E+00,Error,NAN,5.1965E+00,5.0628E+00,149.28E-03,25.656E-03,1.012E+00,2.167E+00,NAN,NAN,NAN,NAN,NAN,NAN,NAN,NAN,NAN,0.000E+00,0.000E+00,0.000E+00,-1.4023E-03,0.000E+00,0.0000E+00,0.0000E+00,0.0000E+00,149.27E-06,0.0000E+00,314.86E-09,0.000E+00,0.000E+00,Error,Error,Error,NAN,52.633E-03,-68.133E-03,7.5473E-03,-5.6642E-03,Error,Error,NAN,NAN,NAN,NAN,NAN,NAN,NAN,NAN,NAN,NAN,NAN
  423,  2025/12/19,09:05:46,5.1349E+00,5.7008E+00,5.1326E+00,5.1326E+00,153.95E-03,69.259E-03,73.916E-03,66.548E-03,66.548E-03,19.187E-03,342.08E-03,355.63E-03,-97.251E-03,0.9619E+00,-15.87E+00,Error,NAN,5.2012E+00,5.0723E+00,139.12E-03,22.811E-03,1.013E+00,2.009E+00,NAN,NAN,NAN,NAN,NAN,NAN,NAN,NAN,NAN,0.000E+00,0.000E+00,0.000E+00,-1.3036E-03,0.000E+00,0.0000E+00,0.0000E+00,0.0000E+00,172.57E-06,0.0000E+00,123.85E-09,0.000E+00,0.000E+00,Error,Error,Error,NAN,65.346E-03,-61.777E-03,6.8359E-03,-6.9853E-03,Error,Error,NAN,NAN,NAN,NAN,NAN,NAN,NAN,NAN,NAN,NAN,NAN
  424,  2025/12/19,09:05:46,5.1349E+00,5.7010E+00,5.1327E+00,5.1327E+00,149.05E-03,69.168E-03,73.929E-03,66.560E-03,66.560E-03,18.815E-03,342.11E-03,355.17E-03,-95.417E-03,0.9632E+00,-15.58E+00,Error,NAN,5.1965E+00,5.0755E+00,140.44E-03,22.608E-03,1.012E+00,2.030E+00,NAN,NAN,NAN,NAN,NAN,NAN,NAN,NAN,NAN,0.000E+00,0.000E+00,0.000E+00,-1.4996E-03,0.000E+00,0.0000E+00,0.0000E+00,0.0000E+00,151.85E-06,0.0000E+00,-21.232E-09,0.000E+00,0.000E+00,Error,Error,Error,NAN,57.401E-03,-66.544E-03,7.0392E-03,-6.1723E-03,Error,Error,NAN,NAN,NAN,NAN,NAN,NAN,NAN,NAN,NAN,NAN,NAN
  425,  2025/12/19,09:05:46,5.1347E+00,5.7006E+00,5.1324E+00,5.1324E+00,153.93E-03,69.029E-03,73.906E-03,66.539E-03,66.539E-03,18.373E-03,342.03E-03,354.44E-03,-92.989E-03,0.9650E+00,-15.21E+00,Error,NAN,5.2028E+00,5.0691E+00,135.97E-03,23.014E-03,1.013E+00,1.970E+00,NAN,NAN,NAN,NAN,NAN,NAN,NAN,NAN,NAN,0.000E+00,0.000E+00,0.000E+00,-1.3752E-03,0.000E+00,0.0000E+00,0.0000E+00,0.0000E+00,126.96E-06,0.0000E+00,-315.09E-09,0.000E+00,0.000E+00,Error,Error,Error,NAN,57.401E-03,-63.366E-03,6.5310E-03,-5.8674E-03,Error,Error,NAN,NAN,NAN,NAN,NAN,NAN,NAN,NAN,NAN,NAN,NAN
  426,  2025/12/19,09:05:46,5.1350E+00,5.7012E+00,5.1328E+00,5.1328E+00,149.05E-03,68.621E-03,73.853E-03,66.491E-03,66.491E-03,16.965E-03,341.84E-03,352.37E-03,-85.499E-03,0.9701E+00,-14.04E+00,Error,NAN,5.1981E+00,5.0755E+00,133.94E-03,24.843E-03,1.012E+00,1.952E+00,NAN,NAN,NAN,NAN,NAN,NAN,NAN,NAN,NAN,0.000E+00,0.000E+00,0.000E+00,-1.6653E-03,0.000E+00,0.0000E+00,0.0000E+00,0.0000E+00,121.47E-06,0.0000E+00,227.41E-09,0.000E+00,0.000E+00,Error,Error,Error,NAN,57.401E-03,-63.366E-03,6.7343E-03,-5.9690E-03,Error,Error,NAN,NAN,NAN,NAN,NAN,NAN,NAN,NAN,NAN,NAN,NAN
  427,  2025/12/19,09:05:46,5.1349E+00,5.7008E+00,5.1326E+00,5.1326E+00,154.00E-03,69.564E-03,73.923E-03,66.554E-03,66.554E-03,20.241E-03,342.02E-03,357.20E-03,-103.04E-03,0.9575E+00,-16.77E+00,Error,NAN,5.1949E+00,5.0691E+00,149.18E-03,24.538E-03,1.012E+00,2.144E+00,NAN,NAN,NAN,NAN,NAN,NAN,NAN,NAN,NAN,0.000E+00,0.000E+00,0.000E+00,-1.5560E-03,0.000E+00,0.0000E+00,0.0000E+00,0.0000E+00,149.56E-06,0.0000E+00,372.03E-09,0.000E+00,0.000E+00,Error,Error,Error,NAN,63.757E-03,-68.133E-03,6.9375E-03,-6.3756E-03,Error,Error,NAN,NAN,NAN,NAN,NAN,NAN,NAN,NAN,NAN,NAN,NAN
  428,  2025/12/19,09:05:46,5.1347E+00,5.7008E+00,5.1325E+00,5.1325E+00,149.02E-03,69.035E-03,73.865E-03,66.502E-03,66.502E-03,18.530E-03,341.80E-03,354.47E-03,-93.935E-03,0.9642E+00,-15.37E+00,Error,NAN,5.1949E+00,5.0771E+00,155.88E-03,23.929E-03,1.012E+00,2.258E+00,NAN,NAN,NAN,NAN,NAN,NAN,NAN,NAN,NAN,0.000E+00,0.000E+00,0.000E+00,-1.6403E-03,0.000E+00,0.0000E+00,0.0000E+00,0.0000E+00,146.53E-06,0.0000E+00,-39.984E-09,0.000E+00,0.000E+00,Error,Error,Error,NAN,60.579E-03,-66.544E-03,6.2261E-03,-5.3593E-03,Error,Error,NAN,NAN,NAN,NAN,NAN,NAN,NAN,NAN,NAN,NAN,NAN
  429,  2025/12/19,09:05:46,5.1348E+00,5.7007E+00,5.1324E+00,5.1324E+00,153.92E-03,68.938E-03,73.844E-03,66.483E-03,66.483E-03,18.231E-03,341.62E-03,353.98E-03,-92.698E-03,0.9651E+00,-15.18E+00,Error,NAN,5.1965E+00,5.0803E+00,158.93E-03,21.288E-03,1.012E+00,2.305E+00,NAN,NAN,NAN,NAN,NAN,NAN,NAN,NAN,NAN,0.000E+00,0.000E+00,0.000E+00,-1.4085E-03,0.000E+00,0.0000E+00,0.0000E+00,0.0000E+00,153.43E-06,0.0000E+00,469.53E-09,0.000E+00,0.000E+00,Error,Error,Error,NAN,62.168E-03,-61.777E-03,6.5310E-03,-6.5788E-03,Error,Error,NAN,NAN,NAN,NAN,NAN,NAN,NAN,NAN,NAN,NAN,NAN
  430,  2025/12/19,09:05:46,5.1348E+00,5.7009E+00,5.1326E+00,5.1326E+00,149.04E-03,69.205E-03,73.869E-03,66.505E-03,66.505E-03,19.140E-03,341.77E-03,355.35E-03,-97.304E-03,0.9618E+00,-15.89E+00,Error,NAN,5.1949E+00,5.0787E+00,148.77E-03,25.757E-03,1.012E+00,2.150E+00,NAN,NAN,NAN,NAN,NAN,NAN,NAN,NAN,NAN,0.000E+00,0.000E+00,0.000E+00,-1.5081E-03,0.000E+00,0.0000E+00,0.0000E+00,0.0000E+00,165.29E-06,0.0000E+00,55.125E-09,0.000E+00,0.000E+00,Error,Error,Error,NAN,76.469E-03,-57.010E-03,6.1245E-03,-6.3756E-03,Error,Error,NAN,NAN,NAN,NAN,NAN,NAN,NAN,NAN,NAN,NAN,NAN
  431,  2025/12/19,09:05:46,5.1345E+00,5.7004E+00,5.1321E+00,5.1321E+00,153.96E-03,68.998E-03,73.842E-03,66.481E-03,66.481E-03,18.464E-03,341.69E-03,354.27E-03,-93.544E-03,0.9645E+00,-15.31E+00,Error,NAN,5.1981E+00,5.0787E+00,137.29E-03,23.726E-03,1.012E+00,1.990E+00,NAN,NAN,NAN,NAN,NAN,NAN,NAN,NAN,NAN,0.000E+00,0.000E+00,0.000E+00,-1.5575E-03,0.000E+00,0.0000E+00,0.0000E+00,0.0000E+00,185.60E-06,0.0000E+00,-44.293E-09,0.000E+00,0.000E+00,Error,Error,Error,NAN,62.168E-03,-64.955E-03,6.2261E-03,-6.1723E-03,Error,Error,NAN,NAN,NAN,NAN,NAN,NAN,NAN,NAN,NAN,NAN,NAN
  432,  2025/12/19,09:05:46,5.1346E+00,5.7007E+00,5.1324E+00,5.1324E+00,149.03E-03,69.193E-03,73.845E-03,66.484E-03,66.484E-03,19.173E-03,341.70E-03,355.28E-03,-97.298E-03,0.9618E+00,-15.89E+00,Error,NAN,5.2044E+00,5.0755E+00,135.77E-03,24.233E-03,1.014E+00,1.962E+00,NAN,NAN,NAN,NAN,NAN,NAN,NAN,NAN,NAN,0.000E+00,0.000E+00,0.000E+00,-1.4329E-03,0.000E+00,0.0000E+00,0.0000E+00,0.0000E+00,205.42E-06,0.0000E+00,-148.92E-09,0.000E+00,0.000E+00,Error,Error,Error,NAN,58.990E-03,-61.777E-03,6.5310E-03,-5.5625E-03,Error,Error,NAN,NAN,NAN,NAN,NAN,NAN,NAN,NAN,NAN,NAN,NAN
  433,  2025/12/19,09:05:47,5.1347E+00,5.7006E+00,5.1324E+00,5.1324E+00,153.96E-03,68.789E-03,73.889E-03,66.523E-03,66.523E-03,17.510E-03,341.88E-03,353.21E-03,-88.760E-03,0.9679E+00,-14.55E+00,Error,NAN,5.1996E+00,5.0755E+00,135.46E-03,22.811E-03,1.013E+00,1.969E+00,NAN,NAN,NAN,NAN,NAN,NAN,NAN,NAN,NAN,0.000E+00,0.000E+00,0.000E+00,-1.5992E-03,0.000E+00,0.0000E+00,0.0000E+00,0.0000E+00,177.22E-06,0.0000E+00,-94.283E-09,0.000E+00,0.000E+00,Error,Error,Error,NAN,52.633E-03,-57.010E-03,6.8359E-03,-6.2739E-03,Error,Error,NAN,NAN,NAN,NAN,NAN,NAN,NAN,NAN,NAN,NAN,NAN
  434,  2025/12/19,09:05:47,5.1347E+00,5.7008E+00,5.1326E+00,5.1326E+00,149.05E-03,69.283E-03,73.911E-03,66.543E-03,66.543E-03,19.290E-03,342.05E-03,355.75E-03,-97.770E-03,0.9615E+00,-15.95E+00,Error,NAN,5.1981E+00,5.0771E+00,132.01E-03,22.100E-03,1.012E+00,1.905E+00,NAN,NAN,NAN,NAN,NAN,NAN,NAN,NAN,NAN,0.000E+00,0.000E+00,0.000E+00,-1.2808E-03,0.000E+00,0.0000E+00,0.0000E+00,0.0000E+00,182.73E-06,0.0000E+00,7.7006E-09,0.000E+00,0.000E+00,Error,Error,Error,NAN,60.579E-03,-64.955E-03,6.7343E-03,-6.0707E-03,Error,Error,NAN,NAN,NAN,NAN,NAN,NAN,NAN,NAN,NAN,NAN,NAN
  435,  2025/12/19,09:05:47,5.1348E+00,5.7007E+00,5.1325E+00,5.1325E+00,153.96E-03,69.220E-03,73.897E-03,66.531E-03,66.531E-03,19.105E-03,341.97E-03,355.43E-03,-96.885E-03,0.9621E+00,-15.82E+00,Error,NAN,5.1917E+00,5.0787E+00,140.65E-03,24.335E-03,1.011E+00,2.032E+00,NAN,NAN,NAN,NAN,NAN,NAN,NAN,NAN,NAN,0.000E+00,0.000E+00,0.000E+00,-1.3579E-03,0.000E+00,0.0000E+00,0.0000E+00,0.0000E+00,175.60E-06,0.0000E+00,-116.80E-09,0.000E+00,0.000E+00,Error,Error,Error,NAN,57.401E-03,-69.722E-03,6.4294E-03,-6.0707E-03,Error,Error,NAN,NAN,NAN,NAN,NAN,NAN,NAN,NAN,NAN,NAN,NAN
  436,  2025/12/19,09:05:47,5.1347E+00,5.7008E+00,5.1325E+00,5.1325E+00,149.03E-03,69.055E-03,73.908E-03,66.541E-03,66.541E-03,18.466E-03,342.09E-03,354.58E-03,-93.276E-03,0.9648E+00,-15.25E+00,Error,NAN,5.1949E+00,5.0819E+00,150.19E-03,23.421E-03,1.012E+00,2.175E+00,NAN,NAN,NAN,NAN,NAN,NAN,NAN,NAN,NAN,0.000E+00,0.000E+00,0.000E+00,-1.6149E-03,0.000E+00,0.0000E+00,0.0000E+00,0.0000E+00,116.71E-06,0.0000E+00,667.30E-09,0.000E+00,0.000E+00,Error,Error,Error,NAN,57.401E-03,-57.010E-03,6.2261E-03,-5.9690E-03,Error,Error,NAN,NAN,NAN,NAN,NAN,NAN,NAN,NAN,NAN,NAN,NAN
  437,  2025/12/19,09:05:47,5.1341E+00,5.7000E+00,5.1318E+00,5.1318E+00,153.93E-03,68.902E-03,73.889E-03,66.524E-03,66.524E-03,17.946E-03,341.92E-03,353.75E-03,-90.711E-03,0.9666E+00,-14.86E+00,Error,NAN,5.1965E+00,5.0787E+00,132.42E-03,22.811E-03,1.012E+00,1.922E+00,NAN,NAN,NAN,NAN,NAN,NAN,NAN,NAN,NAN,0.000E+00,0.000E+00,0.000E+00,-1.5051E-03,0.000E+00,0.0000E+00,0.0000E+00,0.0000E+00,107.74E-06,0.0000E+00,277.25E-09,0.000E+00,0.000E+00,Error,Error,Error,NAN,57.401E-03,-64.955E-03,6.0229E-03,-5.8674E-03,Error,Error,NAN,NAN,NAN,NAN,NAN,NAN,NAN,NAN,NAN,NAN,NAN
  438,  2025/12/19,09:05:47,5.1346E+00,5.7007E+00,5.1324E+00,5.1324E+00,149.03E-03,69.165E-03,73.922E-03,66.553E-03,66.553E-03,18.829E-03,342.06E-03,355.13E-03,-95.461E-03,0.9632E+00,-15.59E+00,Error,NAN,5.1949E+00,5.0723E+00,130.69E-03,25.148E-03,1.012E+00,1.890E+00,NAN,NAN,NAN,NAN,NAN,NAN,NAN,NAN,NAN,0.000E+00,0.000E+00,0.000E+00,-1.4110E-03,0.000E+00,0.0000E+00,0.0000E+00,0.0000E+00,149.83E-06,0.0000E+00,38.515E-09,0.000E+00,0.000E+00,Error,Error,Error,NAN,60.579E-03,-66.544E-03,6.6327E-03,-6.3756E-03,Error,Error,NAN,NAN,NAN,NAN,NAN,NAN,NAN,NAN,NAN,NAN,NAN
  439,  2025/12/19,09:05:47,5.1348E+00,5.7007E+00,5.1324E+00,5.1324E+00,153.89E-03,69.323E-03,73.884E-03,66.519E-03,66.519E-03,19.515E-03,341.88E-03,355.95E-03,-99.114E-03,0.9605E+00,-16.17E+00,Error,NAN,5.1965E+00,5.0755E+00,161.98E-03,24.030E-03,1.012E+00,2.337E+00,NAN,NAN,NAN,NAN,NAN,NAN,NAN,NAN,NAN,0.000E+00,0.000E+00,0.000E+00,-1.4925E-03,0.000E+00,0.0000E+00,0.0000E+00,0.0000E+00,137.34E-06,0.0000E+00,-340.51E-09,0.000E+00,0.000E+00,Error,Error,Error,NAN,57.401E-03,-57.010E-03,6.2261E-03,-5.3593E-03,Error,Error,NAN,NAN,NAN,NAN,NAN,NAN,NAN,NAN,NAN,NAN,NAN
  440,  2025/12/19,09:05:47,5.1348E+00,5.7010E+00,5.1327E+00,5.1327E+00,149.04E-03,68.841E-03,73.890E-03,66.525E-03,66.525E-03,17.708E-03,341.88E-03,353.49E-03,-89.831E-03,0.9672E+00,-14.72E+00,Error,NAN,5.1996E+00,5.0723E+00,137.50E-03,25.046E-03,1.013E+00,1.997E+00,NAN,NAN,NAN,NAN,NAN,NAN,NAN,NAN,NAN,0.000E+00,0.000E+00,0.000E+00,-1.7628E-03,0.000E+00,0.0000E+00,0.0000E+00,0.0000E+00,151.05E-06,0.0000E+00,-4.9905E-09,0.000E+00,0.000E+00,Error,Error,Error,NAN,54.222E-03,-57.010E-03,6.4294E-03,-6.3756E-03,Error,Error,NAN,NAN,NAN,NAN,NAN,NAN,NAN,NAN,NAN,NAN,NAN
  441,  2025/12/19,09:05:47,5.1348E+00,5.7007E+00,5.1325E+00,5.1325E+00,153.93E-03,69.244E-03,73.910E-03,66.542E-03,66.542E-03,19.155E-03,342.06E-03,355.55E-03,-97.002E-03,0.9621E+00,-15.83E+00,Error,NAN,5.1965E+00,5.0819E+00,143.79E-03,22.303E-03,1.012E+00,2.077E+00,NAN,NAN,NAN,NAN,NAN,NAN,NAN,NAN,NAN,0.000E+00,0.000E+00,0.000E+00,-1.5200E-03,0.000E+00,0.0000E+00,0.0000E+00,0.0000E+00,124.42E-06,0.0000E+00,-16.698E-09,0.000E+00,0.000E+00,Error,Error,Error,NAN,58.990E-03,-68.133E-03,6.5310E-03,-6.1723E-03,Error,Error,NAN,NAN,NAN,NAN,NAN,NAN,NAN,NAN,NAN,NAN,NAN
  442,  2025/12/19,09:05:47,5.1348E+00,5.7009E+00,5.1326E+00,5.1326E+00,149.05E-03,69.146E-03,73.897E-03,66.530E-03,66.530E-03,18.837E-03,341.98E-03,355.05E-03,-95.429E-03,0.9632E+00,-15.59E+00,Error,NAN,5.1949E+00,5.0739E+00,154.26E-03,19.256E-03,1.012E+00,2.231E+00,NAN,NAN,NAN,NAN,NAN,NAN,NAN,NAN,NAN,0.000E+00,0.000E+00,0.000E+00,-1.3841E-03,0.000E+00,0.0000E+00,0.0000E+00,0.0000E+00,178.53E-06,0.0000E+00,-572.15E-09,0.000E+00,0.000E+00,Error,Error,Error,NAN,58.990E-03,-61.777E-03,6.9375E-03,-6.6804E-03,Error,Error,NAN,NAN,NAN,NAN,NAN,NAN,NAN,NAN,NAN,NAN,NAN
  443,  2025/12/19,09:05:48,5.1348E+00,5.7008E+00,5.1325E+00,5.1325E+00,153.94E-03,69.086E-03,73.893E-03,66.527E-03,66.527E-03,18.630E-03,341.94E-03,354.74E-03,-94.448E-03,0.9639E+00,-15.44E+00,Error,NAN,5.1869E+00,5.0723E+00,146.33E-03,23.421E-03,1.010E+00,2.118E+00,NAN,NAN,NAN,NAN,NAN,NAN,NAN,NAN,NAN,0.000E+00,0.000E+00,0.000E+00,-1.5661E-03,0.000E+00,0.0000E+00,0.0000E+00,0.0000E+00,156.88E-06,0.0000E+00,-214.32E-09,0.000E+00,0.000E+00,Error,Error,Error,NAN,52.633E-03,-66.544E-03,6.1245E-03,-6.7821E-03,Error,Error,NAN,NAN,NAN,NAN,NAN,NAN,NAN,NAN,NAN,NAN,NAN
  444,  2025/12/19,09:05:48,5.1346E+00,5.7007E+00,5.1324E+00,5.1324E+00,149.02E-03,69.235E-03,73.877E-03,66.513E-03,66.513E-03,19.224E-03,341.86E-03,355.49E-03,-97.494E-03,0.9617E+00,-15.92E+00,Error,NAN,5.1917E+00,5.0803E+00,145.11E-03,24.945E-03,1.011E+00,2.096E+00,NAN,NAN,NAN,NAN,NAN,NAN,NAN,NAN,NAN,0.000E+00,0.000E+00,0.000E+00,-1.4421E-03,0.000E+00,0.0000E+00,0.0000E+00,0.0000E+00,169.48E-06,0.0000E+00,-157.08E-09,0.000E+00,0.000E+00,Error,Error,Error,NAN,60.579E-03,-57.010E-03,6.1245E-03,-7.3918E-03,Error,Error,NAN,NAN,NAN,NAN,NAN,NAN,NAN,NAN,NAN,NAN,NAN
  445,  2025/12/19,09:05:48,5.1347E+00,5.7007E+00,5.1324E+00,5.1324E+00,153.93E-03,69.040E-03,73.853E-03,66.491E-03,66.491E-03,18.585E-03,341.74E-03,354.50E-03,-94.248E-03,0.9640E+00,-15.42E+00,Error,NAN,5.1996E+00,5.0787E+00,134.65E-03,20.780E-03,1.013E+00,1.950E+00,NAN,NAN,NAN,NAN,NAN,NAN,NAN,NAN,NAN,0.000E+00,0.000E+00,0.000E+00,-1.4664E-03,0.000E+00,0.0000E+00,0.0000E+00,0.0000E+00,168.63E-06,0.0000E+00,410.62E-09,0.000E+00,0.000E+00,Error,Error,Error,NAN,60.579E-03,-60.188E-03,6.2261E-03,-5.8674E-03,Error,Error,NAN,NAN,NAN,NAN,NAN,NAN,NAN,NAN,NAN,NAN,NAN
  446,  2025/12/19,09:05:48,5.1347E+00,5.7009E+00,5.1326E+00,5.1326E+00,149.05E-03,69.079E-03,73.851E-03,66.490E-03,66.490E-03,18.736E-03,341.73E-03,354.70E-03,-95.060E-03,0.9634E+00,-15.55E+00,Error,NAN,5.2028E+00,5.0755E+00,144.00E-03,22.608E-03,1.013E+00,2.085E+00,NAN,NAN,NAN,NAN,NAN,NAN,NAN,NAN,NAN,0.000E+00,0.000E+00,0.000E+00,-1.4630E-03,0.000E+00,0.0000E+00,0.0000E+00,0.0000E+00,189.24E-06,0.0000E+00,279.78E-09,0.000E+00,0.000E+00,Error,Error,Error,NAN,58.990E-03,-64.955E-03,7.1408E-03,-6.8837E-03,Error,Error,NAN,NAN,NAN,NAN,NAN,NAN,NAN,NAN,NAN,NAN,NAN
  447,  2025/12/19,09:05:48,5.1345E+00,5.7005E+00,5.1322E+00,5.1322E+00,153.96E-03,69.131E-03,73.849E-03,66.487E-03,66.487E-03,18.935E-03,341.83E-03,354.96E-03,-95.645E-03,0.9630E+00,-15.63E+00,Error,NAN,5.1917E+00,5.0675E+00,135.26E-03,23.421E-03,1.011E+00,1.957E+00,NAN,NAN,NAN,NAN,NAN,NAN,NAN,NAN,NAN,0.000E+00,0.000E+00,0.000E+00,-1.2910E-03,0.000E+00,0.0000E+00,0.0000E+00,0.0000E+00,144.24E-06,0.0000E+00,-18.014E-09,0.000E+00,0.000E+00,Error,Error,Error,NAN,68.524E-03,-68.133E-03,6.2261E-03,-6.5788E-03,Error,Error,NAN,NAN,NAN,NAN,NAN,NAN,NAN,NAN,NAN,NAN,NAN
  448,  2025/12/19,09:05:48,5.1347E+00,5.7008E+00,5.1325E+00,5.1325E+00,149.03E-03,68.975E-03,73.858E-03,66.496E-03,66.496E-03,18.327E-03,341.78E-03,354.16E-03,-92.821E-03,0.9650E+00,-15.19E+00,Error,NAN,5.1965E+00,5.0739E+00,152.23E-03,22.811E-03,1.012E+00,2.207E+00,NAN,NAN,NAN,NAN,NAN,NAN,NAN,NAN,NAN,0.000E+00,0.000E+00,0.000E+00,-1.1387E-03,0.000E+00,0.0000E+00,0.0000E+00,0.0000E+00,50.919E-06,0.0000E+00,64.822E-09,0.000E+00,0.000E+00,Error,Error,Error,NAN,63.757E-03,-63.366E-03,6.1245E-03,-7.0869E-03,Error,Error,NAN,NAN,NAN,NAN,NAN,NAN,NAN,NAN,NAN,NAN,NAN
  449,  2025/12/19,09:05:48,5.1346E+00,5.7006E+00,5.1323E+00,5.1323E+00,153.90E-03,69.034E-03,73.818E-03,66.459E-03,66.459E-03,18.678E-03,341.54E-03,354.46E-03,-94.841E-03,0.9635E+00,-15.52E+00,Error,NAN,5.2044E+00,5.0675E+00,132.42E-03,24.132E-03,1.014E+00,1.918E+00,NAN,NAN,NAN,NAN,NAN,NAN,NAN,NAN,NAN,0.000E+00,0.000E+00,0.000E+00,-1.2466E-03,0.000E+00,0.0000E+00,0.0000E+00,0.0000E+00,67.837E-06,0.0000E+00,-375.34E-09,0.000E+00,0.000E+00,Error,Error,Error,NAN,55.811E-03,-64.955E-03,6.4294E-03,-6.4772E-03,Error,Error,NAN,NAN,NAN,NAN,NAN,NAN,NAN,NAN,NAN,NAN,NAN
  450,  2025/12/19,09:05:48,5.1347E+00,5.7008E+00,5.1325E+00,5.1325E+00,149.04E-03,68.965E-03,73.861E-03,66.498E-03,66.498E-03,18.279E-03,341.78E-03,354.11E-03,-92.645E-03,0.9652E+00,-15.17E+00,Error,NAN,5.1965E+00,5.0771E+00,135.36E-03,24.132E-03,1.012E+00,1.963E+00,NAN,NAN,NAN,NAN,NAN,NAN,NAN,NAN,NAN,0.000E+00,0.000E+00,0.000E+00,-1.7553E-03,0.000E+00,0.0000E+00,0.0000E+00,0.0000E+00,69.998E-06,0.0000E+00,322.24E-09,0.000E+00,0.000E+00,Error,Error,Error,NAN,58.990E-03,-66.544E-03,6.2261E-03,-6.3756E-03,Error,Error,NAN,NAN,NAN,NAN,NAN,NAN,NAN,NAN,NAN,NAN,NAN
  451,  2025/12/19,09:05:48,5.1346E+00,5.7006E+00,5.1323E+00,5.1323E+00,153.95E-03,69.380E-03,73.860E-03,66.498E-03,66.498E-03,19.789E-03,341.81E-03,356.24E-03,-100.36E-03,0.9595E+00,-16.36E+00,Error,NAN,5.1996E+00,5.0755E+00,151.72E-03,23.116E-03,1.013E+00,2.187E+00,NAN,NAN,NAN,NAN,NAN,NAN,NAN,NAN,NAN,0.000E+00,0.000E+00,0.000E+00,-1.5905E-03,0.000E+00,0.0000E+00,0.0000E+00,0.0000E+00,35.904E-06,0.0000E+00,489.93E-09,0.000E+00,0.000E+00,Error,Error,Error,NAN,58.990E-03,-60.188E-03,6.2261E-03,-6.7821E-03,Error,Error,NAN,NAN,NAN,NAN,NAN,NAN,NAN,NAN,NAN,NAN,NAN
  452,  2025/12/19,09:05:48,5.1347E+00,5.7009E+00,5.1326E+00,5.1326E+00,149.04E-03,68.567E-03,73.849E-03,66.487E-03,66.487E-03,16.757E-03,341.83E-03,352.07E-03,-84.320E-03,0.9709E+00,-13.86E+00,Error,NAN,5.1917E+00,5.0771E+00,126.83E-03,22.405E-03,1.011E+00,1.850E+00,NAN,NAN,NAN,NAN,NAN,NAN,NAN,NAN,NAN,0.000E+00,0.000E+00,0.000E+00,-1.4232E-03,0.000E+00,0.0000E+00,0.0000E+00,0.0000E+00,57.033E-06,0.0000E+00,-457.28E-09,0.000E+00,0.000E+00,Error,Error,Error,NAN,58.990E-03,-58.599E-03,6.3278E-03,-6.7821E-03,Error,Error,NAN,NAN,NAN,NAN,NAN,NAN,NAN,NAN,NAN,NAN,NAN
  453,  2025/12/19,09:05:49,5.1344E+00,5.7005E+00,5.1323E+00,5.1323E+00,149.01E-03,69.020E-03,73.862E-03,66.499E-03,66.499E-03,18.481E-03,341.80E-03,354.38E-03,-93.582E-03,0.9645E+00,-15.31E+00,Error,NAN,5.2044E+00,5.0707E+00,142.78E-03,23.624E-03,1.014E+00,2.069E+00,NAN,NAN,NAN,NAN,NAN,NAN,NAN,NAN,NAN,0.000E+00,0.000E+00,0.000E+00,-1.7390E-03,0.000E+00,0.0000E+00,0.0000E+00,0.0000E+00,92.540E-06,0.0000E+00,410.59E-09,0.000E+00,0.000E+00,Error,Error,Error,NAN,60.579E-03,-68.133E-03,6.2261E-03,-6.2739E-03,Error,Error,NAN,NAN,NAN,NAN,NAN,NAN,NAN,NAN,NAN,NAN,NAN
  454,  2025/12/19,09:05:49,5.1349E+00,5.7008E+00,5.1326E+00,5.1326E+00,153.92E-03,69.165E-03,73.838E-03,66.477E-03,66.477E-03,19.095E-03,341.77E-03,355.15E-03,-96.599E-03,0.9623E+00,-15.78E+00,Error,NAN,5.2060E+00,5.0803E+00,139.93E-03,24.030E-03,1.014E+00,2.023E+00,NAN,NAN,NAN,NAN,NAN,NAN,NAN,NAN,NAN,0.000E+00,0.000E+00,0.000E+00,-1.5603E-03,0.000E+00,0.0000E+00,0.0000E+00,0.0000E+00,120.81E-06,0.0000E+00,-135.91E-09,0.000E+00,0.000E+00,Error,Error,Error,NAN,62.168E-03,-64.955E-03,7.0392E-03,-5.9690E-03,Error,Error,NAN,NAN,NAN,NAN,NAN,NAN,NAN,NAN,NAN,NAN,NAN
  455,  2025/12/19,09:05:50,5.1346E+00,5.7006E+00,5.1323E+00,5.1323E+00,153.96E-03,69.165E-03,73.926E-03,66.557E-03,66.557E-03,18.816E-03,342.16E-03,355.14E-03,-95.121E-03,0.9635E+00,-15.54E+00,Error,NAN,5.1917E+00,5.0691E+00,146.13E-03,23.522E-03,1.011E+00,2.113E+00,NAN,NAN,NAN,NAN,NAN,NAN,NAN,NAN,NAN,0.000E+00,0.000E+00,0.000E+00,-1.4762E-03,0.000E+00,0.0000E+00,0.0000E+00,0.0000E+00,144.87E-06,0.0000E+00,403.43E-09,0.000E+00,0.000E+00,Error,Error,Error,NAN,60.579E-03,-69.722E-03,6.2261E-03,-5.9690E-03,Error,Error,NAN,NAN,NAN,NAN,NAN,NAN,NAN,NAN,NAN,NAN,NAN
  456,  2025/12/19,09:05:50,5.1351E+00,5.7012E+00,5.1329E+00,5.1329E+00,149.05E-03,68.926E-03,73.951E-03,66.579E-03,66.579E-03,17.831E-03,342.22E-03,353.94E-03,-90.330E-03,0.9669E+00,-14.79E+00,Error,NAN,5.2012E+00,5.0803E+00,137.70E-03,22.507E-03,1.013E+00,1.998E+00,NAN,NAN,NAN,NAN,NAN,NAN,NAN,NAN,NAN,0.000E+00,0.000E+00,0.000E+00,-1.5002E-03,0.000E+00,0.0000E+00,0.0000E+00,0.0000E+00,185.24E-06,0.0000E+00,73.301E-09,0.000E+00,0.000E+00,Error,Error,Error,NAN,57.401E-03,-60.188E-03,6.9375E-03,-6.2739E-03,Error,Error,NAN,NAN,NAN,NAN,NAN,NAN,NAN,NAN,NAN,NAN,NAN
  457,  2025/12/19,09:05:50,5.1347E+00,5.7007E+00,5.1324E+00,5.1324E+00,153.90E-03,69.345E-03,73.896E-03,66.529E-03,66.529E-03,19.561E-03,341.93E-03,356.07E-03,-99.347E-03,0.9603E+00,-16.20E+00,Error,NAN,5.2012E+00,5.0707E+00,148.26E-03,20.678E-03,1.013E+00,2.138E+00,NAN,NAN,NAN,NAN,NAN,NAN,NAN,NAN,NAN,0.000E+00,0.000E+00,0.000E+00,-1.5729E-03,0.000E+00,0.0000E+00,0.0000E+00,0.0000E+00,184.43E-06,0.0000E+00,-75.664E-09,0.000E+00,0.000E+00,Error,Error,Error,NAN,60.579E-03,-61.777E-03,6.6327E-03,-6.1723E-03,Error,Error,NAN,NAN,NAN,NAN,NAN,NAN,NAN,NAN,NAN,NAN,NAN
  458,  2025/12/19,09:05:50,5.1350E+00,5.7011E+00,5.1328E+00,5.1328E+00,149.07E-03,69.294E-03,73.870E-03,66.506E-03,66.506E-03,19.457E-03,341.88E-03,355.82E-03,-98.637E-03,0.9608E+00,-16.09E+00,Error,NAN,5.1981E+00,5.0739E+00,153.95E-03,24.945E-03,1.012E+00,2.222E+00,NAN,NAN,NAN,NAN,NAN,NAN,NAN,NAN,NAN,0.000E+00,0.000E+00,0.000E+00,-1.5813E-03,0.000E+00,0.0000E+00,0.0000E+00,0.0000E+00,166.01E-06,0.0000E+00,-337.02E-09,0.000E+00,0.000E+00,Error,Error,Error,NAN,55.811E-03,-61.777E-03,6.8359E-03,-6.7821E-03,Error,Error,NAN,NAN,NAN,NAN,NAN,NAN,NAN,NAN,NAN,NAN,NAN
  459,  2025/12/19,09:05:50,5.1350E+00,5.7010E+00,5.1327E+00,5.1327E+00,153.98E-03,68.923E-03,73.850E-03,66.488E-03,66.488E-03,18.160E-03,341.74E-03,353.92E-03,-92.053E-03,0.9656E+00,-15.08E+00,Error,NAN,5.2012E+00,5.0803E+00,137.29E-03,22.202E-03,1.013E+00,1.992E+00,NAN,NAN,NAN,NAN,NAN,NAN,NAN,NAN,NAN,0.000E+00,0.000E+00,0.000E+00,-1.8613E-03,0.000E+00,0.0000E+00,0.0000E+00,0.0000E+00,150.84E-06,0.0000E+00,125.84E-09,0.000E+00,0.000E+00,Error,Error,Error,NAN,57.401E-03,-63.366E-03,7.2424E-03,-5.9690E-03,Error,Error,NAN,NAN,NAN,NAN,NAN,NAN,NAN,NAN,NAN,NAN,NAN
  460,  2025/12/19,09:05:50,5.1349E+00,5.7011E+00,5.1328E+00,5.1328E+00,149.04E-03,69.291E-03,73.901E-03,66.534E-03,66.534E-03,19.350E-03,341.99E-03,355.80E-03,-98.192E-03,0.9612E+00,-16.02E+00,Error,NAN,5.1933E+00,5.0819E+00,169.29E-03,21.999E-03,1.011E+00,2.443E+00,NAN,NAN,NAN,NAN,NAN,NAN,NAN,NAN,NAN,0.000E+00,0.000E+00,0.000E+00,-1.5866E-03,0.000E+00,0.0000E+00,0.0000E+00,0.0000E+00,157.71E-06,0.0000E+00,164.66E-09,0.000E+00,0.000E+00,Error,Error,Error,NAN,62.168E-03,-57.010E-03,7.1408E-03,-5.9690E-03,Error,Error,NAN,NAN,NAN,NAN,NAN,NAN,NAN,NAN,NAN,NAN,NAN
  461,  2025/12/19,09:05:51,5.1349E+00,5.7008E+00,5.1326E+00,5.1326E+00,153.98E-03,68.898E-03,73.919E-03,66.551E-03,66.551E-03,17.833E-03,342.12E-03,353.79E-03,-90.112E-03,0.9670E+00,-14.76E+00,Error,NAN,5.2028E+00,5.0707E+00,160.86E-03,22.913E-03,1.013E+00,2.335E+00,NAN,NAN,NAN,NAN,NAN,NAN,NAN,NAN,NAN,0.000E+00,0.000E+00,0.000E+00,-1.2638E-03,0.000E+00,0.0000E+00,0.0000E+00,0.0000E+00,188.19E-06,0.0000E+00,333.19E-09,0.000E+00,0.000E+00,Error,Error,Error,NAN,54.222E-03,-68.133E-03,6.1245E-03,-5.5625E-03,Error,Error,NAN,NAN,NAN,NAN,NAN,NAN,NAN,NAN,NAN,NAN,NAN
  462,  2025/12/19,09:05:51,5.1344E+00,5.7005E+00,5.1322E+00,5.1322E+00,149.07E-03,69.180E-03,73.869E-03,66.505E-03,66.505E-03,19.050E-03,341.77E-03,355.20E-03,-96.726E-03,0.9622E+00,-15.80E+00,Error,NAN,5.2012E+00,5.0819E+00,158.93E-03,23.218E-03,1.013E+00,2.297E+00,NAN,NAN,NAN,NAN,NAN,NAN,NAN,NAN,NAN,0.000E+00,0.000E+00,0.000E+00,-1.4205E-03,0.000E+00,0.0000E+00,0.0000E+00,0.0000E+00,185.90E-06,0.0000E+00,551.24E-09,0.000E+00,0.000E+00,Error,Error,Error,NAN,58.990E-03,-57.010E-03,6.9375E-03,-5.4609E-03,Error,Error,NAN,NAN,NAN,NAN,NAN,NAN,NAN,NAN,NAN,NAN,NAN
  463,  2025/12/19,09:05:51,5.1345E+00,5.7005E+00,5.1322E+00,5.1322E+00,153.93E-03,68.945E-03,73.906E-03,66.539E-03,66.539E-03,18.054E-03,341.96E-03,354.00E-03,-91.543E-03,0.9660E+00,-14.99E+00,Error,NAN,5.1965E+00,5.0771E+00,128.86E-03,23.116E-03,1.012E+00,1.869E+00,NAN,NAN,NAN,NAN,NAN,NAN,NAN,NAN,NAN,0.000E+00,0.000E+00,0.000E+00,-1.5276E-03,0.000E+00,0.0000E+00,0.0000E+00,0.0000E+00,167.28E-06,0.0000E+00,-540.74E-09,0.000E+00,0.000E+00,Error,Error,Error,NAN,55.811E-03,-64.955E-03,6.3278E-03,-6.2739E-03,Error,Error,NAN,NAN,NAN,NAN,NAN,NAN,NAN,NAN,NAN,NAN,NAN
  464,  2025/12/19,09:05:51,5.1347E+00,5.7008E+00,5.1325E+00,5.1325E+00,149.04E-03,69.382E-03,73.882E-03,66.517E-03,66.517E-03,19.731E-03,341.84E-03,356.25E-03,-100.32E-03,0.9595E+00,-16.36E+00,Error,NAN,5.1965E+00,5.0771E+00,143.18E-03,23.421E-03,1.012E+00,2.064E+00,NAN,NAN,NAN,NAN,NAN,NAN,NAN,NAN,NAN,0.000E+00,0.000E+00,0.000E+00,-1.5388E-03,0.000E+00,0.0000E+00,0.0000E+00,0.0000E+00,188.62E-06,0.0000E+00,-54.409E-09,0.000E+00,0.000E+00,Error,Error,Error,NAN,60.579E-03,-66.544E-03,6.9375E-03,-7.2902E-03,Error,Error,NAN,NAN,NAN,NAN,NAN,NAN,NAN,NAN,NAN,NAN,NAN
  465,  2025/12/19,09:05:51,5.1346E+00,5.7005E+00,5.1323E+00,5.1323E+00,153.96E-03,69.159E-03,73.924E-03,66.555E-03,66.555E-03,18.802E-03,342.19E-03,355.10E-03,-94.874E-03,0.9636E+00,-15.50E+00,Error,NAN,5.1981E+00,5.0723E+00,148.97E-03,22.913E-03,1.012E+00,2.154E+00,NAN,NAN,NAN,NAN,NAN,NAN,NAN,NAN,NAN,0.000E+00,0.000E+00,0.000E+00,-1.6084E-03,0.000E+00,0.0000E+00,0.0000E+00,0.0000E+00,146.94E-06,0.0000E+00,356.91E-09,0.000E+00,0.000E+00,Error,Error,Error,NAN,57.401E-03,-68.133E-03,6.9375E-03,-5.9690E-03,Error,Error,NAN,NAN,NAN,NAN,NAN,NAN,NAN,NAN,NAN,NAN,NAN
  466,  2025/12/19,09:05:51,5.1348E+00,5.7009E+00,5.1326E+00,5.1326E+00,149.02E-03,69.089E-03,73.945E-03,66.574E-03,66.574E-03,18.473E-03,342.16E-03,354.76E-03,-93.702E-03,0.9645E+00,-15.32E+00,Error,NAN,5.1965E+00,5.0691E+00,136.28E-03,24.030E-03,1.012E+00,1.972E+00,NAN,NAN,NAN,NAN,NAN,NAN,NAN,NAN,NAN,0.000E+00,0.000E+00,0.000E+00,-1.6368E-03,0.000E+00,0.0000E+00,0.0000E+00,0.0000E+00,120.53E-06,0.0000E+00,-414.19E-09,0.000E+00,0.000E+00,Error,Error,Error,NAN,63.757E-03,-61.777E-03,6.4294E-03,-6.7821E-03,Error,Error,NAN,NAN,NAN,NAN,NAN,NAN,NAN,NAN,NAN,NAN,NAN
  467,  2025/12/19,09:05:51,5.1345E+00,5.7004E+00,5.1322E+00,5.1322E+00,153.86E-03,68.903E-03,73.914E-03,66.546E-03,66.546E-03,17.868E-03,342.20E-03,353.78E-03,-89.782E-03,0.9673E+00,-14.70E+00,Error,NAN,5.2203E+00,5.0628E+00,138.82E-03,24.132E-03,1.017E+00,2.015E+00,NAN,NAN,NAN,NAN,NAN,NAN,NAN,NAN,NAN,0.000E+00,0.000E+00,0.000E+00,-1.5241E-03,0.000E+00,0.0000E+00,0.0000E+00,0.0000E+00,112.50E-06,0.0000E+00,355.56E-09,0.000E+00,0.000E+00,Error,Error,Error,NAN,58.990E-03,-64.955E-03,5.9213E-03,-6.2739E-03,Error,Error,NAN,NAN,NAN,NAN,NAN,NAN,NAN,NAN,NAN,NAN,NAN
  468,  2025/12/19,09:05:51,5.1343E+00,5.7004E+00,5.1322E+00,5.1322E+00,149.07E-03,69.359E-03,73.920E-03,66.552E-03,66.552E-03,19.534E-03,342.09E-03,356.11E-03,-98.938E-03,0.9606E+00,-16.13E+00,Error,NAN,5.1996E+00,5.0739E+00,160.86E-03,23.929E-03,1.013E+00,2.319E+00,NAN,NAN,NAN,NAN,NAN,NAN,NAN,NAN,NAN,0.000E+00,0.000E+00,0.000E+00,-1.5305E-03,0.000E+00,0.0000E+00,0.0000E+00,0.0000E+00,121.95E-06,0.0000E+00,9.2476E-09,0.000E+00,0.000E+00,Error,Error,Error,NAN,63.757E-03,-53.832E-03,6.9375E-03,-6.6804E-03,Error,Error,NAN,NAN,NAN,NAN,NAN,NAN,NAN,NAN,NAN,NAN,NAN
  469,  2025/12/19,09:05:51,5.1348E+00,5.7007E+00,5.1325E+00,5.1325E+00,153.95E-03,68.747E-03,73.877E-03,66.512E-03,66.512E-03,17.386E-03,341.97E-03,353.00E-03,-87.565E-03,0.9687E+00,-14.36E+00,Error,NAN,5.1965E+00,5.0660E+00,133.53E-03,23.726E-03,1.012E+00,1.942E+00,NAN,NAN,NAN,NAN,NAN,NAN,NAN,NAN,NAN,0.000E+00,0.000E+00,0.000E+00,-1.5382E-03,0.000E+00,0.0000E+00,0.0000E+00,0.0000E+00,155.03E-06,0.0000E+00,176.30E-09,0.000E+00,0.000E+00,Error,Error,Error,NAN,58.990E-03,-61.777E-03,6.5310E-03,-5.9690E-03,Error,Error,NAN,NAN,NAN,NAN,NAN,NAN,NAN,NAN,NAN,NAN,NAN
  470,  2025/12/19,09:05:51,5.1348E+00,5.7009E+00,5.1326E+00,5.1326E+00,149.05E-03,69.526E-03,73.889E-03,66.523E-03,66.523E-03,20.212E-03,341.91E-03,357.00E-03,-102.70E-03,0.9577E+00,-16.72E+00,Error,NAN,5.2044E+00,5.0707E+00,148.26E-03,21.897E-03,1.014E+00,2.132E+00,NAN,NAN,NAN,NAN,NAN,NAN,NAN,NAN,NAN,0.000E+00,0.000E+00,0.000E+00,-1.3709E-03,0.000E+00,0.0000E+00,0.0000E+00,0.0000E+00,136.48E-06,0.0000E+00,201.98E-09,0.000E+00,0.000E+00,Error,Error,Error,NAN,62.168E-03,-61.777E-03,6.1245E-03,-6.9853E-03,Error,Error,NAN,NAN,NAN,NAN,NAN,NAN,NAN,NAN,NAN,NAN,NAN
  471,  2025/12/19,09:05:52,5.1345E+00,5.7004E+00,5.1322E+00,5.1322E+00,153.94E-03,68.785E-03,73.894E-03,66.528E-03,66.528E-03,17.478E-03,342.03E-03,353.18E-03,-88.042E-03,0.9684E+00,-14.44E+00,Error,NAN,5.1917E+00,5.0803E+00,137.19E-03,23.421E-03,1.011E+00,1.994E+00,NAN,NAN,NAN,NAN,NAN,NAN,NAN,NAN,NAN,0.000E+00,0.000E+00,0.000E+00,-1.4870E-03,0.000E+00,0.0000E+00,0.0000E+00,0.0000E+00,114.14E-06,0.0000E+00,412.09E-09,0.000E+00,0.000E+00,Error,Error,Error,NAN,58.990E-03,-63.366E-03,6.6327E-03,-7.0869E-03,Error,Error,NAN,NAN,NAN,NAN,NAN,NAN,NAN,NAN,NAN,NAN,NAN
  472,  2025/12/19,09:05:52,5.1349E+00,5.7010E+00,5.1327E+00,5.1327E+00,149.05E-03,69.254E-03,73.933E-03,66.563E-03,66.563E-03,19.117E-03,342.13E-03,355.61E-03,-96.984E-03,0.9621E+00,-15.83E+00,Error,NAN,5.1996E+00,5.0787E+00,134.35E-03,22.608E-03,1.013E+00,1.940E+00,NAN,NAN,NAN,NAN,NAN,NAN,NAN,NAN,NAN,0.000E+00,0.000E+00,0.000E+00,-1.5779E-03,0.000E+00,0.0000E+00,0.0000E+00,0.0000E+00,132.35E-06,0.0000E+00,134.71E-09,0.000E+00,0.000E+00,Error,Error,Error,NAN,70.113E-03,-68.133E-03,6.3278E-03,-6.8837E-03,Error,Error,NAN,NAN,NAN,NAN,NAN,NAN,NAN,NAN,NAN,NAN,NAN
  473,  2025/12/19,09:05:52,5.1345E+00,5.7004E+00,5.1322E+00,5.1322E+00,153.98E-03,69.221E-03,73.907E-03,66.540E-03,66.540E-03,19.079E-03,341.98E-03,355.41E-03,-96.790E-03,0.9622E+00,-15.80E+00,Error,NAN,5.1965E+00,5.0739E+00,158.73E-03,22.811E-03,1.012E+00,2.293E+00,NAN,NAN,NAN,NAN,NAN,NAN,NAN,NAN,NAN,0.000E+00,0.000E+00,0.000E+00,-1.7388E-03,0.000E+00,0.0000E+00,0.0000E+00,0.0000E+00,97.359E-06,0.0000E+00,-50.527E-09,0.000E+00,0.000E+00,Error,Error,Error,NAN,62.168E-03,-66.544E-03,5.5148E-03,-5.8674E-03,Error,Error,NAN,NAN,NAN,NAN,NAN,NAN,NAN,NAN,NAN,NAN,NAN
  474,  2025/12/19,09:05:52,5.1348E+00,5.7009E+00,5.1327E+00,5.1327E+00,149.04E-03,68.990E-03,73.951E-03,66.580E-03,66.580E-03,18.078E-03,342.22E-03,354.25E-03,-91.540E-03,0.9660E+00,-14.98E+00,Error,NAN,5.1965E+00,5.0739E+00,136.58E-03,24.437E-03,1.012E+00,1.980E+00,NAN,NAN,NAN,NAN,NAN,NAN,NAN,NAN,NAN,0.000E+00,0.000E+00,0.000E+00,-1.7320E-03,0.000E+00,0.0000E+00,0.0000E+00,0.0000E+00,91.503E-06,0.0000E+00,262.85E-09,0.000E+00,0.000E+00,Error,Error,Error,NAN,65.346E-03,-57.010E-03,7.4457E-03,-6.4772E-03,Error,Error,NAN,NAN,NAN,NAN,NAN,NAN,NAN,NAN,NAN,NAN,NAN
  475,  2025/12/19,09:05:52,5.1349E+00,5.7008E+00,5.1325E+00,5.1325E+00,153.95E-03,69.070E-03,73.856E-03,66.494E-03,66.494E-03,18.688E-03,341.85E-03,354.66E-03,-94.470E-03,0.9639E+00,-15.45E+00,Error,NAN,5.1981E+00,5.0787E+00,136.18E-03,24.132E-03,1.012E+00,1.972E+00,NAN,NAN,NAN,NAN,NAN,NAN,NAN,NAN,NAN,0.000E+00,0.000E+00,0.000E+00,-1.2928E-03,0.000E+00,0.0000E+00,0.0000E+00,0.0000E+00,106.54E-06,0.0000E+00,185.91E-09,0.000E+00,0.000E+00,Error,Error,Error,NAN,65.346E-03,-57.010E-03,6.0229E-03,-6.4772E-03,Error,Error,NAN,NAN,NAN,NAN,NAN,NAN,NAN,NAN,NAN,NAN,NAN
  476,  2025/12/19,09:05:52,5.1349E+00,5.7011E+00,5.1328E+00,5.1328E+00,149.06E-03,69.050E-03,73.878E-03,66.514E-03,66.514E-03,18.544E-03,341.96E-03,354.57E-03,-93.709E-03,0.9644E+00,-15.32E+00,Error,NAN,5.1933E+00,5.0707E+00,157.71E-03,23.014E-03,1.011E+00,2.284E+00,NAN,NAN,NAN,NAN,NAN,NAN,NAN,NAN,NAN,0.000E+00,0.000E+00,0.000E+00,-1.7195E-03,0.000E+00,0.0000E+00,0.0000E+00,0.0000E+00,91.642E-06,0.0000E+00,421.83E-09,0.000E+00,0.000E+00,Error,Error,Error,NAN,55.811E-03,-66.544E-03,6.2261E-03,-5.9690E-03,Error,Error,NAN,NAN,NAN,NAN,NAN,NAN,NAN,NAN,NAN,NAN,NAN
  477,  2025/12/19,09:05:52,5.1344E+00,5.7004E+00,5.1321E+00,5.1321E+00,153.86E-03,68.967E-03,73.842E-03,66.481E-03,66.481E-03,18.348E-03,341.76E-03,354.11E-03,-92.695E-03,0.9651E+00,-15.18E+00,Error,NAN,5.1933E+00,5.0803E+00,136.48E-03,24.945E-03,1.011E+00,1.979E+00,NAN,NAN,NAN,NAN,NAN,NAN,NAN,NAN,NAN,0.000E+00,0.000E+00,0.000E+00,-1.7202E-03,0.000E+00,0.0000E+00,0.0000E+00,0.0000E+00,88.644E-06,0.0000E+00,-456.43E-09,0.000E+00,0.000E+00,Error,Error,Error,NAN,54.222E-03,-64.955E-03,6.3278E-03,-7.3918E-03,Error,Error,NAN,NAN,NAN,NAN,NAN,NAN,NAN,NAN,NAN,NAN,NAN
  478,  2025/12/19,09:05:52,5.1345E+00,5.7006E+00,5.1324E+00,5.1324E+00,149.05E-03,68.994E-03,73.886E-03,66.521E-03,66.521E-03,18.306E-03,341.97E-03,354.25E-03,-92.478E-03,0.9653E+00,-15.13E+00,Error,NAN,5.1965E+00,5.0803E+00,138.00E-03,25.148E-03,1.012E+00,2.000E+00,NAN,NAN,NAN,NAN,NAN,NAN,NAN,NAN,NAN,0.000E+00,0.000E+00,0.000E+00,-1.3374E-03,0.000E+00,0.0000E+00,0.0000E+00,0.0000E+00,89.291E-06,0.0000E+00,289.72E-09,0.000E+00,0.000E+00,Error,Error,Error,NAN,55.811E-03,-63.366E-03,6.7343E-03,-5.9690E-03,Error,Error,NAN,NAN,NAN,NAN,NAN,NAN,NAN,NAN,NAN,NAN,NAN
  479,  2025/12/19,09:05:52,5.1345E+00,5.7004E+00,5.1322E+00,5.1322E+00,153.99E-03,69.408E-03,73.848E-03,66.486E-03,66.486E-03,19.925E-03,341.73E-03,356.38E-03,-101.12E-03,0.9589E+00,-16.48E+00,Error,NAN,5.1949E+00,5.0707E+00,152.63E-03,23.014E-03,1.012E+00,2.199E+00,NAN,NAN,NAN,NAN,NAN,NAN,NAN,NAN,NAN,0.000E+00,0.000E+00,0.000E+00,-1.5772E-03,0.000E+00,0.0000E+00,0.0000E+00,0.0000E+00,88.416E-06,0.0000E+00,-263.03E-09,0.000E+00,0.000E+00,Error,Error,Error,NAN,65.346E-03,-63.366E-03,6.9375E-03,-7.2902E-03,Error,Error,NAN,NAN,NAN,NAN,NAN,NAN,NAN,NAN,NAN,NAN,NAN
  480,  2025/12/19,09:05:52,5.1346E+00,5.7007E+00,5.1324E+00,5.1324E+00,149.02E-03,68.522E-03,73.835E-03,66.475E-03,66.475E-03,16.622E-03,341.61E-03,351.83E-03,-84.162E-03,0.9710E+00,-13.84E+00,Error,NAN,5.1981E+00,5.0819E+00,135.97E-03,24.132E-03,1.012E+00,1.984E+00,NAN,NAN,NAN,NAN,NAN,NAN,NAN,NAN,NAN,0.000E+00,0.000E+00,0.000E+00,-1.8258E-03,0.000E+00,0.0000E+00,0.0000E+00,0.0000E+00,92.871E-06,0.0000E+00,11.099E-09,0.000E+00,0.000E+00,Error,Error,Error,NAN,57.401E-03,-69.722E-03,6.7343E-03,-6.2739E-03,Error,Error,NAN,NAN,NAN,NAN,NAN,NAN,NAN,NAN,NAN,NAN,NAN
  481,  2025/12/19,09:05:53,5.1348E+00,5.7008E+00,5.1325E+00,5.1325E+00,153.92E-03,69.393E-03,73.950E-03,66.578E-03,66.578E-03,19.563E-03,342.25E-03,356.32E-03,-99.130E-03,0.9605E+00,-16.15E+00,Error,NAN,5.1981E+00,5.0755E+00,153.34E-03,19.764E-03,1.012E+00,2.210E+00,NAN,NAN,NAN,NAN,NAN,NAN,NAN,NAN,NAN,0.000E+00,0.000E+00,0.000E+00,-1.6350E-03,0.000E+00,0.0000E+00,0.0000E+00,0.0000E+00,115.02E-06,0.0000E+00,138.96E-09,0.000E+00,0.000E+00,Error,Error,Error,NAN,60.579E-03,-61.777E-03,6.3278E-03,-7.3918E-03,Error,Error,NAN,NAN,NAN,NAN,NAN,NAN,NAN,NAN,NAN,NAN,NAN
  482,  2025/12/19,09:05:53,5.1346E+00,5.7007E+00,5.1324E+00,5.1324E+00,149.03E-03,69.225E-03,73.914E-03,66.546E-03,66.546E-03,19.074E-03,341.99E-03,355.45E-03,-96.860E-03,0.9622E+00,-15.81E+00,Error,NAN,5.1965E+00,5.0771E+00,147.45E-03,24.945E-03,1.012E+00,2.130E+00,NAN,NAN,NAN,NAN,NAN,NAN,NAN,NAN,NAN,0.000E+00,0.000E+00,0.000E+00,-1.3951E-03,0.000E+00,0.0000E+00,0.0000E+00,0.0000E+00,55.013E-06,0.0000E+00,3.9624E-09,0.000E+00,0.000E+00,Error,Error,Error,NAN,79.647E-03,-64.955E-03,5.8196E-03,-7.9000E-03,Error,Error,NAN,NAN,NAN,NAN,NAN,NAN,NAN,NAN,NAN,NAN,NAN
  483,  2025/12/19,09:05:53,5.1347E+00,5.7006E+00,5.1324E+00,5.1324E+00,153.95E-03,68.777E-03,73.895E-03,66.529E-03,66.529E-03,17.441E-03,342.06E-03,353.15E-03,-87.819E-03,0.9686E+00,-14.40E+00,Error,NAN,5.2012E+00,5.0803E+00,132.21E-03,24.437E-03,1.013E+00,1.922E+00,NAN,NAN,NAN,NAN,NAN,NAN,NAN,NAN,NAN,0.000E+00,0.000E+00,0.000E+00,-1.7199E-03,0.000E+00,0.0000E+00,0.0000E+00,0.0000E+00,80.071E-06,0.0000E+00,-104.87E-09,0.000E+00,0.000E+00,Error,Error,Error,NAN,55.811E-03,-66.544E-03,6.2261E-03,-6.2739E-03,Error,Error,NAN,NAN,NAN,NAN,NAN,NAN,NAN,NAN,NAN,NAN,NAN
  484,  2025/12/19,09:05:53,5.1349E+00,5.7010E+00,5.1327E+00,5.1327E+00,149.06E-03,69.150E-03,73.860E-03,66.498E-03,66.498E-03,18.967E-03,341.77E-03,355.08E-03,-96.295E-03,0.9625E+00,-15.74E+00,Error,NAN,5.2028E+00,5.0771E+00,139.22E-03,23.929E-03,1.013E+00,2.013E+00,NAN,NAN,NAN,NAN,NAN,NAN,NAN,NAN,NAN,0.000E+00,0.000E+00,0.000E+00,-1.3047E-03,0.000E+00,0.0000E+00,0.0000E+00,0.0000E+00,59.459E-06,0.0000E+00,455.66E-09,0.000E+00,0.000E+00,Error,Error,Error,NAN,70.113E-03,-58.599E-03,6.3278E-03,-6.0707E-03,Error,Error,NAN,NAN,NAN,NAN,NAN,NAN,NAN,NAN,NAN,NAN,NAN
  485,  2025/12/19,09:05:53,5.1346E+00,5.7005E+00,5.1323E+00,5.1323E+00,153.96E-03,69.164E-03,73.843E-03,66.482E-03,66.482E-03,19.075E-03,341.73E-03,355.13E-03,-96.628E-03,0.9623E+00,-15.79E+00,Error,NAN,5.1981E+00,5.0755E+00,145.11E-03,23.014E-03,1.012E+00,2.098E+00,NAN,NAN,NAN,NAN,NAN,NAN,NAN,NAN,NAN,0.000E+00,0.000E+00,0.000E+00,-1.3592E-03,0.000E+00,0.0000E+00,0.0000E+00,0.0000E+00,89.713E-06,0.0000E+00,543.24E-09,0.000E+00,0.000E+00,Error,Error,Error,NAN,63.757E-03,-63.366E-03,6.1245E-03,-5.6642E-03,Error,Error,NAN,NAN,NAN,NAN,NAN,NAN,NAN,NAN,NAN,NAN,NAN
  486,  2025/12/19,09:05:53,5.1342E+00,5.7003E+00,5.1321E+00,5.1321E+00,149.03E-03,69.003E-03,73.853E-03,66.491E-03,66.491E-03,18.449E-03,341.69E-03,354.27E-03,-93.601E-03,0.9645E+00,-15.32E+00,Error,NAN,5.1917E+00,5.0771E+00,140.34E-03,23.624E-03,1.011E+00,2.034E+00,NAN,NAN,NAN,NAN,NAN,NAN,NAN,NAN,NAN,0.000E+00,0.000E+00,0.000E+00,-1.3908E-03,0.000E+00,0.0000E+00,0.0000E+00,0.0000E+00,116.74E-06,0.0000E+00,92.544E-09,0.000E+00,0.000E+00,Error,Error,Error,NAN,58.990E-03,-60.188E-03,6.6327E-03,-6.2739E-03,Error,Error,NAN,NAN,NAN,NAN,NAN,NAN,NAN,NAN,NAN,NAN,NAN
  487,  2025/12/19,09:05:53,5.1344E+00,5.7003E+00,5.1321E+00,5.1321E+00,153.91E-03,69.328E-03,73.877E-03,66.513E-03,66.513E-03,19.555E-03,341.80E-03,355.96E-03,-99.384E-03,0.9602E+00,-16.21E+00,Error,NAN,5.2060E+00,5.0787E+00,160.05E-03,24.640E-03,1.014E+00,2.309E+00,NAN,NAN,NAN,NAN,NAN,NAN,NAN,NAN,NAN,0.000E+00,0.000E+00,0.000E+00,-1.3827E-03,0.000E+00,0.0000E+00,0.0000E+00,0.0000E+00,138.17E-06,0.0000E+00,-2.1500E-09,0.000E+00,0.000E+00,Error,Error,Error,NAN,60.579E-03,-61.777E-03,6.9375E-03,-6.0707E-03,Error,Error,NAN,NAN,NAN,NAN,NAN,NAN,NAN,NAN,NAN,NAN,NAN
  488,  2025/12/19,09:05:54,5.1348E+00,5.7007E+00,5.1324E+00,5.1324E+00,153.95E-03,69.213E-03,73.911E-03,66.543E-03,66.543E-03,19.037E-03,342.03E-03,355.39E-03,-96.513E-03,0.9624E+00,-15.76E+00,Error,NAN,5.1981E+00,5.0819E+00,134.04E-03,23.421E-03,1.012E+00,1.937E+00,NAN,NAN,NAN,NAN,NAN,NAN,NAN,NAN,NAN,0.000E+00,0.000E+00,0.000E+00,-1.4023E-03,0.000E+00,0.0000E+00,0.0000E+00,0.0000E+00,175.06E-06,0.0000E+00,-332.18E-09,0.000E+00,0.000E+00,Error,Error,Error,NAN,55.811E-03,-60.188E-03,7.7505E-03,-6.0707E-03,Error,Error,NAN,NAN,NAN,NAN,NAN,NAN,NAN,NAN,NAN,NAN,NAN
  489,  2025/12/19,09:05:54,5.1345E+00,5.7006E+00,5.1323E+00,5.1323E+00,149.05E-03,69.066E-03,73.951E-03,66.579E-03,66.579E-03,18.364E-03,342.21E-03,354.62E-03,-92.962E-03,0.9650E+00,-15.20E+00,Error,NAN,5.1996E+00,5.0771E+00,143.39E-03,24.640E-03,1.013E+00,2.076E+00,NAN,NAN,NAN,NAN,NAN,NAN,NAN,NAN,NAN,0.000E+00,0.000E+00,0.000E+00,-1.7795E-03,0.000E+00,0.0000E+00,0.0000E+00,0.0000E+00,193.37E-06,0.0000E+00,-126.21E-09,0.000E+00,0.000E+00,Error,Error,Error,NAN,58.990E-03,-63.366E-03,6.9375E-03,-5.6642E-03,Error,Error,NAN,NAN,NAN,NAN,NAN,NAN,NAN,NAN,NAN,NAN,NAN
  490,  2025/12/19,09:05:54,5.1346E+00,5.7005E+00,5.1323E+00,5.1323E+00,153.96E-03,69.135E-03,73.861E-03,66.498E-03,66.498E-03,18.912E-03,341.84E-03,354.98E-03,-95.701E-03,0.9630E+00,-15.64E+00,Error,NAN,5.2044E+00,5.0787E+00,156.19E-03,20.780E-03,1.014E+00,2.259E+00,NAN,NAN,NAN,NAN,NAN,NAN,NAN,NAN,NAN,0.000E+00,0.000E+00,0.000E+00,-1.4868E-03,0.000E+00,0.0000E+00,0.0000E+00,0.0000E+00,196.41E-06,0.0000E+00,-264.74E-09,0.000E+00,0.000E+00,Error,Error,Error,NAN,54.222E-03,-58.599E-03,6.2261E-03,-5.4609E-03,Error,Error,NAN,NAN,NAN,NAN,NAN,NAN,NAN,NAN,NAN,NAN,NAN
  491,  2025/12/19,09:05:54,5.1346E+00,5.7007E+00,5.1324E+00,5.1324E+00,149.01E-03,68.860E-03,73.876E-03,66.511E-03,66.511E-03,17.829E-03,341.81E-03,353.57E-03,-90.413E-03,0.9668E+00,-14.82E+00,Error,NAN,5.1996E+00,5.0739E+00,139.63E-03,23.218E-03,1.013E+00,2.028E+00,NAN,NAN,NAN,NAN,NAN,NAN,NAN,NAN,NAN,0.000E+00,0.000E+00,0.000E+00,-1.5945E-03,0.000E+00,0.0000E+00,0.0000E+00,0.0000E+00,147.48E-06,0.0000E+00,-444.57E-09,0.000E+00,0.000E+00,Error,Error,Error,NAN,65.346E-03,-61.777E-03,7.1408E-03,-6.2739E-03,Error,Error,NAN,NAN,NAN,NAN,NAN,NAN,NAN,NAN,NAN,NAN,NAN
  492,  2025/12/19,09:05:54,5.1348E+00,5.7007E+00,5.1324E+00,5.1324E+00,153.92E-03,69.291E-03,73.888E-03,66.523E-03,66.523E-03,19.389E-03,341.96E-03,355.79E-03,-98.249E-03,0.9611E+00,-16.03E+00,Error,NAN,5.1965E+00,5.0803E+00,145.83E-03,21.491E-03,1.012E+00,2.105E+00,NAN,NAN,NAN,NAN,NAN,NAN,NAN,NAN,NAN,0.000E+00,0.000E+00,0.000E+00,-1.7391E-03,0.000E+00,0.0000E+00,0.0000E+00,0.0000E+00,154.47E-06,0.0000E+00,-10.228E-09,0.000E+00,0.000E+00,Error,Error,Error,NAN,54.222E-03,-69.722E-03,6.1245E-03,-7.0869E-03,Error,Error,NAN,NAN,NAN,NAN,NAN,NAN,NAN,NAN,NAN,NAN,NAN
  493,  2025/12/19,09:05:54,5.1351E+00,5.7012E+00,5.1329E+00,5.1329E+00,149.06E-03,68.937E-03,73.880E-03,66.515E-03,66.515E-03,18.113E-03,341.86E-03,354.00E-03,-91.887E-03,0.9657E+00,-15.04E+00,Error,NAN,5.1996E+00,5.0771E+00,150.40E-03,23.421E-03,1.013E+00,2.182E+00,NAN,NAN,NAN,NAN,NAN,NAN,NAN,NAN,NAN,0.000E+00,0.000E+00,0.000E+00,-1.6329E-03,0.000E+00,0.0000E+00,0.0000E+00,0.0000E+00,111.14E-06,0.0000E+00,-43.676E-09,0.000E+00,0.000E+00,Error,Error,Error,NAN,60.579E-03,-55.421E-03,7.6489E-03,-5.8674E-03,Error,Error,NAN,NAN,NAN,NAN,NAN,NAN,NAN,NAN,NAN,NAN,NAN
  494,  2025/12/19,09:05:54,5.1345E+00,5.7005E+00,5.1322E+00,5.1322E+00,153.94E-03,69.151E-03,73.865E-03,66.502E-03,66.502E-03,18.957E-03,341.91E-03,355.06E-03,-95.740E-03,0.9630E+00,-15.64E+00,Error,NAN,5.1901E+00,5.0787E+00,139.12E-03,23.319E-03,1.011E+00,2.012E+00,NAN,NAN,NAN,NAN,NAN,NAN,NAN,NAN,NAN,0.000E+00,0.000E+00,0.000E+00,-1.5006E-03,0.000E+00,0.0000E+00,0.0000E+00,0.0000E+00,118.30E-06,0.0000E+00,74.259E-09,0.000E+00,0.000E+00,Error,Error,Error,NAN,58.990E-03,-58.599E-03,6.2261E-03,-6.3756E-03,Error,Error,NAN,NAN,NAN,NAN,NAN,NAN,NAN,NAN,NAN,NAN,NAN
  495,  2025/12/19,09:05:54,5.1349E+00,5.7011E+00,5.1328E+00,5.1328E+00,149.04E-03,69.224E-03,73.890E-03,66.524E-03,66.524E-03,19.144E-03,341.92E-03,355.46E-03,-97.186E-03,0.9619E+00,-15.87E+00,Error,NAN,5.1933E+00,5.0691E+00,142.68E-03,22.303E-03,1.011E+00,2.061E+00,NAN,NAN,NAN,NAN,NAN,NAN,NAN,NAN,NAN,0.000E+00,0.000E+00,0.000E+00,-1.6827E-03,0.000E+00,0.0000E+00,0.0000E+00,0.0000E+00,118.72E-06,0.0000E+00,-123.48E-09,0.000E+00,0.000E+00,Error,Error,Error,NAN,65.346E-03,-66.544E-03,6.2261E-03,-6.3756E-03,Error,Error,NAN,NAN,NAN,NAN,NAN,NAN,NAN,NAN,NAN,NAN,NAN
  496,  2025/12/19,09:05:55,5.1349E+00,5.7008E+00,5.1326E+00,5.1326E+00,153.97E-03,68.767E-03,73.877E-03,66.513E-03,66.513E-03,17.464E-03,341.91E-03,353.11E-03,-88.243E-03,0.9683E+00,-14.47E+00,Error,NAN,5.1949E+00,5.0723E+00,145.62E-03,23.726E-03,1.012E+00,2.118E+00,NAN,NAN,NAN,NAN,NAN,NAN,NAN,NAN,NAN,0.000E+00,0.000E+00,0.000E+00,-1.3667E-03,0.000E+00,0.0000E+00,0.0000E+00,0.0000E+00,114.88E-06,0.0000E+00,173.91E-09,0.000E+00,0.000E+00,Error,Error,Error,NAN,68.524E-03,-58.599E-03,6.8359E-03,-6.3756E-03,Error,Error,NAN,NAN,NAN,NAN,NAN,NAN,NAN,NAN,NAN,NAN,NAN
  497,  2025/12/19,09:05:55,5.1353E+00,5.7015E+00,5.1332E+00,5.1332E+00,149.05E-03,69.136E-03,73.842E-03,66.481E-03,66.481E-03,18.976E-03,341.78E-03,355.04E-03,-96.105E-03,0.9627E+00,-15.71E+00,Error,NAN,5.1965E+00,5.0835E+00,153.24E-03,22.913E-03,1.012E+00,2.217E+00,NAN,NAN,NAN,NAN,NAN,NAN,NAN,NAN,NAN,0.000E+00,0.000E+00,0.000E+00,-1.1267E-03,0.000E+00,0.0000E+00,0.0000E+00,0.0000E+00,117.77E-06,0.0000E+00,143.52E-09,0.000E+00,0.000E+00,Error,Error,Error,NAN,52.633E-03,-66.544E-03,6.1245E-03,-6.8837E-03,Error,Error,NAN,NAN,NAN,NAN,NAN,NAN,NAN,NAN,NAN,NAN,NAN
  498,  2025/12/19,09:05:55,5.1349E+00,5.7008E+00,5.1325E+00,5.1325E+00,153.98E-03,69.151E-03,73.816E-03,66.458E-03,66.458E-03,19.111E-03,341.58E-03,355.08E-03,-96.986E-03,0.9620E+00,-15.85E+00,Error,NAN,5.1949E+00,5.0771E+00,142.78E-03,24.030E-03,1.012E+00,2.065E+00,NAN,NAN,NAN,NAN,NAN,NAN,NAN,NAN,NAN,0.000E+00,0.000E+00,0.000E+00,-1.5011E-03,0.000E+00,0.0000E+00,0.0000E+00,0.0000E+00,104.98E-06,0.0000E+00,312.20E-09,0.000E+00,0.000E+00,Error,Error,Error,NAN,60.579E-03,-61.777E-03,6.9375E-03,-7.0869E-03,Error,Error,NAN,NAN,NAN,NAN,NAN,NAN,NAN,NAN,NAN,NAN,NAN
  499,  2025/12/19,09:05:55,5.1349E+00,5.7010E+00,5.1327E+00,5.1327E+00,149.07E-03,69.399E-03,73.859E-03,66.496E-03,66.496E-03,19.861E-03,341.77E-03,356.36E-03,-100.91E-03,0.9591E+00,-16.45E+00,Error,NAN,5.1949E+00,5.0723E+00,141.86E-03,21.592E-03,1.012E+00,2.044E+00,NAN,NAN,NAN,NAN,NAN,NAN,NAN,NAN,NAN,0.000E+00,0.000E+00,0.000E+00,-1.3948E-03,0.000E+00,0.0000E+00,0.0000E+00,0.0000E+00,163.91E-06,0.0000E+00,-108.06E-09,0.000E+00,0.000E+00,Error,Error,Error,NAN,66.935E-03,-61.777E-03,6.5310E-03,-6.8837E-03,Error,Error,NAN,NAN,NAN,NAN,NAN,NAN,NAN,NAN,NAN,NAN,NAN