"Model","WT500 (760203)"
"Comment",""
"Version","1.31"
"Date","2026/03/17"
"Time","10:46:33"

"<Settings>"
"Wiring","NONE"
"Element","Element1","Element2","Element3"
"Module","1kV40A","1kV40A","1kV40A"
"Wiring","1P2W","1P2W","1P2W"
"Voltage Range","300V","15V","15V"
"Terminal","Direct","Direct","Direct"
"Current Range","     10A","      1A","     10A"
"Sensor Ratio","10.0000","10.0000","10.0000"
"Line Filter","Off","Off","Off"
"Frequency Filter","Off","Off","Off"
"Scaling","On"
"Vt Ratio","1.0000","1.0000","1.0000"
"Ct Ratio","1.0000","1.0000","1.0000"
"Scaling Factor","1.0000","1.0000","1.0000"
"Sync Source","U1","U1","U1"
"Average","Off"
"F1","Off"
"F2","Off"
"F3","Off"
"F4","Off"
"F5","Off"
"F6","Off"
"F7","Off"
"F8","Off"
"S,Q Formula","Type 1"
"Phase Angle","180 degree"
"Max Hold","Off"
"Null","Off"
"Measurement Mode","Normal Mode"
"Update Rate","100ms"
"Crest Factor","3"
"Delta Measure Mode","RMS"

"<Settings (Harmonics)>"
"PLL Source","U3"
"Order","1 To 50"
"THD Formula","Total"

"Store No.","Date","Time","Urms-E1","Umn-E1","Urmn-E1","Udc-E1","Uac-E1","Irms-E1","Imn-E1","Irmn-E1","Idc-E1","Iac-E1","P-E1","S-E1","Q-E1","PF-E1","DEG-E1","FU-E1","FI-E1","U+pk-E1","U-pk-E1","I+pk-E1","I-pk-E1","CfU-E1","CfI-E1","Time-E1","Wp-E1","Wp+-E1","Wp--E1","q-E1","q+-E1","q--E1","WS-E1","WQ-E1","Urms-E2","Umn-E2","Urmn-E2","Udc-E2","Uac-E2","Irms-E2","Imn-E2","Irmn-E2","Idc-E2","Iac-E2","P-E2","S-E2","Q-E2","PF-E2","DEG-E2","FU-E2","FI-E2","U+pk-E2","U-pk-E2","I+pk-E2","I-pk-E2","CfU-E2","CfI-E2","Time-E2","Wp-E2","Wp+-E2","Wp--E2","q-E2","q+-E2","q--E2","WS-E2","WQ-E2","eta1","eta2"
    1,  2026/03/17,10:44:09,122.90E+00,123.67E+00,111.34E+00,40.706E-03,122.90E+00,9.4957E+00,9.3551E+00,8.4225E+00,473.33E-06,9.4957E+00,-1.1639E+03,1.1670E+03,-85.859E+00,-0.9973E+00,-175.78E+00,50.003E+00,NAN,173.21E+00,-173.16E+00,14.177E+00,-14.155E+00,1.409E+00,1.493E+00,NAN,NAN,NAN,NAN,NAN,NAN,NAN,NAN,NAN,0.000E+00,0.000E+00,0.000E+00,-10.668E-03,0.000E+00,0.0000E+00,0.0000E+00,0.0000E+00,108.72E-06,0.0000E+00,-3.4346E-06,0.000E+00,0.000E+00,Error,Error,Error,NAN,102.38E-03,-99.430E-03,7.4452E-03,-6.1728E-03,Error,Error,NAN,NAN,NAN,NAN,NAN,NAN,NAN,NAN,NAN,NAN,NAN
    2,  2026/03/17,10:44:10,122.58E+00,123.35E+00,111.05E+00,39.288E-03,122.58E+00,9.6759E+00,9.5367E+00,8.5861E+00,536.61E-06,9.6759E+00,-1.1830E+03,1.1860E+03,-84.954E+00,-0.9974E+00,-175.89E+00,49.999E+00,NAN,172.70E+00,-172.62E+00,14.424E+00,-14.404E+00,1.409E+00,1.491E+00,NAN,NAN,NAN,NAN,NAN,NAN,NAN,NAN,NAN,0.000E+00,0.000E+00,0.000E+00,-10.797E-03,0.000E+00,0.0000E+00,0.0000E+00,0.0000E+00,118.43E-06,0.0000E+00,-4.1411E-06,0.000E+00,0.000E+00,Error,Error,Error,NAN,83.309E-03,-99.430E-03,6.0224E-03,-6.2744E-03,Error,Error,NAN,NAN,NAN,NAN,NAN,NAN,NAN,NAN,NAN,NAN,NAN
    3,  2026/03/17,10:44:10,122.65E+00,123.43E+00,111.13E+00,36.873E-03,122.65E+00,9.7117E+00,9.5728E+00,8.6185E+00,-1.1160E-03,9.7117E+00,-1.1881E+03,1.1912E+03,-85.061E+00,-0.9974E+00,-175.90E+00,50.008E+00,NAN,172.73E+00,-172.75E+00,14.503E+00,-14.485E+00,1.408E+00,1.493E+00,NAN,NAN,NAN,NAN,NAN,NAN,NAN,NAN,NAN,0.000E+00,0.000E+00,0.000E+00,-10.700E-03,0.000E+00,0.0000E+00,0.0000E+00,0.0000E+00,83.439E-06,0.0000E+00,-3.2351E-06,0.000E+00,0.000E+00,Error,Error,Error,NAN,94.432E-03,-107.37E-03,6.9371E-03,-6.4777E-03,Error,Error,NAN,NAN,NAN,NAN,NAN,NAN,NAN,NAN,NAN,NAN,NAN
    4,  2026/03/17,10:44:10,122.77E+00,123.55E+00,111.23E+00,36.087E-03,122.77E+00,9.6594E+00,9.5199E+00,8.5709E+00,593.46E-06,9.6594E+00,-1.1828E+03,1.1858E+03,-85.349E+00,-0.9974E+00,-175.87E+00,50.016E+00,NAN,173.11E+00,-172.91E+00,14.406E+00,-14.402E+00,1.410E+00,1.491E+00,NAN,NAN,NAN,NAN,NAN,NAN,NAN,NAN,NAN,0.000E+00,0.000E+00,0.000E+00,-10.834E-03,0.000E+00,0.0000E+00,0.0000E+00,0.0000E+00,74.459E-06,0.0000E+00,-2.8580E-06,0.000E+00,0.000E+00,Error,Error,Error,NAN,81.720E-03,-102.61E-03,6.5306E-03,-5.9695E-03,Error,Error,NAN,NAN,NAN,NAN,NAN,NAN,NAN,NAN,NAN,NAN,NAN
    5,  2026/03/17,10:44:10,122.59E+00,123.38E+00,111.08E+00,42.880E-03,122.59E+00,9.6731E+00,9.5346E+00,8.5841E+00,2.1257E-03,9.6731E+00,-1.1828E+03,1.1859E+03,-84.851E+00,-0.9974E+00,-175.90E+00,50.013E+00,NAN,172.86E+00,-172.78E+00,14.409E+00,-14.424E+00,1.410E+00,1.491E+00,NAN,NAN,NAN,NAN,NAN,NAN,NAN,NAN,NAN,0.000E+00,0.000E+00,0.000E+00,-10.807E-03,0.000E+00,0.0000E+00,0.0000E+00,0.0000E+00,87.819E-06,0.0000E+00,-4.1169E-06,0.000E+00,0.000E+00,Error,Error,Error,NAN,80.131E-03,-128.03E-03,6.0224E-03,-6.8842E-03,Error,Error,NAN,NAN,NAN,NAN,NAN,NAN,NAN,NAN,NAN,NAN,NAN
    6,  2026/03/17,10:44:10,122.55E+00,123.34E+00,111.04E+00,28.146E-03,122.55E+00,9.6579E+00,9.5196E+00,8.5707E+00,509.59E-06,9.6579E+00,-1.1805E+03,1.1836E+03,-84.943E+00,-0.9974E+00,-175.88E+00,50.010E+00,NAN,172.82E+00,-172.72E+00,14.396E+00,-14.398E+00,1.410E+00,1.491E+00,NAN,NAN,NAN,NAN,NAN,NAN,NAN,NAN,NAN,0.000E+00,0.000E+00,0.000E+00,-10.611E-03,0.000E+00,0.0000E+00,0.0000E+00,0.0000E+00,37.406E-06,0.0000E+00,-3.7391E-06,0.000E+00,0.000E+00,Error,Error,Error,NAN,86.487E-03,-96.252E-03,6.3273E-03,-6.2744E-03,Error,Error,NAN,NAN,NAN,NAN,NAN,NAN,NAN,NAN,NAN,NAN,NAN
    7,  2026/03/17,10:44:11,122.71E+00,123.47E+00,111.16E+00,34.683E-03,122.71E+00,9.5568E+00,9.4154E+00,8.4768E+00,1.9259E-03,9.5568E+00,-1.1696E+03,1.1727E+03,-85.517E+00,-0.9973E+00,-175.82E+00,50.008E+00,NAN,172.98E+00,-172.97E+00,14.258E+00,-14.254E+00,1.410E+00,1.492E+00,NAN,NAN,NAN,NAN,NAN,NAN,NAN,NAN,NAN,0.000E+00,0.000E+00,0.000E+00,-10.848E-03,0.000E+00,0.0000E+00,0.0000E+00,0.0000E+00,65.443E-06,0.0000E+00,-1.8632E-06,0.000E+00,0.000E+00,Error,Error,Error,NAN,81.720E-03,-97.841E-03,6.5306E-03,-6.6809E-03,Error,Error,NAN,NAN,NAN,NAN,NAN,NAN,NAN,NAN,NAN,NAN,NAN
    8,  2026/03/17,10:44:11,122.68E+00,123.45E+00,111.14E+00,32.960E-03,122.68E+00,9.5294E+00,9.3892E+00,8.4533E+00,-3.1895E-03,9.5294E+00,-1.1659E+03,1.1691E+03,-85.653E+00,-0.9973E+00,-175.80E+00,50.001E+00,NAN,172.95E+00,-172.88E+00,14.249E+00,-14.239E+00,1.410E+00,1.495E+00,NAN,NAN,NAN,NAN,NAN,NAN,NAN,NAN,NAN,0.000E+00,0.000E+00,0.000E+00,-10.510E-03,0.000E+00,0.0000E+00,0.0000E+00,0.0000E+00,94.247E-06,0.0000E+00,-2.9286E-06,0.000E+00,0.000E+00,Error,Error,Error,NAN,83.309E-03,-104.20E-03,6.4289E-03,-7.0874E-03,Error,Error,NAN,NAN,NAN,NAN,NAN,NAN,NAN,NAN,NAN,NAN,NAN
    9,  2026/03/17,10:44:11,122.63E+00,123.39E+00,111.09E+00,39.674E-03,122.63E+00,9.5225E+00,9.3819E+00,8.4466E+00,-128.94E-06,9.5225E+00,-1.1646E+03,1.1677E+03,-85.392E+00,-0.9973E+00,-175.81E+00,50.003E+00,NAN,172.86E+00,-172.81E+00,14.211E+00,-14.210E+00,1.410E+00,1.492E+00,NAN,NAN,NAN,NAN,NAN,NAN,NAN,NAN,NAN,0.000E+00,0.000E+00,0.000E+00,-10.483E-03,0.000E+00,0.0000E+00,0.0000E+00,0.0000E+00,157.83E-06,0.0000E+00,-4.7153E-06,0.000E+00,0.000E+00,Error,Error,Error,NAN,78.542E-03,-94.663E-03,6.6322E-03,-6.8842E-03,Error,Error,NAN,NAN,NAN,NAN,NAN,NAN,NAN,NAN,NAN,NAN,NAN
   10,  2026/03/17,10:44:11,122.76E+00,123.51E+00,111.20E+00,32.877E-03,122.76E+00,9.5340E+00,9.3922E+00,8.4559E+00,-271.03E-06,9.5340E+00,-1.1672E+03,1.1704E+03,-85.664E+00,-0.9973E+00,-175.80E+00,50.001E+00,NAN,172.98E+00,-173.01E+00,14.224E+00,-14.232E+00,1.409E+00,1.493E+00,NAN,NAN,NAN,NAN,NAN,NAN,NAN,NAN,NAN,0.000E+00,0.000E+00,0.000E+00,-11.100E-03,0.000E+00,0.0000E+00,0.0000E+00,0.0000E+00,167.28E-06,0.0000E+00,-3.8540E-06,0.000E+00,0.000E+00,Error,Error,Error,NAN,94.432E-03,-105.79E-03,7.2419E-03,-6.5793E-03,Error,Error,NAN,NAN,NAN,NAN,NAN,NAN,NAN,NAN,NAN,NAN,NAN
   11,  2026/03/17,10:44:11,122.68E+00,123.44E+00,111.14E+00,35.402E-03,122.68E+00,9.5238E+00,9.3830E+00,8.4477E+00,1.3223E-03,9.5238E+00,-1.1652E+03,1.1684E+03,-85.384E+00,-0.9973E+00,-175.81E+00,50.005E+00,NAN,172.92E+00,-172.85E+00,14.195E+00,-14.199E+00,1.410E+00,1.491E+00,NAN,NAN,NAN,NAN,NAN,NAN,NAN,NAN,NAN,0.000E+00,0.000E+00,0.000E+00,-10.908E-03,0.000E+00,0.0000E+00,0.0000E+00,0.0000E+00,124.02E-06,0.0000E+00,-3.5501E-06,0.000E+00,0.000E+00,Error,Error,Error,NAN,86.487E-03,-102.61E-03,7.3436E-03,-6.3760E-03,Error,Error,NAN,NAN,NAN,NAN,NAN,NAN,NAN,NAN,NAN,NAN,NAN
   12,  2026/03/17,10:44:12,122.89E+00,123.67E+00,111.34E+00,41.909E-03,122.89E+00,9.5191E+00,9.3785E+00,8.4436E+00,-1.9465E-03,9.5191E+00,-1.1667E+03,1.1698E+03,-86.013E+00,-0.9973E+00,-175.78E+00,49.996E+00,NAN,173.24E+00,-173.16E+00,14.225E+00,-14.227E+00,1.410E+00,1.495E+00,NAN,NAN,NAN,NAN,NAN,NAN,NAN,NAN,NAN,0.000E+00,0.000E+00,0.000E+00,-10.645E-03,0.000E+00,0.0000E+00,0.0000E+00,0.0000E+00,167.77E-06,0.0000E+00,-3.3321E-06,0.000E+00,0.000E+00,Error,Error,Error,NAN,76.953E-03,-101.02E-03,7.2419E-03,-6.2744E-03,Error,Error,NAN,NAN,NAN,NAN,NAN,NAN,NAN,NAN,NAN,NAN,NAN
   13,  2026/03/17,10:44:12,122.93E+00,123.69E+00,111.36E+00,30.172E-03,122.93E+00,9.5392E+00,9.3975E+00,8.4608E+00,-2.1840E-03,9.5392E+00,-1.1695E+03,1.1726E+03,-86.015E+00,-0.9973E+00,-175.79E+00,49.992E+00,NAN,173.37E+00,-173.26E+00,14.267E+00,-14.259E+00,1.410E+00,1.496E+00,NAN,NAN,NAN,NAN,NAN,NAN,NAN,NAN,NAN,0.000E+00,0.000E+00,0.000E+00,-10.917E-03,0.000E+00,0.0000E+00,0.0000E+00,0.0000E+00,129.38E-06,0.0000E+00,-3.9393E-06,0.000E+00,0.000E+00,Error,Error,Error,NAN,81.720E-03,-105.79E-03,6.8354E-03,-6.1728E-03,Error,Error,NAN,NAN,NAN,NAN,NAN,NAN,NAN,NAN,NAN,NAN,NAN
   14,  2026/03/17,10:44:12,123.01E+00,123.77E+00,111.44E+00,33.367E-03,123.01E+00,9.4943E+00,9.3524E+00,8.4201E+00,-310.85E-06,9.4943E+00,-1.1647E+03,1.1679E+03,-86.136E+00,-0.9973E+00,-175.77E+00,49.997E+00,NAN,173.37E+00,-173.42E+00,14.181E+00,-14.170E+00,1.410E+00,1.494E+00,NAN,NAN,NAN,NAN,NAN,NAN,NAN,NAN,NAN,0.000E+00,0.000E+00,0.000E+00,-10.805E-03,0.000E+00,0.0000E+00,0.0000E+00,0.0000E+00,183.65E-06,0.0000E+00,-4.9152E-06,0.000E+00,0.000E+00,Error,Error,Error,NAN,80.131E-03,-112.14E-03,6.3273E-03,-5.8679E-03,Error,Error,NAN,NAN,NAN,NAN,NAN,NAN,NAN,NAN,NAN,NAN,NAN
   15,  2026/03/17,10:44:12,123.27E+00,124.04E+00,111.68E+00,48.801E-03,123.27E+00,9.3731E+00,9.2306E+00,8.3104E+00,5.3483E-03,9.3731E+00,-1.1522E+03,1.1555E+03,-86.785E+00,-0.9972E+00,-175.69E+00,49.998E+00,NAN,173.75E+00,-173.83E+00,14.010E+00,-14.018E+00,1.410E+00,1.496E+00,NAN,NAN,NAN,NAN,NAN,NAN,NAN,NAN,NAN,0.000E+00,0.000E+00,0.000E+00,-10.395E-03,0.000E+00,0.0000E+00,0.0000E+00,0.0000E+00,179.66E-06,0.0000E+00,-3.5483E-06,0.000E+00,0.000E+00,Error,Error,Error,NAN,88.076E-03,-105.79E-03,6.0224E-03,-7.3923E-03,Error,Error,NAN,NAN,NAN,NAN,NAN,NAN,NAN,NAN,NAN,NAN,NAN
   16,  2026/03/17,10:44:12,123.05E+00,123.83E+00,111.48E+00,42.505E-03,123.05E+00,9.4661E+00,9.3248E+00,8.3953E+00,-545.77E-06,9.4661E+00,-1.1616E+03,1.1648E+03,-86.105E+00,-0.9973E+00,-175.76E+00,50.007E+00,NAN,173.37E+00,-173.36E+00,14.131E+00,-14.129E+00,1.409E+00,1.493E+00,NAN,NAN,NAN,NAN,NAN,NAN,NAN,NAN,NAN,0.000E+00,0.000E+00,0.000E+00,-10.507E-03,0.000E+00,0.0000E+00,0.0000E+00,0.0000E+00,189.94E-06,0.0000E+00,-4.7178E-06,0.000E+00,0.000E+00,Error,Error,Error,NAN,76.953E-03,-107.37E-03,6.2257E-03,-6.1728E-03,Error,Error,NAN,NAN,NAN,NAN,NAN,NAN,NAN,NAN,NAN,NAN,NAN
   17,  2026/03/17,10:44:13,122.00E+00,122.74E+00,110.51E+00,-1.2889E-03,122.00E+00,9.9481E+00,9.8102E+00,8.8323E+00,-13.741E-03,9.9481E+00,-1.2102E+03,1.2136E+03,-90.710E+00,-0.9972E+00,-175.71E+00,49.997E+00,NAN,173.27E+00,-173.23E+00,15.232E+00,-15.161E+00,1.420E+00,1.531E+00,NAN,NAN,NAN,NAN,NAN,NAN,NAN,NAN,NAN,0.000E+00,0.000E+00,0.000E+00,-10.758E-03,0.000E+00,0.0000E+00,0.0000E+00,0.0000E+00,171.06E-06,0.0000E+00,-3.8314E-06,0.000E+00,0.000E+00,Error,Error,Error,NAN,75.364E-03,-124.85E-03,6.3273E-03,-5.8679E-03,Error,Error,NAN,NAN,NAN,NAN,NAN,NAN,NAN,NAN,NAN,NAN,NAN
   18,  2026/03/17,10:44:13,122.78E+00,123.54E+00,111.23E+00,38.780E-03,122.78E+00,9.4864E+00,9.3449E+00,8.4134E+00,-741.88E-06,9.4864E+00,-1.1616E+03,1.1648E+03,-85.758E+00,-0.9973E+00,-175.78E+00,50.008E+00,NAN,173.08E+00,-173.07E+00,14.169E+00,-14.162E+00,1.410E+00,1.494E+00,NAN,NAN,NAN,NAN,NAN,NAN,NAN,NAN,NAN,0.000E+00,0.000E+00,0.000E+00,-10.480E-03,0.000E+00,0.0000E+00,0.0000E+00,0.0000E+00,172.61E-06,0.0000E+00,-5.0352E-06,0.000E+00,0.000E+00,Error,Error,Error,NAN,80.131E-03,-108.96E-03,6.4289E-03,-7.0874E-03,Error,Error,NAN,NAN,NAN,NAN,NAN,NAN,NAN,NAN,NAN,NAN,NAN
   19,  2026/03/17,10:44:13,122.95E+00,123.71E+00,111.38E+00,37.778E-03,122.95E+00,9.4506E+00,9.3085E+00,8.3806E+00,711.99E-06,9.4506E+00,-1.1588E+03,1.1620E+03,-86.102E+00,-0.9973E+00,-175.75E+00,50.007E+00,NAN,173.30E+00,-173.23E+00,14.108E+00,-14.098E+00,1.410E+00,1.493E+00,NAN,NAN,NAN,NAN,NAN,NAN,NAN,NAN,NAN,0.000E+00,0.000E+00,0.000E+00,-10.653E-03,0.000E+00,0.0000E+00,0.0000E+00,0.0000E+00,104.76E-06,0.0000E+00,-2.9746E-06,0.000E+00,0.000E+00,Error,Error,Error,NAN,76.953E-03,-108.96E-03,6.8354E-03,-6.1728E-03,Error,Error,NAN,NAN,NAN,NAN,NAN,NAN,NAN,NAN,NAN,NAN,NAN
   20,  2026/03/17,10:44:13,122.56E+00,123.33E+00,111.03E+00,72.699E-03,122.56E+00,9.6774E+00,9.5364E+00,8.5857E+00,16.653E-03,9.6774E+00,-1.1828E+03,1.1860E+03,-87.757E+00,-0.9973E+00,-175.76E+00,50.014E+00,NAN,173.49E+00,-173.52E+00,14.686E+00,-14.654E+00,1.416E+00,1.518E+00,NAN,NAN,NAN,NAN,NAN,NAN,NAN,NAN,NAN,0.000E+00,0.000E+00,0.000E+00,-10.451E-03,0.000E+00,0.0000E+00,0.0000E+00,0.0000E+00,139.43E-06,0.0000E+00,-4.5545E-06,0.000E+00,0.000E+00,Error,Error,Error,NAN,75.364E-03,-101.02E-03,6.4289E-03,-5.4614E-03,Error,Error,NAN,NAN,NAN,NAN,NAN,NAN,NAN,NAN,NAN,NAN,NAN
   21,  2026/03/17,10:44:14,123.16E+00,123.95E+00,111.60E+00,34.941E-03,123.16E+00,9.4137E+00,9.2730E+00,8.3486E+00,654.41E-06,9.4137E+00,-1.1562E+03,1.1594E+03,-86.701E+00,-0.9972E+00,-175.71E+00,50.011E+00,NAN,173.59E+00,-173.55E+00,14.069E+00,-14.066E+00,1.409E+00,1.495E+00,NAN,NAN,NAN,NAN,NAN,NAN,NAN,NAN,NAN,0.000E+00,0.000E+00,0.000E+00,-10.909E-03,0.000E+00,0.0000E+00,0.0000E+00,0.0000E+00,39.902E-06,0.0000E+00,-3.7711E-06,0.000E+00,0.000E+00,Error,Error,Error,NAN,78.542E-03,-99.430E-03,6.8354E-03,-6.1728E-03,Error,Error,NAN,NAN,NAN,NAN,NAN,NAN,NAN,NAN,NAN,NAN,NAN
   22,  2026/03/17,10:44:14,123.42E+00,124.22E+00,111.84E+00,38.400E-03,123.42E+00,9.3093E+00,9.1688E+00,8.2548E+00,-733.00E-06,9.3093E+00,-1.1456E+03,1.1489E+03,-87.381E+00,-0.9971E+00,-175.64E+00,50.015E+00,NAN,173.91E+00,-173.96E+00,13.942E+00,-13.935E+00,1.410E+00,1.498E+00,NAN,NAN,NAN,NAN,NAN,NAN,NAN,NAN,NAN,0.000E+00,0.000E+00,0.000E+00,-10.793E-03,0.000E+00,0.0000E+00,0.0000E+00,0.0000E+00,56.528E-06,0.0000E+00,-3.8265E-06,0.000E+00,0.000E+00,Error,Error,Error,NAN,80.131E-03,-97.841E-03,6.1240E-03,-6.3760E-03,Error,Error,NAN,NAN,NAN,NAN,NAN,NAN,NAN,NAN,NAN,NAN,NAN
   23,  2026/03/17,10:44:14,123.38E+00,124.16E+00,111.78E+00,28.401E-03,123.38E+00,9.2791E+00,9.1368E+00,8.2260E+00,-208.20E-06,9.2791E+00,-1.1415E+03,1.1449E+03,-87.207E+00,-0.9971E+00,-175.63E+00,50.015E+00,NAN,173.94E+00,-173.96E+00,13.897E+00,-13.906E+00,1.410E+00,1.499E+00,NAN,NAN,NAN,NAN,NAN,NAN,NAN,NAN,NAN,0.000E+00,0.000E+00,0.000E+00,-10.760E-03,0.000E+00,0.0000E+00,0.0000E+00,0.0000E+00,91.224E-06,0.0000E+00,-3.0694E-06,0.000E+00,0.000E+00,Error,Error,Error,NAN,78.542E-03,-101.02E-03,6.2257E-03,-6.0711E-03,Error,Error,NAN,NAN,NAN,NAN,NAN,NAN,NAN,NAN,NAN,NAN,NAN
   24,  2026/03/17,10:44:14,123.74E+00,124.51E+00,112.10E+00,49.848E-03,123.74E+00,9.0984E+00,8.9546E+00,8.0620E+00,8.5336E-03,9.0983E+00,-1.1223E+03,1.1258E+03,-88.330E+00,-0.9969E+00,-175.50E+00,50.023E+00,NAN,174.48E+00,-174.44E+00,13.727E+00,-13.756E+00,1.410E+00,1.512E+00,NAN,NAN,NAN,NAN,NAN,NAN,NAN,NAN,NAN,0.000E+00,0.000E+00,0.000E+00,-10.725E-03,0.000E+00,0.0000E+00,0.0000E+00,0.0000E+00,75.517E-06,0.0000E+00,-3.4167E-06,0.000E+00,0.000E+00,Error,Error,Error,NAN,83.309E-03,-102.61E-03,6.3273E-03,-6.1728E-03,Error,Error,NAN,NAN,NAN,NAN,NAN,NAN,NAN,NAN,NAN,NAN,NAN
   25,  2026/03/17,10:44:14,123.87E+00,124.64E+00,112.22E+00,39.458E-03,123.87E+00,9.0488E+00,8.9046E+00,8.0170E+00,1.0119E-03,9.0488E+00,-1.1174E+03,1.1209E+03,-88.477E+00,-0.9969E+00,-175.47E+00,50.029E+00,NAN,174.67E+00,-174.60E+00,13.546E+00,-13.544E+00,1.410E+00,1.497E+00,NAN,NAN,NAN,NAN,NAN,NAN,NAN,NAN,NAN,0.000E+00,0.000E+00,0.000E+00,-10.371E-03,0.000E+00,0.0000E+00,0.0000E+00,0.0000E+00,55.569E-06,0.0000E+00,-2.6514E-06,0.000E+00,0.000E+00,Error,Error,Error,NAN,84.898E-03,-101.02E-03,6.0224E-03,-6.1728E-03,Error,Error,NAN,NAN,NAN,NAN,NAN,NAN,NAN,NAN,NAN,NAN,NAN
   26,  2026/03/17,10:44:15,122.91E+00,123.67E+00,111.34E+00,63.427E-03,122.91E+00,9.4643E+00,9.3215E+00,8.3923E+00,9.7325E-03,9.4643E+00,-1.1593E+03,1.1632E+03,-94.882E+00,-0.9967E+00,-175.32E+00,50.014E+00,NAN,174.54E+00,-174.41E+00,14.633E+00,-14.582E+00,1.420E+00,1.546E+00,NAN,NAN,NAN,NAN,NAN,NAN,NAN,NAN,NAN,0.000E+00,0.000E+00,0.000E+00,-10.488E-03,0.000E+00,0.0000E+00,0.0000E+00,0.0000E+00,72.489E-06,0.0000E+00,-3.5188E-06,0.000E+00,0.000E+00,Error,Error,Error,NAN,81.720E-03,-118.50E-03,6.1240E-03,-6.2744E-03,Error,Error,NAN,NAN,NAN,NAN,NAN,NAN,NAN,NAN,NAN,NAN,NAN
   27,  2026/03/17,10:44:16,123.49E+00,124.27E+00,111.88E+00,31.416E-03,123.49E+00,9.1594E+00,9.0170E+00,8.1182E+00,637.52E-06,9.1594E+00,-1.1277E+03,1.1311E+03,-87.529E+00,-0.9970E+00,-175.56E+00,50.015E+00,NAN,173.97E+00,-173.93E+00,13.693E+00,-13.706E+00,1.409E+00,1.496E+00,NAN,NAN,NAN,NAN,NAN,NAN,NAN,NAN,NAN,0.000E+00,0.000E+00,0.000E+00,-10.957E-03,0.000E+00,0.0000E+00,0.0000E+00,0.0000E+00,121.30E-06,0.0000E+00,-3.7168E-06,0.000E+00,0.000E+00,Error,Error,Error,NAN,108.73E-03,-101.02E-03,6.4289E-03,-6.4777E-03,Error,Error,NAN,NAN,NAN,NAN,NAN,NAN,NAN,NAN,NAN,NAN,NAN
   28,  2026/03/17,10:44:16,123.44E+00,124.21E+00,111.83E+00,40.089E-03,123.44E+00,9.1734E+00,9.0308E+00,8.1305E+00,1.6292E-03,9.1734E+00,-1.1290E+03,1.1324E+03,-87.287E+00,-0.9970E+00,-175.58E+00,50.016E+00,NAN,173.94E+00,-173.93E+00,13.702E+00,-13.706E+00,1.409E+00,1.494E+00,NAN,NAN,NAN,NAN,NAN,NAN,NAN,NAN,NAN,0.000E+00,0.000E+00,0.000E+00,-10.606E-03,0.000E+00,0.0000E+00,0.0000E+00,0.0000E+00,65.549E-06,0.0000E+00,-2.1370E-06,0.000E+00,0.000E+00,Error,Error,Error,NAN,75.364E-03,-105.79E-03,6.2257E-03,-6.4777E-03,Error,Error,NAN,NAN,NAN,NAN,NAN,NAN,NAN,NAN,NAN,NAN,NAN
   29,  2026/03/17,10:44:16,123.40E+00,124.18E+00,111.80E+00,23.891E-03,123.40E+00,9.2548E+00,9.1130E+00,8.2046E+00,-6.8784E-03,9.2548E+00,-1.1386E+03,1.1420E+03,-87.537E+00,-0.9971E+00,-175.60E+00,50.006E+00,NAN,174.03E+00,-173.99E+00,13.871E+00,-13.873E+00,1.410E+00,1.499E+00,NAN,NAN,NAN,NAN,NAN,NAN,NAN,NAN,NAN,0.000E+00,0.000E+00,0.000E+00,-10.983E-03,0.000E+00,0.0000E+00,0.0000E+00,0.0000E+00,122.57E-06,0.0000E+00,-4.1447E-06,0.000E+00,0.000E+00,Error,Error,Error,NAN,75.364E-03,-112.14E-03,7.7501E-03,-5.6646E-03,Error,Error,NAN,NAN,NAN,NAN,NAN,NAN,NAN,NAN,NAN,NAN,NAN
   30,  2026/03/17,10:44:16,123.21E+00,123.98E+00,111.62E+00,37.778E-03,123.21E+00,9.3027E+00,9.1607E+00,8.2475E+00,1.8055E-03,9.3027E+00,-1.1429E+03,1.1461E+03,-86.673E+00,-0.9971E+00,-175.66E+00,50.007E+00,NAN,173.68E+00,-173.64E+00,13.898E+00,-13.898E+00,1.410E+00,1.494E+00,NAN,NAN,NAN,NAN,NAN,NAN,NAN,NAN,NAN,0.000E+00,0.000E+00,0.000E+00,-10.912E-03,0.000E+00,0.0000E+00,0.0000E+00,0.0000E+00,163.12E-06,0.0000E+00,-4.7019E-06,0.000E+00,0.000E+00,Error,Error,Error,NAN,73.774E-03,-104.20E-03,6.6322E-03,-6.6809E-03,Error,Error,NAN,NAN,NAN,NAN,NAN,NAN,NAN,NAN,NAN,NAN,NAN
   31,  2026/03/17,10:44:16,123.11E+00,123.87E+00,111.53E+00,33.211E-03,123.11E+00,9.3188E+00,9.1762E+00,8.2615E+00,205.00E-06,9.3188E+00,-1.1440E+03,1.1473E+03,-86.584E+00,-0.9971E+00,-175.67E+00,50.009E+00,NAN,173.52E+00,-173.52E+00,13.930E+00,-13.931E+00,1.409E+00,1.495E+00,NAN,NAN,NAN,NAN,NAN,NAN,NAN,NAN,NAN,0.000E+00,0.000E+00,0.000E+00,-10.844E-03,0.000E+00,0.0000E+00,0.0000E+00,0.0000E+00,149.47E-06,0.0000E+00,-4.1983E-06,0.000E+00,0.000E+00,Error,Error,Error,NAN,76.953E-03,-113.73E-03,6.0224E-03,-6.4777E-03,Error,Error,NAN,NAN,NAN,NAN,NAN,NAN,NAN,NAN,NAN,NAN,NAN
   32,  2026/03/17,10:44:17,123.09E+00,123.84E+00,111.49E+00,38.023E-03,123.09E+00,9.3148E+00,9.1712E+00,8.2569E+00,2.1161E-03,9.3148E+00,-1.1433E+03,1.1465E+03,-86.520E+00,-0.9971E+00,-175.67E+00,50.006E+00,NAN,173.43E+00,-173.42E+00,13.920E+00,-13.916E+00,1.409E+00,1.494E+00,NAN,NAN,NAN,NAN,NAN,NAN,NAN,NAN,NAN,0.000E+00,0.000E+00,0.000E+00,-10.307E-03,0.000E+00,0.0000E+00,0.0000E+00,0.0000E+00,60.557E-06,0.0000E+00,-2.3142E-06,0.000E+00,0.000E+00,Error,Error,Error,NAN,75.364E-03,-102.61E-03,6.2257E-03,-5.8679E-03,Error,Error,NAN,NAN,NAN,NAN,NAN,NAN,NAN,NAN,NAN,NAN,NAN
   33,  2026/03/17,10:44:18,123.06E+00,123.81E+00,111.47E+00,37.924E-03,123.06E+00,9.3164E+00,9.1733E+00,8.2588E+00,2.4328E-03,9.3164E+00,-1.1432E+03,1.1465E+03,-86.525E+00,-0.9971E+00,-175.67E+00,50.013E+00,NAN,173.46E+00,-173.45E+00,13.943E+00,-13.932E+00,1.410E+00,1.497E+00,NAN,NAN,NAN,NAN,NAN,NAN,NAN,NAN,NAN,0.000E+00,0.000E+00,0.000E+00,-10.423E-03,0.000E+00,0.0000E+00,0.0000E+00,0.0000E+00,110.19E-06,0.0000E+00,-2.7536E-06,0.000E+00,0.000E+00,Error,Error,Error,NAN,72.185E-03,-99.430E-03,6.3273E-03,-6.4777E-03,Error,Error,NAN,NAN,NAN,NAN,NAN,NAN,NAN,NAN,NAN,NAN,NAN
   34,  2026/03/17,10:44:18,123.14E+00,123.90E+00,111.55E+00,45.436E-03,123.14E+00,9.3077E+00,9.1647E+00,8.2511E+00,2.6378E-03,9.3077E+00,-1.1429E+03,1.1462E+03,-86.656E+00,-0.9971E+00,-175.66E+00,50.008E+00,NAN,173.52E+00,-173.52E+00,13.939E+00,-13.935E+00,1.409E+00,1.498E+00,NAN,NAN,NAN,NAN,NAN,NAN,NAN,NAN,NAN,0.000E+00,0.000E+00,0.000E+00,-10.797E-03,0.000E+00,0.0000E+00,0.0000E+00,0.0000E+00,71.931E-06,0.0000E+00,-2.8376E-06,0.000E+00,0.000E+00,Error,Error,Error,NAN,88.076E-03,-104.20E-03,6.1240E-03,-5.8679E-03,Error,Error,NAN,NAN,NAN,NAN,NAN,NAN,NAN,NAN,NAN,NAN,NAN
   35,  2026/03/17,10:44:18,123.48E+00,124.26E+00,111.87E+00,46.984E-03,123.48E+00,9.1707E+00,9.0286E+00,8.1286E+00,1.8493E-03,9.1707E+00,-1.1290E+03,1.1324E+03,-87.480E+00,-0.9970E+00,-175.57E+00,50.007E+00,NAN,173.97E+00,-174.06E+00,13.725E+00,-13.728E+00,1.410E+00,1.497E+00,NAN,NAN,NAN,NAN,NAN,NAN,NAN,NAN,NAN,0.000E+00,0.000E+00,0.000E+00,-11.145E-03,0.000E+00,0.0000E+00,0.0000E+00,0.0000E+00,122.58E-06,0.0000E+00,-3.9629E-06,0.000E+00,0.000E+00,Error,Error,Error,NAN,76.953E-03,-104.20E-03,6.1240E-03,-6.1728E-03,Error,Error,NAN,NAN,NAN,NAN,NAN,NAN,NAN,NAN,NAN,NAN,NAN
   36,  2026/03/17,10:44:18,123.54E+00,124.32E+00,111.92E+00,45.038E-03,123.54E+00,9.1523E+00,9.0095E+00,8.1114E+00,2.6074E-03,9.1523E+00,-1.1273E+03,1.1307E+03,-87.661E+00,-0.9970E+00,-175.55E+00,50.006E+00,NAN,174.13E+00,-174.06E+00,13.722E+00,-13.716E+00,1.410E+00,1.499E+00,NAN,NAN,NAN,NAN,NAN,NAN,NAN,NAN,NAN,0.000E+00,0.000E+00,0.000E+00,-10.737E-03,0.000E+00,0.0000E+00,0.0000E+00,0.0000E+00,93.835E-06,0.0000E+00,-4.0826E-06,0.000E+00,0.000E+00,Error,Error,Error,NAN,86.487E-03,-105.79E-03,6.6322E-03,-6.2744E-03,Error,Error,NAN,NAN,NAN,NAN,NAN,NAN,NAN,NAN,NAN,NAN,NAN
   37,  2026/03/17,10:44:18,123.53E+00,124.29E+00,111.90E+00,32.798E-03,123.53E+00,9.1448E+00,9.0003E+00,8.1031E+00,2.9807E-03,9.1448E+00,-1.1262E+03,1.1296E+03,-87.594E+00,-0.9970E+00,-175.55E+00,50.005E+00,NAN,174.10E+00,-174.12E+00,13.709E+00,-13.707E+00,1.410E+00,1.499E+00,NAN,NAN,NAN,NAN,NAN,NAN,NAN,NAN,NAN,0.000E+00,0.000E+00,0.000E+00,-10.497E-03,0.000E+00,0.0000E+00,0.0000E+00,0.0000E+00,116.27E-06,0.0000E+00,-2.7365E-06,0.000E+00,0.000E+00,Error,Error,Error,NAN,84.898E-03,-107.37E-03,6.5306E-03,-6.7825E-03,Error,Error,NAN,NAN,NAN,NAN,NAN,NAN,NAN,NAN,NAN,NAN,NAN
   38,  2026/03/17,10:44:19,123.65E+00,124.42E+00,112.02E+00,44.573E-03,123.65E+00,9.1371E+00,8.9938E+00,8.0972E+00,1.6316E-03,9.1371E+00,-1.1264E+03,1.1298E+03,-87.793E+00,-0.9970E+00,-175.54E+00,50.005E+00,NAN,174.29E+00,-174.28E+00,13.679E+00,-13.681E+00,1.410E+00,1.497E+00,NAN,NAN,NAN,NAN,NAN,NAN,NAN,NAN,NAN,0.000E+00,0.000E+00,0.000E+00,-10.254E-03,0.000E+00,0.0000E+00,0.0000E+00,0.0000E+00,131.10E-06,0.0000E+00,-3.5586E-06,0.000E+00,0.000E+00,Error,Error,Error,NAN,80.131E-03,-105.79E-03,6.7338E-03,-5.7663E-03,Error,Error,NAN,NAN,NAN,NAN,NAN,NAN,NAN,NAN,NAN,NAN,NAN
   39,  2026/03/17,10:44:19,123.59E+00,124.35E+00,111.96E+00,30.831E-03,123.59E+00,9.1253E+00,8.9813E+00,8.0860E+00,2.7419E-03,9.1253E+00,-1.1244E+03,1.1278E+03,-87.712E+00,-0.9970E+00,-175.54E+00,50.011E+00,NAN,174.29E+00,-174.28E+00,13.693E+00,-13.685E+00,1.410E+00,1.501E+00,NAN,NAN,NAN,NAN,NAN,NAN,NAN,NAN,NAN,0.000E+00,0.000E+00,0.000E+00,-10.579E-03,0.000E+00,0.0000E+00,0.0000E+00,0.0000E+00,87.182E-06,0.0000E+00,-2.8351E-06,0.000E+00,0.000E+00,Error,Error,Error,NAN,88.076E-03,-96.252E-03,6.8354E-03,-6.1728E-03,Error,Error,NAN,NAN,NAN,NAN,NAN,NAN,NAN,NAN,NAN,NAN,NAN
   40,  2026/03/17,10:44:19,123.52E+00,124.30E+00,111.91E+00,44.795E-03,123.52E+00,9.1261E+00,8.9828E+00,8.0874E+00,1.6481E-03,9.1261E+00,-1.1239E+03,1.1273E+03,-87.668E+00,-0.9970E+00,-175.54E+00,50.009E+00,NAN,174.16E+00,-174.15E+00,13.680E+00,-13.668E+00,1.410E+00,1.499E+00,NAN,NAN,NAN,NAN,NAN,NAN,NAN,NAN,NAN,0.000E+00,0.000E+00,0.000E+00,-10.796E-03,0.000E+00,0.0000E+00,0.0000E+00,0.0000E+00,122.48E-06,0.0000E+00,-4.2366E-06,0.000E+00,0.000E+00,Error,Error,Error,NAN,75.364E-03,-105.79E-03,6.5306E-03,-5.7663E-03,Error,Error,NAN,NAN,NAN,NAN,NAN,NAN,NAN,NAN,NAN,NAN,NAN
   41,  2026/03/17,10:44:19,123.58E+00,124.34E+00,111.95E+00,38.679E-03,123.58E+00,9.1344E+00,8.9906E+00,8.0944E+00,2.8995E-03,9.1344E+00,-1.1254E+03,1.1288E+03,-87.648E+00,-0.9970E+00,-175.55E+00,50.007E+00,NAN,174.22E+00,-174.12E+00,13.700E+00,-13.687E+00,1.410E+00,1.500E+00,NAN,NAN,NAN,NAN,NAN,NAN,NAN,NAN,NAN,0.000E+00,0.000E+00,0.000E+00,-10.884E-03,0.000E+00,0.0000E+00,0.0000E+00,0.0000E+00,126.95E-06,0.0000E+00,-3.1923E-06,0.000E+00,0.000E+00,Error,Error,Error,NAN,100.79E-03,-107.37E-03,6.5306E-03,-5.5630E-03,Error,Error,NAN,NAN,NAN,NAN,NAN,NAN,NAN,NAN,NAN,NAN,NAN
   42,  2026/03/17,10:44:19,123.59E+00,124.34E+00,111.95E+00,42.514E-03,123.59E+00,9.1297E+00,8.9853E+00,8.0896E+00,482.80E-06,9.1297E+00,-1.1249E+03,1.1283E+03,-87.709E+00,-0.9970E+00,-175.54E+00,50.008E+00,NAN,174.07E+00,-174.06E+00,13.689E+00,-13.671E+00,1.408E+00,1.499E+00,NAN,NAN,NAN,NAN,NAN,NAN,NAN,NAN,NAN,0.000E+00,0.000E+00,0.000E+00,-11.074E-03,0.000E+00,0.0000E+00,0.0000E+00,0.0000E+00,117.23E-06,0.0000E+00,-3.6130E-06,0.000E+00,0.000E+00,Error,Error,Error,NAN,100.79E-03,-101.02E-03,7.4452E-03,-5.9695E-03,Error,Error,NAN,NAN,NAN,NAN,NAN,NAN,NAN,NAN,NAN,NAN,NAN
   43,  2026/03/17,10:44:20,123.44E+00,124.22E+00,111.84E+00,38.846E-03,123.44E+00,9.2604E+00,9.1185E+00,8.2096E+00,960.69E-06,9.2604E+00,-1.1398E+03,1.1431E+03,-87.103E+00,-0.9971E+00,-175.63E+00,50.007E+00,NAN,173.97E+00,-173.99E+00,13.849E+00,-13.847E+00,1.410E+00,1.495E+00,NAN,NAN,NAN,NAN,NAN,NAN,NAN,NAN,NAN,0.000E+00,0.000E+00,0.000E+00,-10.723E-03,0.000E+00,0.0000E+00,0.0000E+00,0.0000E+00,122.75E-06,0.0000E+00,-4.3028E-06,0.000E+00,0.000E+00,Error,Error,Error,NAN,94.432E-03,-101.02E-03,6.2257E-03,-6.0711E-03,Error,Error,NAN,NAN,NAN,NAN,NAN,NAN,NAN,NAN,NAN,NAN,NAN
   44,  2026/03/17,10:44:20,123.45E+00,124.24E+00,111.86E+00,38.976E-03,123.45E+00,9.2542E+00,9.1126E+00,8.2042E+00,1.0643E-03,9.2542E+00,-1.1391E+03,1.1425E+03,-87.205E+00,-0.9971E+00,-175.62E+00,50.014E+00,NAN,174.00E+00,-174.06E+00,13.849E+00,-13.836E+00,1.410E+00,1.497E+00,NAN,NAN,NAN,NAN,NAN,NAN,NAN,NAN,NAN,0.000E+00,0.000E+00,0.000E+00,-10.833E-03,0.000E+00,0.0000E+00,0.0000E+00,0.0000E+00,85.130E-06,0.0000E+00,-2.7606E-06,0.000E+00,0.000E+00,Error,Error,Error,NAN,91.254E-03,-97.841E-03,6.1240E-03,-7.5955E-03,Error,Error,NAN,NAN,NAN,NAN,NAN,NAN,NAN,NAN,NAN,NAN,NAN
   45,  2026/03/17,10:44:20,123.45E+00,124.23E+00,111.85E+00,41.648E-03,123.45E+00,9.2677E+00,9.1261E+00,8.2164E+00,3.1448E-03,9.2677E+00,-1.1408E+03,1.1441E+03,-87.098E+00,-0.9971E+00,-175.63E+00,50.021E+00,NAN,174.07E+00,-174.06E+00,13.894E+00,-13.891E+00,1.410E+00,1.499E+00,NAN,NAN,NAN,NAN,NAN,NAN,NAN,NAN,NAN,0.000E+00,0.000E+00,0.000E+00,-11.057E-03,0.000E+00,0.0000E+00,0.0000E+00,0.0000E+00,91.122E-06,0.0000E+00,-2.7846E-06,0.000E+00,0.000E+00,Error,Error,Error,NAN,84.898E-03,-107.37E-03,6.4289E-03,-5.8679E-03,Error,Error,NAN,NAN,NAN,NAN,NAN,NAN,NAN,NAN,NAN,NAN,NAN
   46,  2026/03/17,10:44:20,123.64E+00,124.42E+00,112.01E+00,45.457E-03,123.64E+00,9.0927E+00,8.9494E+00,8.0572E+00,3.6137E-03,9.0927E+00,-1.1208E+03,1.1242E+03,-87.889E+00,-0.9969E+00,-175.52E+00,50.015E+00,NAN,174.32E+00,-174.25E+00,13.669E+00,-13.675E+00,1.410E+00,1.504E+00,NAN,NAN,NAN,NAN,NAN,NAN,NAN,NAN,NAN,0.000E+00,0.000E+00,0.000E+00,-11.002E-03,0.000E+00,0.0000E+00,0.0000E+00,0.0000E+00,100.44E-06,0.0000E+00,-3.2302E-06,0.000E+00,0.000E+00,Error,Error,Error,NAN,80.131E-03,-115.32E-03,5.9208E-03,-5.9695E-03,Error,Error,NAN,NAN,NAN,NAN,NAN,NAN,NAN,NAN,NAN,NAN,NAN
   47,  2026/03/17,10:44:20,122.66E+00,123.43E+00,111.13E+00,36.097E-03,122.66E+00,9.6012E+00,9.4620E+00,8.5188E+00,-2.6220E-03,9.6012E+00,-1.1746E+03,1.1777E+03,-85.015E+00,-0.9974E+00,-175.86E+00,50.022E+00,NAN,173.11E+00,-173.01E+00,14.384E+00,-14.369E+00,1.411E+00,1.498E+00,NAN,NAN,NAN,NAN,NAN,NAN,NAN,NAN,NAN,0.000E+00,0.000E+00,0.000E+00,-10.795E-03,0.000E+00,0.0000E+00,0.0000E+00,0.0000E+00,96.114E-06,0.0000E+00,-3.8526E-06,0.000E+00,0.000E+00,Error,Error,Error,NAN,84.898E-03,-115.32E-03,6.2257E-03,-6.2744E-03,Error,Error,NAN,NAN,NAN,NAN,NAN,NAN,NAN,NAN,NAN,NAN,NAN
   48,  2026/03/17,10:44:21,122.51E+00,123.29E+00,111.00E+00,36.199E-03,122.51E+00,9.6777E+00,9.5396E+00,8.5886E+00,2.3706E-03,9.6777E+00,-1.1826E+03,1.1856E+03,-84.544E+00,-0.9975E+00,-175.91E+00,50.014E+00,NAN,172.79E+00,-172.75E+00,14.440E+00,-14.430E+00,1.410E+00,1.492E+00,NAN,NAN,NAN,NAN,NAN,NAN,NAN,NAN,NAN,0.000E+00,0.000E+00,0.000E+00,-10.676E-03,0.000E+00,0.0000E+00,0.0000E+00,0.0000E+00,150.12E-06,0.0000E+00,-4.2744E-06,0.000E+00,0.000E+00,Error,Error,Error,NAN,81.720E-03,-99.430E-03,6.8354E-03,-7.1890E-03,Error,Error,NAN,NAN,NAN,NAN,NAN,NAN,NAN,NAN,NAN,NAN,NAN
   49,  2026/03/17,10:44:21,122.33E+00,123.11E+00,110.84E+00,41.088E-03,122.33E+00,9.7317E+00,9.5941E+00,8.6377E+00,2.8434E-03,9.7317E+00,-1.1875E+03,1.1905E+03,-84.290E+00,-0.9975E+00,-175.94E+00,50.020E+00,NAN,172.47E+00,-172.46E+00,14.515E+00,-14.516E+00,1.410E+00,1.492E+00,NAN,NAN,NAN,NAN,NAN,NAN,NAN,NAN,NAN,0.000E+00,0.000E+00,0.000E+00,-10.718E-03,0.000E+00,0.0000E+00,0.0000E+00,0.0000E+00,96.430E-06,0.0000E+00,-2.7813E-06,0.000E+00,0.000E+00,Error,Error,Error,NAN,80.131E-03,-101.02E-03,5.9208E-03,-6.1728E-03,Error,Error,NAN,NAN,NAN,NAN,NAN,NAN,NAN,NAN,NAN,NAN,NAN
   50,  2026/03/17,10:44:21,122.26E+00,123.04E+00,110.77E+00,40.516E-03,122.26E+00,9.7261E+00,9.5883E+00,8.6325E+00,3.2014E-03,9.7261E+00,-1.1861E+03,1.1891E+03,-84.166E+00,-0.9975E+00,-175.94E+00,50.021E+00,NAN,172.41E+00,-172.37E+00,14.531E+00,-14.527E+00,1.410E+00,1.494E+00,NAN,NAN,NAN,NAN,NAN,NAN,NAN,NAN,NAN,0.000E+00,0.000E+00,0.000E+00,-10.903E-03,0.000E+00,0.0000E+00,0.0000E+00,0.0000E+00,102.24E-06,0.0000E+00,-2.7401E-06,0.000E+00,0.000E+00,Error,Error,Error,NAN,75.364E-03,-110.55E-03,6.3273E-03,-6.4777E-03,Error,Error,NAN,NAN,NAN,NAN,NAN,NAN,NAN,NAN,NAN,NAN,NAN
   51,  2026/03/17,10:44:21,122.09E+00,122.86E+00,110.61E+00,48.097E-03,122.09E+00,9.7460E+00,9.6083E+00,8.6505E+00,6.6868E-03,9.7460E+00,-1.1869E+03,1.1899E+03,-83.950E+00,-0.9975E+00,-175.95E+00,50.012E+00,NAN,172.28E+00,-172.50E+00,14.595E+00,-14.575E+00,1.413E+00,1.498E+00,NAN,NAN,NAN,NAN,NAN,NAN,NAN,NAN,NAN,0.000E+00,0.000E+00,0.000E+00,-10.981E-03,0.000E+00,0.0000E+00,0.0000E+00,0.0000E+00,116.27E-06,0.0000E+00,-3.8370E-06,0.000E+00,0.000E+00,Error,Error,Error,NAN,81.720E-03,-107.37E-03,6.7338E-03,-5.8679E-03,Error,Error,NAN,NAN,NAN,NAN,NAN,NAN,NAN,NAN,NAN,NAN,NAN
   52,  2026/03/17,10:44:22,122.39E+00,123.17E+00,110.90E+00,48.200E-03,122.39E+00,9.6405E+00,9.5030E+00,8.5557E+00,5.0289E-03,9.6405E+00,-1.1768E+03,1.1799E+03,-84.570E+00,-0.9974E+00,-175.89E+00,50.012E+00,NAN,172.57E+00,-172.59E+00,14.382E+00,-14.391E+00,1.410E+00,1.493E+00,NAN,NAN,NAN,NAN,NAN,NAN,NAN,NAN,NAN,0.000E+00,0.000E+00,0.000E+00,-10.668E-03,0.000E+00,0.0000E+00,0.0000E+00,0.0000E+00,137.78E-06,0.0000E+00,-4.4787E-06,0.000E+00,0.000E+00,Error,Error,Error,NAN,81.720E-03,-107.37E-03,7.6484E-03,-6.6809E-03,Error,Error,NAN,NAN,NAN,NAN,NAN,NAN,NAN,NAN,NAN,NAN,NAN
   53,  2026/03/17,10:44:23,123.50E+00,124.27E+00,111.89E+00,29.767E-03,123.50E+00,9.1035E+00,8.9603E+00,8.0671E+00,531.68E-06,9.1035E+00,-1.1208E+03,1.1243E+03,-88.075E+00,-0.9969E+00,-175.51E+00,50.003E+00,NAN,174.26E+00,-174.12E+00,13.631E+00,-13.633E+00,1.411E+00,1.498E+00,NAN,NAN,NAN,NAN,NAN,NAN,NAN,NAN,NAN,0.000E+00,0.000E+00,0.000E+00,-10.599E-03,0.000E+00,0.0000E+00,0.0000E+00,0.0000E+00,80.910E-06,0.0000E+00,-2.6236E-06,0.000E+00,0.000E+00,Error,Error,Error,NAN,86.487E-03,-97.841E-03,6.6322E-03,-7.2907E-03,Error,Error,NAN,NAN,NAN,NAN,NAN,NAN,NAN,NAN,NAN,NAN,NAN
   54,  2026/03/17,10:44:23,123.74E+00,124.51E+00,112.09E+00,35.034E-03,123.74E+00,8.9896E+00,8.8450E+00,7.9633E+00,237.36E-06,8.9896E+00,-1.1089E+03,1.1124E+03,-88.441E+00,-0.9968E+00,-175.44E+00,49.999E+00,NAN,174.35E+00,-174.44E+00,13.477E+00,-13.468E+00,1.410E+00,1.499E+00,NAN,NAN,NAN,NAN,NAN,NAN,NAN,NAN,NAN,0.000E+00,0.000E+00,0.000E+00,-10.448E-03,0.000E+00,0.0000E+00,0.0000E+00,0.0000E+00,32.868E-06,0.0000E+00,-3.4083E-06,0.000E+00,0.000E+00,Error,Error,Error,NAN,76.953E-03,-107.37E-03,7.1403E-03,-5.9695E-03,Error,Error,NAN,NAN,NAN,NAN,NAN,NAN,NAN,NAN,NAN,NAN,NAN
   55,  2026/03/17,10:44:23,123.85E+00,124.62E+00,112.20E+00,48.559E-03,123.85E+00,8.9404E+00,8.7964E+00,7.9196E+00,2.7731E-03,8.9404E+00,-1.1037E+03,1.1073E+03,-88.472E+00,-0.9968E+00,-175.42E+00,50.001E+00,NAN,174.51E+00,-174.50E+00,13.422E+00,-13.423E+00,1.409E+00,1.501E+00,NAN,NAN,NAN,NAN,NAN,NAN,NAN,NAN,NAN,0.000E+00,0.000E+00,0.000E+00,-10.684E-03,0.000E+00,0.0000E+00,0.0000E+00,0.0000E+00,33.826E-06,0.0000E+00,-2.9888E-06,0.000E+00,0.000E+00,Error,Error,Error,NAN,83.309E-03,-102.61E-03,6.0224E-03,-6.0711E-03,Error,Error,NAN,NAN,NAN,NAN,NAN,NAN,NAN,NAN,NAN,NAN,NAN
   56,  2026/03/17,10:44:23,123.59E+00,124.35E+00,111.96E+00,46.400E-03,123.59E+00,9.0663E+00,8.9229E+00,8.0335E+00,4.9002E-03,9.0663E+00,-1.1170E+03,1.1205E+03,-87.593E+00,-0.9969E+00,-175.52E+00,49.993E+00,NAN,174.16E+00,-174.15E+00,13.585E+00,-13.580E+00,1.409E+00,1.498E+00,NAN,NAN,NAN,NAN,NAN,NAN,NAN,NAN,NAN,0.000E+00,0.000E+00,0.000E+00,-10.789E-03,0.000E+00,0.0000E+00,0.0000E+00,0.0000E+00,10.527E-06,0.0000E+00,-3.7771E-06,0.000E+00,0.000E+00,Error,Error,Error,NAN,72.185E-03,-102.61E-03,5.9208E-03,-6.6809E-03,Error,Error,NAN,NAN,NAN,NAN,NAN,NAN,NAN,NAN,NAN,NAN,NAN
   57,  2026/03/17,10:44:23,123.56E+00,124.34E+00,111.95E+00,44.792E-03,123.56E+00,9.0788E+00,8.9365E+00,8.0456E+00,1.9457E-03,9.0788E+00,-1.1184E+03,1.1218E+03,-87.609E+00,-0.9969E+00,-175.52E+00,49.994E+00,NAN,174.16E+00,-174.18E+00,13.585E+00,-13.578E+00,1.410E+00,1.496E+00,NAN,NAN,NAN,NAN,NAN,NAN,NAN,NAN,NAN,0.000E+00,0.000E+00,0.000E+00,-10.786E-03,0.000E+00,0.0000E+00,0.0000E+00,0.0000E+00,40.601E-06,0.0000E+00,-3.3158E-06,0.000E+00,0.000E+00,Error,Error,Error,NAN,86.487E-03,-94.663E-03,6.2257E-03,-5.8679E-03,Error,Error,NAN,NAN,NAN,NAN,NAN,NAN,NAN,NAN,NAN,NAN,NAN
   58,  2026/03/17,10:44:24,123.51E+00,124.29E+00,111.90E+00,37.484E-03,123.51E+00,9.0825E+00,8.9407E+00,8.0494E+00,2.6892E-03,9.0825E+00,-1.1184E+03,1.1218E+03,-87.557E+00,-0.9969E+00,-175.52E+00,50.002E+00,NAN,174.10E+00,-174.06E+00,13.607E+00,-13.607E+00,1.410E+00,1.498E+00,NAN,NAN,NAN,NAN,NAN,NAN,NAN,NAN,NAN,0.000E+00,0.000E+00,0.000E+00,-10.586E-03,0.000E+00,0.0000E+00,0.0000E+00,0.0000E+00,56.390E-06,0.0000E+00,-3.6484E-06,0.000E+00,0.000E+00,Error,Error,Error,NAN,80.131E-03,-102.61E-03,6.6322E-03,-6.3760E-03,Error,Error,NAN,NAN,NAN,NAN,NAN,NAN,NAN,NAN,NAN,NAN,NAN
   59,  2026/03/17,10:44:24,123.66E+00,124.44E+00,112.03E+00,42.427E-03,123.66E+00,9.0932E+00,8.9507E+00,8.0584E+00,1.3459E-03,9.0932E+00,-1.1210E+03,1.1244E+03,-87.913E+00,-0.9969E+00,-175.52E+00,49.995E+00,NAN,174.32E+00,-174.28E+00,13.626E+00,-13.626E+00,1.410E+00,1.498E+00,NAN,NAN,NAN,NAN,NAN,NAN,NAN,NAN,NAN,0.000E+00,0.000E+00,0.000E+00,-10.541E-03,0.000E+00,0.0000E+00,0.0000E+00,0.0000E+00,47.961E-06,0.0000E+00,-3.2596E-06,0.000E+00,0.000E+00,Error,Error,Error,NAN,86.487E-03,-105.79E-03,6.3273E-03,-6.3760E-03,Error,Error,NAN,NAN,NAN,NAN,NAN,NAN,NAN,NAN,NAN,NAN,NAN
   60,  2026/03/17,10:44:24,123.58E+00,124.36E+00,111.96E+00,39.829E-03,123.58E+00,9.0886E+00,8.9462E+00,8.0544E+00,1.9569E-03,9.0886E+00,-1.1197E+03,1.1232E+03,-87.758E+00,-0.9969E+00,-175.52E+00,49.998E+00,NAN,174.19E+00,-174.18E+00,13.632E+00,-13.626E+00,1.410E+00,1.500E+00,NAN,NAN,NAN,NAN,NAN,NAN,NAN,NAN,NAN,0.000E+00,0.000E+00,0.000E+00,-11.014E-03,0.000E+00,0.0000E+00,0.0000E+00,0.0000E+00,67.579E-06,0.0000E+00,-2.6276E-06,0.000E+00,0.000E+00,Error,Error,Error,NAN,84.898E-03,-102.61E-03,6.9371E-03,-5.8679E-03,Error,Error,NAN,NAN,NAN,NAN,NAN,NAN,NAN,NAN,NAN,NAN,NAN
   61,  2026/03/17,10:44:24,123.65E+00,124.43E+00,112.03E+00,46.522E-03,123.65E+00,9.0986E+00,8.9561E+00,8.0633E+00,2.7082E-03,9.0986E+00,-1.1216E+03,1.1251E+03,-87.882E+00,-0.9969E+00,-175.52E+00,49.998E+00,NAN,174.38E+00,-174.31E+00,13.655E+00,-13.641E+00,1.410E+00,1.501E+00,NAN,NAN,NAN,NAN,NAN,NAN,NAN,NAN,NAN,0.000E+00,0.000E+00,0.000E+00,-10.842E-03,0.000E+00,0.0000E+00,0.0000E+00,0.0000E+00,95.479E-06,0.0000E+00,-3.8441E-06,0.000E+00,0.000E+00,Error,Error,Error,NAN,84.898E-03,-96.252E-03,7.1403E-03,-6.3760E-03,Error,Error,NAN,NAN,NAN,NAN,NAN,NAN,NAN,NAN,NAN,NAN,NAN
   62,  2026/03/17,10:44:24,123.71E+00,124.48E+00,112.07E+00,28.121E-03,123.71E+00,9.0829E+00,8.9393E+00,8.0482E+00,2.7230E-03,9.0829E+00,-1.1202E+03,1.1236E+03,-87.984E+00,-0.9969E+00,-175.51E+00,50.002E+00,NAN,174.45E+00,-174.44E+00,13.637E+00,-13.638E+00,1.410E+00,1.502E+00,NAN,NAN,NAN,NAN,NAN,NAN,NAN,NAN,NAN,0.000E+00,0.000E+00,0.000E+00,-10.586E-03,0.000E+00,0.0000E+00,0.0000E+00,0.0000E+00,67.855E-06,0.0000E+00,-2.1911E-06,0.000E+00,0.000E+00,Error,Error,Error,NAN,75.364E-03,-105.79E-03,6.4289E-03,-6.3760E-03,Error,Error,NAN,NAN,NAN,NAN,NAN,NAN,NAN,NAN,NAN,NAN,NAN
   63,  2026/03/17,10:44:25,123.78E+00,124.56E+00,112.14E+00,40.306E-03,123.78E+00,9.0832E+00,8.9398E+00,8.0487E+00,3.5205E-03,9.0832E+00,-1.1209E+03,1.1243E+03,-88.072E+00,-0.9969E+00,-175.51E+00,50.001E+00,NAN,174.51E+00,-174.50E+00,13.615E+00,-13.614E+00,1.410E+00,1.499E+00,NAN,NAN,NAN,NAN,NAN,NAN,NAN,NAN,NAN,0.000E+00,0.000E+00,0.000E+00,-11.074E-03,0.000E+00,0.0000E+00,0.0000E+00,0.0000E+00,103.79E-06,0.0000E+00,-3.8212E-06,0.000E+00,0.000E+00,Error,Error,Error,NAN,75.364E-03,-104.20E-03,7.1403E-03,-5.9695E-03,Error,Error,NAN,NAN,NAN,NAN,NAN,NAN,NAN,NAN,NAN,NAN,NAN
   64,  2026/03/17,10:44:25,123.76E+00,124.54E+00,112.12E+00,37.097E-03,123.76E+00,9.0784E+00,8.9354E+00,8.0447E+00,3.7653E-03,9.0784E+00,-1.1201E+03,1.1235E+03,-87.978E+00,-0.9969E+00,-175.51E+00,50.000E+00,NAN,174.51E+00,-174.50E+00,13.619E+00,-13.612E+00,1.410E+00,1.500E+00,NAN,NAN,NAN,NAN,NAN,NAN,NAN,NAN,NAN,0.000E+00,0.000E+00,0.000E+00,-10.802E-03,0.000E+00,0.0000E+00,0.0000E+00,0.0000E+00,56.783E-06,0.0000E+00,-3.2540E-06,0.000E+00,0.000E+00,Error,Error,Error,NAN,83.309E-03,-97.841E-03,7.2419E-03,-7.1890E-03,Error,Error,NAN,NAN,NAN,NAN,NAN,NAN,NAN,NAN,NAN,NAN,NAN
   65,  2026/03/17,10:44:25,124.05E+00,124.84E+00,112.39E+00,43.498E-03,124.05E+00,8.9451E+00,8.8019E+00,7.9245E+00,2.1045E-03,8.9451E+00,-1.1061E+03,1.1097E+03,-88.860E+00,-0.9968E+00,-175.41E+00,50.011E+00,NAN,174.89E+00,-174.85E+00,13.416E+00,-13.424E+00,1.410E+00,1.501E+00,NAN,NAN,NAN,NAN,NAN,NAN,NAN,NAN,NAN,0.000E+00,0.000E+00,0.000E+00,-10.631E-03,0.000E+00,0.0000E+00,0.0000E+00,0.0000E+00,142.19E-06,0.0000E+00,-3.9826E-06,0.000E+00,0.000E+00,Error,Error,Error,NAN,72.185E-03,-99.430E-03,6.9371E-03,-6.4777E-03,Error,Error,NAN,NAN,NAN,NAN,NAN,NAN,NAN,NAN,NAN,NAN,NAN
   66,  2026/03/17,10:44:25,123.94E+00,124.72E+00,112.29E+00,33.854E-03,123.94E+00,8.9251E+00,8.7820E+00,7.9066E+00,3.1219E-03,8.9251E+00,-1.1026E+03,1.1062E+03,-88.659E+00,-0.9968E+00,-175.40E+00,50.008E+00,NAN,174.70E+00,-174.66E+00,13.410E+00,-13.415E+00,1.410E+00,1.503E+00,NAN,NAN,NAN,NAN,NAN,NAN,NAN,NAN,NAN,0.000E+00,0.000E+00,0.000E+00,-10.760E-03,0.000E+00,0.0000E+00,0.0000E+00,0.0000E+00,87.051E-06,0.0000E+00,-2.6109E-06,0.000E+00,0.000E+00,Error,Error,Error,NAN,80.131E-03,-108.96E-03,5.8192E-03,-5.7663E-03,Error,Error,NAN,NAN,NAN,NAN,NAN,NAN,NAN,NAN,NAN,NAN,NAN
   67,  2026/03/17,10:44:25,124.01E+00,124.80E+00,112.36E+00,53.479E-03,124.01E+00,8.9400E+00,8.7967E+00,7.9198E+00,5.2650E-03,8.9400E+00,-1.1051E+03,1.1087E+03,-88.681E+00,-0.9968E+00,-175.41E+00,50.008E+00,NAN,174.83E+00,-174.85E+00,13.432E+00,-13.417E+00,1.410E+00,1.502E+00,NAN,NAN,NAN,NAN,NAN,NAN,NAN,NAN,NAN,0.000E+00,0.000E+00,0.000E+00,-10.988E-03,0.000E+00,0.0000E+00,0.0000E+00,0.0000E+00,150.04E-06,0.0000E+00,-3.8240E-06,0.000E+00,0.000E+00,Error,Error,Error,NAN,84.898E-03,-110.55E-03,6.8354E-03,-6.1728E-03,Error,Error,NAN,NAN,NAN,NAN,NAN,NAN,NAN,NAN,NAN,NAN,NAN
   68,  2026/03/17,10:44:26,124.04E+00,124.81E+00,112.37E+00,40.022E-03,124.04E+00,8.9281E+00,8.7837E+00,7.9081E+00,3.5453E-03,8.9281E+00,-1.1039E+03,1.1074E+03,-88.765E+00,-0.9968E+00,-175.40E+00,50.003E+00,NAN,174.89E+00,-174.82E+00,13.385E+00,-13.383E+00,1.410E+00,1.499E+00,NAN,NAN,NAN,NAN,NAN,NAN,NAN,NAN,NAN,0.000E+00,0.000E+00,0.000E+00,-10.675E-03,0.000E+00,0.0000E+00,0.0000E+00,0.0000E+00,147.23E-06,0.0000E+00,-3.9158E-06,0.000E+00,0.000E+00,Error,Error,Error,NAN,75.364E-03,-105.79E-03,7.6484E-03,-5.9695E-03,Error,Error,NAN,NAN,NAN,NAN,NAN,NAN,NAN,NAN,NAN,NAN,NAN
   69,  2026/03/17,10:44:26,124.08E+00,124.86E+00,112.41E+00,39.748E-03,124.08E+00,8.9229E+00,8.7785E+00,7.9034E+00,3.5857E-03,8.9229E+00,-1.1036E+03,1.1072E+03,-88.821E+00,-0.9968E+00,-175.40E+00,50.002E+00,NAN,174.93E+00,-174.88E+00,13.384E+00,-13.373E+00,1.410E+00,1.500E+00,NAN,NAN,NAN,NAN,NAN,NAN,NAN,NAN,NAN,0.000E+00,0.000E+00,0.000E+00,-10.855E-03,0.000E+00,0.0000E+00,0.0000E+00,0.0000E+00,117.98E-06,0.0000E+00,-5.1133E-06,0.000E+00,0.000E+00,Error,Error,Error,NAN,81.720E-03,-99.430E-03,6.6322E-03,-6.9858E-03,Error,Error,NAN,NAN,NAN,NAN,NAN,NAN,NAN,NAN,NAN,NAN,NAN
   70,  2026/03/17,10:44:26,124.22E+00,125.01E+00,112.55E+00,37.739E-03,124.22E+00,8.9159E+00,8.7723E+00,7.8978E+00,3.2162E-03,8.9159E+00,-1.1040E+03,1.1076E+03,-88.982E+00,-0.9968E+00,-175.39E+00,50.007E+00,NAN,175.02E+00,-174.92E+00,13.362E+00,-13.355E+00,1.409E+00,1.499E+00,NAN,NAN,NAN,NAN,NAN,NAN,NAN,NAN,NAN,0.000E+00,0.000E+00,0.000E+00,-10.966E-03,0.000E+00,0.0000E+00,0.0000E+00,0.0000E+00,145.90E-06,0.0000E+00,-2.7495E-06,0.000E+00,0.000E+00,Error,Error,Error,NAN,76.953E-03,-96.252E-03,6.1240E-03,-5.8679E-03,Error,Error,NAN,NAN,NAN,NAN,NAN,NAN,NAN,NAN,NAN,NAN,NAN
   71,  2026/03/17,10:44:27,123.87E+00,124.65E+00,112.22E+00,17.426E-03,123.87E+00,9.0751E+00,8.9322E+00,8.0418E+00,-10.903E-03,9.0751E+00,-1.1206E+03,1.1241E+03,-88.470E+00,-0.9969E+00,-175.49E+00,50.008E+00,NAN,174.57E+00,-174.57E+00,13.904E+00,-13.650E+00,1.409E+00,1.532E+00,NAN,NAN,NAN,NAN,NAN,NAN,NAN,NAN,NAN,0.000E+00,0.000E+00,0.000E+00,-10.970E-03,0.000E+00,0.0000E+00,0.0000E+00,0.0000E+00,114.83E-06,0.0000E+00,-2.9013E-06,0.000E+00,0.000E+00,Error,Error,Error,NAN,83.309E-03,-107.37E-03,6.8354E-03,-6.0711E-03,Error,Error,NAN,NAN,NAN,NAN,NAN,NAN,NAN,NAN,NAN,NAN,NAN
   72,  2026/03/17,10:44:27,123.04E+00,123.81E+00,111.47E+00,27.020E-03,123.04E+00,9.4769E+00,9.3359E+00,8.4052E+00,942.30E-06,9.4769E+00,-1.1627E+03,1.1661E+03,-88.461E+00,-0.9971E+00,-175.65E+00,49.996E+00,NAN,174.26E+00,-174.12E+00,14.395E+00,-14.385E+00,1.416E+00,1.519E+00,NAN,NAN,NAN,NAN,NAN,NAN,NAN,NAN,NAN,0.000E+00,0.000E+00,0.000E+00,-10.836E-03,0.000E+00,0.0000E+00,0.0000E+00,0.0000E+00,101.98E-06,0.0000E+00,-3.3104E-06,0.000E+00,0.000E+00,Error,Error,Error,NAN,91.254E-03,-99.430E-03,6.1240E-03,-6.1728E-03,Error,Error,NAN,NAN,NAN,NAN,NAN,NAN,NAN,NAN,NAN,NAN,NAN
   73,  2026/03/17,10:44:27,123.25E+00,124.03E+00,111.66E+00,75.038E-03,123.25E+00,9.4330E+00,9.2909E+00,8.3648E+00,22.085E-03,9.4330E+00,-1.1593E+03,1.1626E+03,-87.904E+00,-0.9971E+00,-175.66E+00,50.016E+00,NAN,174.00E+00,-173.90E+00,14.432E+00,-14.510E+00,1.412E+00,1.538E+00,NAN,NAN,NAN,NAN,NAN,NAN,NAN,NAN,NAN,0.000E+00,0.000E+00,0.000E+00,-10.660E-03,0.000E+00,0.0000E+00,0.0000E+00,0.0000E+00,144.90E-06,0.0000E+00,-4.6942E-06,0.000E+00,0.000E+00,Error,Error,Error,NAN,81.720E-03,-102.61E-03,7.5468E-03,-6.0711E-03,Error,Error,NAN,NAN,NAN,NAN,NAN,NAN,NAN,NAN,NAN,NAN,NAN
   74,  2026/03/17,10:44:28,123.09E+00,123.86E+00,111.51E+00,23.945E-03,123.09E+00,9.3980E+00,9.2563E+00,8.3336E+00,-3.8447E-03,9.3980E+00,-1.1535E+03,1.1568E+03,-86.696E+00,-0.9972E+00,-175.70E+00,50.009E+00,NAN,173.72E+00,-173.58E+00,14.104E+00,-14.112E+00,1.411E+00,1.502E+00,NAN,NAN,NAN,NAN,NAN,NAN,NAN,NAN,NAN,0.000E+00,0.000E+00,0.000E+00,-10.868E-03,0.000E+00,0.0000E+00,0.0000E+00,0.0000E+00,140.54E-06,0.0000E+00,-4.8443E-06,0.000E+00,0.000E+00,Error,Error,Error,NAN,83.309E-03,-101.02E-03,6.9371E-03,-5.7663E-03,Error,Error,NAN,NAN,NAN,NAN,NAN,NAN,NAN,NAN,NAN,NAN,NAN
   75,  2026/03/17,10:44:28,122.96E+00,123.73E+00,111.40E+00,20.610E-03,122.96E+00,9.5246E+00,9.3841E+00,8.4486E+00,-5.9922E-03,9.5246E+00,-1.1680E+03,1.1711E+03,-86.181E+00,-0.9973E+00,-175.78E+00,50.008E+00,NAN,173.46E+00,-173.36E+00,14.272E+00,-14.258E+00,1.411E+00,1.498E+00,NAN,NAN,NAN,NAN,NAN,NAN,NAN,NAN,NAN,0.000E+00,0.000E+00,0.000E+00,-11.305E-03,0.000E+00,0.0000E+00,0.0000E+00,0.0000E+00,109.90E-06,0.0000E+00,-3.4943E-06,0.000E+00,0.000E+00,Error,Error,Error,NAN,73.774E-03,-102.61E-03,6.7338E-03,-6.1728E-03,Error,Error,NAN,NAN,NAN,NAN,NAN,NAN,NAN,NAN,NAN,NAN,NAN
   76,  2026/03/17,10:44:28,123.06E+00,123.83E+00,111.49E+00,40.853E-03,123.06E+00,9.5015E+00,9.3604E+00,8.4273E+00,1.3292E-03,9.5015E+00,-1.1661E+03,1.1693E+03,-85.883E+00,-0.9973E+00,-175.79E+00,50.010E+00,NAN,173.40E+00,-173.32E+00,14.173E+00,-14.159E+00,1.409E+00,1.492E+00,NAN,NAN,NAN,NAN,NAN,NAN,NAN,NAN,NAN,0.000E+00,0.000E+00,0.000E+00,-10.932E-03,0.000E+00,0.0000E+00,0.0000E+00,0.0000E+00,77.672E-06,0.0000E+00,-3.1176E-06,0.000E+00,0.000E+00,Error,Error,Error,NAN,80.131E-03,-107.37E-03,6.2257E-03,-5.6646E-03,Error,Error,NAN,NAN,NAN,NAN,NAN,NAN,NAN,NAN,NAN,NAN,NAN
   77,  2026/03/17,10:44:28,122.90E+00,123.67E+00,111.35E+00,48.095E-03,122.90E+00,9.5402E+00,9.4003E+00,8.4632E+00,1.1081E-03,9.5402E+00,-1.1694E+03,1.1725E+03,-85.403E+00,-0.9973E+00,-175.82E+00,50.014E+00,NAN,173.21E+00,-173.16E+00,14.221E+00,-14.212E+00,1.409E+00,1.491E+00,NAN,NAN,NAN,NAN,NAN,NAN,NAN,NAN,NAN,0.000E+00,0.000E+00,0.000E+00,-10.479E-03,0.000E+00,0.0000E+00,0.0000E+00,0.0000E+00,36.659E-06,0.0000E+00,-3.3453E-06,0.000E+00,0.000E+00,Error,Error,Error,NAN,78.542E-03,-99.430E-03,6.9371E-03,-6.5793E-03,Error,Error,NAN,NAN,NAN,NAN,NAN,NAN,NAN,NAN,NAN,NAN,NAN
   78,  2026/03/17,10:44:29,123.14E+00,123.91E+00,111.56E+00,49.538E-03,123.14E+00,9.3801E+00,9.2393E+00,8.3183E+00,1.1582E-03,9.3801E+00,-1.1518E+03,1.1550E+03,-86.237E+00,-0.9972E+00,-175.72E+00,50.016E+00,NAN,173.65E+00,-173.61E+00,14.014E+00,-14.018E+00,1.410E+00,1.494E+00,NAN,NAN,NAN,NAN,NAN,NAN,NAN,NAN,NAN,0.000E+00,0.000E+00,0.000E+00,-10.808E-03,0.000E+00,0.0000E+00,0.0000E+00,0.0000E+00,110.35E-06,0.0000E+00,-4.2966E-06,0.000E+00,0.000E+00,Error,Error,Error,NAN,78.542E-03,-101.02E-03,6.0224E-03,-6.5793E-03,Error,Error,NAN,NAN,NAN,NAN,NAN,NAN,NAN,NAN,NAN,NAN,NAN
   79,  2026/03/17,10:44:29,123.25E+00,124.02E+00,111.66E+00,30.766E-03,123.25E+00,9.3411E+00,9.2000E+00,8.2829E+00,-22.221E-06,9.3411E+00,-1.1480E+03,1.1513E+03,-86.642E+00,-0.9972E+00,-175.68E+00,50.013E+00,NAN,173.75E+00,-173.71E+00,13.957E+00,-13.952E+00,1.410E+00,1.494E+00,NAN,NAN,NAN,NAN,NAN,NAN,NAN,NAN,NAN,0.000E+00,0.000E+00,0.000E+00,-11.144E-03,0.000E+00,0.0000E+00,0.0000E+00,0.0000E+00,58.806E-06,0.0000E+00,-2.3833E-06,0.000E+00,0.000E+00,Error,Error,Error,NAN,99.199E-03,-107.37E-03,7.2419E-03,-6.3760E-03,Error,Error,NAN,NAN,NAN,NAN,NAN,NAN,NAN,NAN,NAN,NAN,NAN
   80,  2026/03/17,10:44:30,123.30E+00,124.06E+00,111.70E+00,40.392E-03,123.30E+00,9.3566E+00,9.2140E+00,8.2955E+00,4.1069E-03,9.3566E+00,-1.1504E+03,1.1536E+03,-86.666E+00,-0.9972E+00,-175.69E+00,50.018E+00,NAN,173.78E+00,-173.71E+00,14.006E+00,-14.003E+00,1.409E+00,1.497E+00,NAN,NAN,NAN,NAN,NAN,NAN,NAN,NAN,NAN,0.000E+00,0.000E+00,0.000E+00,-10.920E-03,0.000E+00,0.0000E+00,0.0000E+00,0.0000E+00,46.882E-06,0.0000E+00,-2.4873E-06,0.000E+00,0.000E+00,Error,Error,Error,NAN,86.487E-03,-101.02E-03,6.2257E-03,-6.1728E-03,Error,Error,NAN,NAN,NAN,NAN,NAN,NAN,NAN,NAN,NAN,NAN,NAN
   81,  2026/03/17,10:44:30,123.35E+00,124.12E+00,111.75E+00,42.884E-03,123.35E+00,9.3511E+00,9.2094E+00,8.2914E+00,4.9868E-03,9.3511E+00,-1.1502E+03,1.1534E+03,-86.755E+00,-0.9972E+00,-175.69E+00,50.008E+00,NAN,173.91E+00,-173.87E+00,13.990E+00,-13.996E+00,1.410E+00,1.497E+00,NAN,NAN,NAN,NAN,NAN,NAN,NAN,NAN,NAN,0.000E+00,0.000E+00,0.000E+00,-10.936E-03,0.000E+00,0.0000E+00,0.0000E+00,0.0000E+00,104.97E-06,0.0000E+00,-3.4281E-06,0.000E+00,0.000E+00,Error,Error,Error,NAN,81.720E-03,-116.91E-03,6.5306E-03,-6.3760E-03,Error,Error,NAN,NAN,NAN,NAN,NAN,NAN,NAN,NAN,NAN,NAN,NAN
   82,  2026/03/17,10:44:30,123.14E+00,123.90E+00,111.55E+00,37.891E-03,123.14E+00,9.3458E+00,9.2039E+00,8.2864E+00,1.5833E-03,9.3458E+00,-1.1476E+03,1.1508E+03,-86.336E+00,-0.9972E+00,-175.70E+00,50.006E+00,NAN,173.68E+00,-173.64E+00,13.967E+00,-13.968E+00,1.410E+00,1.495E+00,NAN,NAN,NAN,NAN,NAN,NAN,NAN,NAN,NAN,0.000E+00,0.000E+00,0.000E+00,-10.782E-03,0.000E+00,0.0000E+00,0.0000E+00,0.0000E+00,88.992E-06,0.0000E+00,-3.0249E-06,0.000E+00,0.000E+00,Error,Error,Error,NAN,83.309E-03,-101.02E-03,8.1566E-03,-7.4939E-03,Error,Error,NAN,NAN,NAN,NAN,NAN,NAN,NAN,NAN,NAN,NAN,NAN
   83,  2026/03/17,10:44:30,122.86E+00,123.63E+00,111.31E+00,24.443E-03,122.86E+00,9.5130E+00,9.3732E+00,8.4388E+00,-6.0106E-03,9.5130E+00,-1.1656E+03,1.1688E+03,-85.612E+00,-0.9973E+00,-175.80E+00,50.008E+00,NAN,173.43E+00,-173.32E+00,14.227E+00,-14.222E+00,1.412E+00,1.496E+00,NAN,NAN,NAN,NAN,NAN,NAN,NAN,NAN,NAN,0.000E+00,0.000E+00,0.000E+00,-10.795E-03,0.000E+00,0.0000E+00,0.0000E+00,0.0000E+00,110.79E-06,0.0000E+00,-4.2883E-06,0.000E+00,0.000E+00,Error,Error,Error,NAN,76.953E-03,-105.79E-03,6.4289E-03,-5.8679E-03,Error,Error,NAN,NAN,NAN,NAN,NAN,NAN,NAN,NAN,NAN,NAN,NAN
   84,  2026/03/17,10:44:31,122.89E+00,123.66E+00,111.34E+00,50.500E-03,122.89E+00,9.5208E+00,9.3809E+00,8.4458E+00,5.5370E-03,9.5208E+00,-1.1669E+03,1.1700E+03,-85.425E+00,-0.9973E+00,-175.81E+00,50.009E+00,NAN,173.30E+00,-173.29E+00,14.230E+00,-14.230E+00,1.410E+00,1.495E+00,NAN,NAN,NAN,NAN,NAN,NAN,NAN,NAN,NAN,0.000E+00,0.000E+00,0.000E+00,-10.773E-03,0.000E+00,0.0000E+00,0.0000E+00,0.0000E+00,81.304E-06,0.0000E+00,-3.5707E-06,0.000E+00,0.000E+00,Error,Error,Error,NAN,81.720E-03,-104.20E-03,7.2419E-03,-5.8679E-03,Error,Error,NAN,NAN,NAN,NAN,NAN,NAN,NAN,NAN,NAN,NAN,NAN
   85,  2026/03/17,10:44:31,122.78E+00,123.56E+00,111.24E+00,55.995E-03,122.78E+00,9.5524E+00,9.4131E+00,8.4747E+00,3.8997E-03,9.5524E+00,-1.1698E+03,1.1729E+03,-85.174E+00,-0.9974E+00,-175.84E+00,50.014E+00,NAN,173.24E+00,-173.20E+00,14.278E+00,-14.267E+00,1.411E+00,1.495E+00,NAN,NAN,NAN,NAN,NAN,NAN,NAN,NAN,NAN,0.000E+00,0.000E+00,0.000E+00,-10.902E-03,0.000E+00,0.0000E+00,0.0000E+00,0.0000E+00,27.081E-06,0.0000E+00,-3.0387E-06,0.000E+00,0.000E+00,Error,Error,Error,NAN,84.898E-03,-113.73E-03,6.1240E-03,-6.7825E-03,Error,Error,NAN,NAN,NAN,NAN,NAN,NAN,NAN,NAN,NAN,NAN,NAN
   86,  2026/03/17,10:44:31,122.73E+00,123.49E+00,111.18E+00,35.071E-03,122.73E+00,9.5696E+00,9.4293E+00,8.4894E+00,-1.9979E-03,9.5696E+00,-1.1714E+03,1.1745E+03,-85.302E+00,-0.9974E+00,-175.83E+00,50.002E+00,NAN,173.21E+00,-173.16E+00,14.303E+00,-14.298E+00,1.411E+00,1.495E+00,NAN,NAN,NAN,NAN,NAN,NAN,NAN,NAN,NAN,0.000E+00,0.000E+00,0.000E+00,-10.807E-03,0.000E+00,0.0000E+00,0.0000E+00,0.0000E+00,75.436E-06,0.0000E+00,-2.4378E-06,0.000E+00,0.000E+00,Error,Error,Error,NAN,76.953E-03,-101.02E-03,6.2257E-03,-5.4614E-03,Error,Error,NAN,NAN,NAN,NAN,NAN,NAN,NAN,NAN,NAN,NAN,NAN
   87,  2026/03/17,10:44:31,122.81E+00,123.58E+00,111.26E+00,42.560E-03,122.81E+00,9.5359E+00,9.3958E+00,8.4592E+00,3.0285E-03,9.5359E+00,-1.1680E+03,1.1711E+03,-85.377E+00,-0.9973E+00,-175.82E+00,50.000E+00,NAN,173.21E+00,-173.16E+00,14.242E+00,-14.235E+00,1.410E+00,1.494E+00,NAN,NAN,NAN,NAN,NAN,NAN,NAN,NAN,NAN,0.000E+00,0.000E+00,0.000E+00,-10.772E-03,0.000E+00,0.0000E+00,0.0000E+00,0.0000E+00,62.116E-06,0.0000E+00,-3.4692E-06,0.000E+00,0.000E+00,Error,Error,Error,NAN,72.185E-03,-102.61E-03,6.6322E-03,-6.0711E-03,Error,Error,NAN,NAN,NAN,NAN,NAN,NAN,NAN,NAN,NAN,NAN,NAN
   88,  2026/03/17,10:44:31,122.69E+00,123.45E+00,111.14E+00,47.672E-03,122.69E+00,9.5617E+00,9.4205E+00,8.4815E+00,4.4111E-03,9.5617E+00,-1.1701E+03,1.1732E+03,-85.079E+00,-0.9974E+00,-175.84E+00,50.003E+00,NAN,172.95E+00,-173.07E+00,14.296E+00,-14.301E+00,1.411E+00,1.496E+00,NAN,NAN,NAN,NAN,NAN,NAN,NAN,NAN,NAN,0.000E+00,0.000E+00,0.000E+00,-10.911E-03,0.000E+00,0.0000E+00,0.0000E+00,0.0000E+00,120.31E-06,0.0000E+00,-3.8587E-06,0.000E+00,0.000E+00,Error,Error,Error,NAN,84.898E-03,-107.37E-03,5.7175E-03,-5.8679E-03,Error,Error,NAN,NAN,NAN,NAN,NAN,NAN,NAN,NAN,NAN,NAN,NAN
   89,  2026/03/17,10:44:32,122.82E+00,123.58E+00,111.26E+00,37.793E-03,122.82E+00,9.5147E+00,9.3732E+00,8.4388E+00,1.0398E-03,9.5147E+00,-1.1655E+03,1.1686E+03,-85.539E+00,-0.9973E+00,-175.80E+00,49.993E+00,NAN,173.21E+00,-173.04E+00,14.204E+00,-14.203E+00,1.410E+00,1.493E+00,NAN,NAN,NAN,NAN,NAN,NAN,NAN,NAN,NAN,0.000E+00,0.000E+00,0.000E+00,-10.978E-03,0.000E+00,0.0000E+00,0.0000E+00,0.0000E+00,120.10E-06,0.0000E+00,-4.0864E-06,0.000E+00,0.000E+00,Error,Error,Error,NAN,81.720E-03,-102.61E-03,6.7338E-03,-5.7663E-03,Error,Error,NAN,NAN,NAN,NAN,NAN,NAN,NAN,NAN,NAN,NAN,NAN
   90,  2026/03/17,10:44:32,122.90E+00,123.67E+00,111.34E+00,48.353E-03,122.90E+00,9.5393E+00,9.3985E+00,8.4617E+00,992.99E-06,9.5393E+00,-1.1693E+03,1.1724E+03,-85.569E+00,-0.9973E+00,-175.81E+00,50.000E+00,NAN,173.24E+00,-173.32E+00,14.235E+00,-14.223E+00,1.410E+00,1.492E+00,NAN,NAN,NAN,NAN,NAN,NAN,NAN,NAN,NAN,0.000E+00,0.000E+00,0.000E+00,-10.758E-03,0.000E+00,0.0000E+00,0.0000E+00,0.0000E+00,160.34E-06,0.0000E+00,-3.5130E-06,0.000E+00,0.000E+00,Error,Error,Error,NAN,84.898E-03,-107.37E-03,6.2257E-03,-6.1728E-03,Error,Error,NAN,NAN,NAN,NAN,NAN,NAN,NAN,NAN,NAN,NAN,NAN
   91,  2026/03/17,10:44:32,123.01E+00,123.77E+00,111.43E+00,37.561E-03,123.01E+00,9.5099E+00,9.3680E+00,8.4342E+00,3.3022E-03,9.5099E+00,-1.1667E+03,1.1698E+03,-85.795E+00,-0.9973E+00,-175.79E+00,49.994E+00,NAN,173.46E+00,-173.55E+00,14.189E+00,-14.189E+00,1.411E+00,1.492E+00,NAN,NAN,NAN,NAN,NAN,NAN,NAN,NAN,NAN,0.000E+00,0.000E+00,0.000E+00,-11.285E-03,0.000E+00,0.0000E+00,0.0000E+00,0.0000E+00,165.74E-06,0.0000E+00,-3.9034E-06,0.000E+00,0.000E+00,Error,Error,Error,NAN,92.843E-03,-108.96E-03,6.4289E-03,-6.3760E-03,Error,Error,NAN,NAN,NAN,NAN,NAN,NAN,NAN,NAN,NAN,NAN,NAN
   92,  2026/03/17,10:44:32,123.42E+00,124.18E+00,111.81E+00,49.971E-03,123.42E+00,9.2353E+00,9.0921E+00,8.1858E+00,4.7935E-03,9.2353E+00,-1.1365E+03,1.1398E+03,-87.268E+00,-0.9971E+00,-175.61E+00,49.994E+00,NAN,174.16E+00,-174.12E+00,13.838E+00,-13.841E+00,1.411E+00,1.499E+00,NAN,NAN,NAN,NAN,NAN,NAN,NAN,NAN,NAN,0.000E+00,0.000E+00,0.000E+00,-10.840E-03,0.000E+00,0.0000E+00,0.0000E+00,0.0000E+00,179.16E-06,0.0000E+00,-3.5044E-06,0.000E+00,0.000E+00,Error,Error,Error,NAN,75.364E-03,-104.20E-03,7.7501E-03,-5.1565E-03,Error,Error,NAN,NAN,NAN,NAN,NAN,NAN,NAN,NAN,NAN,NAN,NAN
   93,  2026/03/17,10:44:32,123.43E+00,124.18E+00,111.80E+00,19.157E-03,123.43E+00,9.2237E+00,9.0798E+00,8.1747E+00,-7.9977E-03,9.2237E+00,-1.1351E+03,1.1385E+03,-87.722E+00,-0.9970E+00,-175.58E+00,49.991E+00,NAN,174.07E+00,-174.06E+00,14.323E+00,-14.587E+00,1.410E+00,1.581E+00,NAN,NAN,NAN,NAN,NAN,NAN,NAN,NAN,NAN,0.000E+00,0.000E+00,0.000E+00,-10.947E-03,0.000E+00,0.0000E+00,0.0000E+00,0.0000E+00,168.41E-06,0.0000E+00,-4.8089E-06,0.000E+00,0.000E+00,Error,Error,Error,NAN,80.131E-03,-124.85E-03,6.7338E-03,-5.3598E-03,Error,Error,NAN,NAN,NAN,NAN,NAN,NAN,NAN,NAN,NAN,NAN,NAN
   94,  2026/03/17,10:44:33,123.58E+00,124.35E+00,111.95E+00,34.591E-03,123.58E+00,9.2115E+00,9.0679E+00,8.1640E+00,1.1081E-03,9.2115E+00,-1.1350E+03,1.1384E+03,-87.632E+00,-0.9970E+00,-175.59E+00,49.989E+00,NAN,174.45E+00,-174.25E+00,13.787E+00,-13.773E+00,1.412E+00,1.497E+00,NAN,NAN,NAN,NAN,NAN,NAN,NAN,NAN,NAN,0.000E+00,0.000E+00,0.000E+00,-11.020E-03,0.000E+00,0.0000E+00,0.0000E+00,0.0000E+00,134.02E-06,0.0000E+00,-3.8420E-06,0.000E+00,0.000E+00,Error,Error,Error,NAN,89.665E-03,-102.61E-03,6.7338E-03,-6.3760E-03,Error,Error,NAN,NAN,NAN,NAN,NAN,NAN,NAN,NAN,NAN,NAN,NAN
   95,  2026/03/17,10:44:33,123.50E+00,124.25E+00,111.86E+00,42.607E-03,123.50E+00,9.1956E+00,9.0509E+00,8.1487E+00,-1.8847E-03,9.1956E+00,-1.1323E+03,1.1356E+03,-87.472E+00,-0.9970E+00,-175.58E+00,49.987E+00,NAN,174.35E+00,-174.18E+00,13.784E+00,-13.792E+00,1.412E+00,1.500E+00,NAN,NAN,NAN,NAN,NAN,NAN,NAN,NAN,NAN,0.000E+00,0.000E+00,0.000E+00,-10.836E-03,0.000E+00,0.0000E+00,0.0000E+00,0.0000E+00,169.43E-06,0.0000E+00,-3.9713E-06,0.000E+00,0.000E+00,Error,Error,Error,NAN,80.131E-03,-101.02E-03,5.8192E-03,-6.2744E-03,Error,Error,NAN,NAN,NAN,NAN,NAN,NAN,NAN,NAN,NAN,NAN,NAN
   96,  2026/03/17,10:44:33,123.54E+00,124.31E+00,111.92E+00,-21.785E-03,123.54E+00,9.2273E+00,9.0838E+00,8.1783E+00,-25.277E-03,9.2273E+00,-1.1365E+03,1.1400E+03,-88.668E+00,-0.9970E+00,-175.54E+00,49.996E+00,NAN,174.45E+00,-174.31E+00,14.278E+00,-14.042E+00,1.412E+00,1.547E+00,NAN,NAN,NAN,NAN,NAN,NAN,NAN,NAN,NAN,0.000E+00,0.000E+00,0.000E+00,-11.080E-03,0.000E+00,0.0000E+00,0.0000E+00,0.0000E+00,128.69E-06,0.0000E+00,-3.8571E-06,0.000E+00,0.000E+00,Error,Error,Error,NAN,84.898E-03,-101.02E-03,6.6322E-03,-6.8842E-03,Error,Error,NAN,NAN,NAN,NAN,NAN,NAN,NAN,NAN,NAN,NAN,NAN
   97,  2026/03/17,10:44:33,123.32E+00,124.08E+00,111.71E+00,36.969E-03,123.32E+00,9.3359E+00,9.1927E+00,8.2763E+00,4.7685E-03,9.3359E+00,-1.1480E+03,1.1513E+03,-86.714E+00,-0.9972E+00,-175.68E+00,49.999E+00,NAN,173.91E+00,-173.87E+00,13.981E+00,-13.972E+00,1.410E+00,1.498E+00,NAN,NAN,NAN,NAN,NAN,NAN,NAN,NAN,NAN,0.000E+00,0.000E+00,0.000E+00,-11.019E-03,0.000E+00,0.0000E+00,0.0000E+00,0.0000E+00,119.85E-06,0.0000E+00,-3.4741E-06,0.000E+00,0.000E+00,Error,Error,Error,NAN,76.953E-03,-121.68E-03,6.9371E-03,-5.5630E-03,Error,Error,NAN,NAN,NAN,NAN,NAN,NAN,NAN,NAN,NAN,NAN,NAN
   98,  2026/03/17,10:44:34,123.37E+00,124.13E+00,111.76E+00,43.738E-03,123.37E+00,9.3487E+00,9.2056E+00,8.2879E+00,2.1383E-03,9.3487E+00,-1.1501E+03,1.1534E+03,-86.803E+00,-0.9972E+00,-175.68E+00,49.999E+00,NAN,174.03E+00,-174.06E+00,13.977E+00,-13.974E+00,1.411E+00,1.495E+00,NAN,NAN,NAN,NAN,NAN,NAN,NAN,NAN,NAN,0.000E+00,0.000E+00,0.000E+00,-10.618E-03,0.000E+00,0.0000E+00,0.0000E+00,0.0000E+00,161.86E-06,0.0000E+00,-3.6228E-06,0.000E+00,0.000E+00,Error,Error,Error,NAN,78.542E-03,-104.20E-03,6.9371E-03,-5.6646E-03,Error,Error,NAN,NAN,NAN,NAN,NAN,NAN,NAN,NAN,NAN,NAN,NAN
   99,  2026/03/17,10:44:34,123.01E+00,123.79E+00,111.45E+00,130.87E-03,123.01E+00,9.5211E+00,9.3760E+00,8.4413E+00,47.583E-03,9.5210E+00,-1.1675E+03,1.1712E+03,-93.632E+00,-0.9968E+00,-175.41E+00,50.033E+00,NAN,174.07E+00,-173.99E+00,15.026E+00,-15.258E+00,1.415E+00,1.603E+00,NAN,NAN,NAN,NAN,NAN,NAN,NAN,NAN,NAN,0.000E+00,0.000E+00,0.000E+00,-10.638E-03,0.000E+00,0.0000E+00,0.0000E+00,0.0000E+00,98.183E-06,0.0000E+00,-3.5423E-06,0.000E+00,0.000E+00,Error,Error,Error,NAN,78.542E-03,-105.79E-03,6.7338E-03,-6.5793E-03,Error,Error,NAN,NAN,NAN,NAN,NAN,NAN,NAN,NAN,NAN,NAN,NAN
  100,  2026/03/17,10:44:35,123.39E+00,124.16E+00,111.79E+00,32.650E-03,123.39E+00,9.3381E+00,9.1960E+00,8.2793E+00,-471.22E-06,9.3381E+00,-1.1489E+03,1.1522E+03,-86.984E+00,-0.9971E+00,-175.67E+00,50.005E+00,NAN,174.00E+00,-173.93E+00,13.997E+00,-13.982E+00,1.410E+00,1.499E+00,NAN,NAN,NAN,NAN,NAN,NAN,NAN,NAN,NAN,0.000E+00,0.000E+00,0.000E+00,-10.845E-03,0.000E+00,0.0000E+00,0.0000E+00,0.0000E+00,77.289E-06,0.0000E+00,-3.3711E-06,0.000E+00,0.000E+00,Error,Error,Error,NAN,92.843E-03,-99.430E-03,6.1240E-03,-5.8679E-03,Error,Error,NAN,NAN,NAN,NAN,NAN,NAN,NAN,NAN,NAN,NAN,NAN
  101,  2026/03/17,10:44:35,123.29E+00,124.06E+00,111.70E+00,53.115E-03,123.29E+00,9.3626E+00,9.2204E+00,8.3013E+00,5.3256E-03,9.3626E+00,-1.1511E+03,1.1543E+03,-86.704E+00,-0.9972E+00,-175.69E+00,50.005E+00,NAN,174.03E+00,-173.90E+00,14.044E+00,-14.052E+00,1.412E+00,1.501E+00,NAN,NAN,NAN,NAN,NAN,NAN,NAN,NAN,NAN,0.000E+00,0.000E+00,0.000E+00,-10.854E-03,0.000E+00,0.0000E+00,0.0000E+00,0.0000E+00,120.74E-06,0.0000E+00,-3.8299E-06,0.000E+00,0.000E+00,Error,Error,Error,NAN,83.309E-03,-99.430E-03,6.5306E-03,-6.3760E-03,Error,Error,NAN,NAN,NAN,NAN,NAN,NAN,NAN,NAN,NAN,NAN,NAN
  102,  2026/03/17,10:44:35,123.13E+00,123.91E+00,111.56E+00,64.768E-03,123.13E+00,9.4658E+00,9.3239E+00,8.3944E+00,15.958E-03,9.4657E+00,-1.1623E+03,1.1655E+03,-86.953E+00,-0.9972E+00,-175.72E+00,50.022E+00,NAN,173.72E+00,-173.87E+00,14.403E+00,-14.469E+00,1.412E+00,1.529E+00,NAN,NAN,NAN,NAN,NAN,NAN,NAN,NAN,NAN,0.000E+00,0.000E+00,0.000E+00,-10.849E-03,0.000E+00,0.0000E+00,0.0000E+00,0.0000E+00,156.81E-06,0.0000E+00,-3.0779E-06,0.000E+00,0.000E+00,Error,Error,Error,NAN,69.007E-03,-99.430E-03,6.0224E-03,-6.0711E-03,Error,Error,NAN,NAN,NAN,NAN,NAN,NAN,NAN,NAN,NAN,NAN,NAN
  103,  2026/03/17,10:44:36,121.66E+00,122.43E+00,110.22E+00,55.516E-03,121.66E+00,10.116E+00,9.9784E+00,8.9837E+00,2.3005E-03,10.116E+00,-1.2279E+03,1.2307E+03,-82.816E+00,-0.9977E+00,-176.14E+00,50.011E+00,NAN,171.61E+00,-171.60E+00,15.066E+00,-15.062E+00,1.411E+00,1.489E+00,NAN,NAN,NAN,NAN,NAN,NAN,NAN,NAN,NAN,0.000E+00,0.000E+00,0.000E+00,-10.626E-03,0.000E+00,0.0000E+00,0.0000E+00,0.0000E+00,98.255E-06,0.0000E+00,-3.6490E-06,0.000E+00,0.000E+00,Error,Error,Error,NAN,84.898E-03,-102.61E-03,6.7338E-03,-6.8842E-03,Error,Error,NAN,NAN,NAN,NAN,NAN,NAN,NAN,NAN,NAN,NAN,NAN
  104,  2026/03/17,10:44:36,121.70E+00,122.46E+00,110.25E+00,53.406E-03,121.70E+00,10.155E+00,10.018E+00,9.0189E+00,3.5413E-03,10.155E+00,-1.2331E+03,1.2358E+03,-82.790E+00,-0.9978E+00,-176.16E+00,50.009E+00,NAN,171.68E+00,-171.60E+00,15.132E+00,-15.132E+00,1.411E+00,1.490E+00,NAN,NAN,NAN,NAN,NAN,NAN,NAN,NAN,NAN,0.000E+00,0.000E+00,0.000E+00,-10.466E-03,0.000E+00,0.0000E+00,0.0000E+00,0.0000E+00,104.31E-06,0.0000E+00,-2.7939E-06,0.000E+00,0.000E+00,Error,Error,Error,NAN,81.720E-03,-102.61E-03,6.1240E-03,-5.6646E-03,Error,Error,NAN,NAN,NAN,NAN,NAN,NAN,NAN,NAN,NAN,NAN,NAN
  105,  2026/03/17,10:44:37,121.73E+00,122.49E+00,110.28E+00,48.294E-03,121.73E+00,10.122E+00,9.9839E+00,8.9887E+00,2.5994E-03,10.122E+00,-1.2294E+03,1.2321E+03,-82.795E+00,-0.9977E+00,-176.15E+00,49.996E+00,NAN,171.65E+00,-171.70E+00,15.067E+00,-15.060E+00,1.410E+00,1.489E+00,NAN,NAN,NAN,NAN,NAN,NAN,NAN,NAN,NAN,0.000E+00,0.000E+00,0.000E+00,-10.702E-03,0.000E+00,0.0000E+00,0.0000E+00,0.0000E+00,78.619E-06,0.0000E+00,-2.9063E-06,0.000E+00,0.000E+00,Error,Error,Error,NAN,83.309E-03,-116.91E-03,6.6322E-03,-6.0711E-03,Error,Error,NAN,NAN,NAN,NAN,NAN,NAN,NAN,NAN,NAN,NAN,NAN
  106,  2026/03/17,10:44:37,121.84E+00,122.60E+00,110.38E+00,41.823E-03,121.84E+00,10.109E+00,9.9720E+00,8.9779E+00,486.72E-06,10.109E+00,-1.2289E+03,1.2317E+03,-83.062E+00,-0.9977E+00,-176.13E+00,49.994E+00,NAN,171.71E+00,-171.80E+00,15.048E+00,-15.042E+00,1.410E+00,1.489E+00,NAN,NAN,NAN,NAN,NAN,NAN,NAN,NAN,NAN,0.000E+00,0.000E+00,0.000E+00,-10.752E-03,0.000E+00,0.0000E+00,0.0000E+00,0.0000E+00,54.371E-06,0.0000E+00,-3.3782E-06,0.000E+00,0.000E+00,Error,Error,Error,NAN,76.953E-03,-99.430E-03,7.4452E-03,-5.8679E-03,Error,Error,NAN,NAN,NAN,NAN,NAN,NAN,NAN,NAN,NAN,NAN,NAN
  107,  2026/03/17,10:44:37,121.60E+00,122.35E+00,110.15E+00,37.178E-03,121.60E+00,10.116E+00,9.9777E+00,8.9831E+00,2.9924E-03,10.116E+00,-1.2273E+03,1.2301E+03,-82.572E+00,-0.9977E+00,-176.15E+00,49.996E+00,NAN,171.61E+00,-171.51E+00,15.067E+00,-15.070E+00,1.411E+00,1.490E+00,NAN,NAN,NAN,NAN,NAN,NAN,NAN,NAN,NAN,0.000E+00,0.000E+00,0.000E+00,-10.985E-03,0.000E+00,0.0000E+00,0.0000E+00,0.0000E+00,140.65E-06,0.0000E+00,-3.5006E-06,0.000E+00,0.000E+00,Error,Error,Error,NAN,97.610E-03,-97.841E-03,6.3273E-03,-6.5793E-03,Error,Error,NAN,NAN,NAN,NAN,NAN,NAN,NAN,NAN,NAN,NAN,NAN
  108,  2026/03/17,10:44:37,121.61E+00,122.36E+00,110.16E+00,44.516E-03,121.61E+00,10.125E+00,9.9859E+00,8.9904E+00,3.2779E-03,10.125E+00,-1.2285E+03,1.2313E+03,-82.617E+00,-0.9977E+00,-176.15E+00,50.003E+00,NAN,171.58E+00,-171.54E+00,15.071E+00,-15.084E+00,1.411E+00,1.490E+00,NAN,NAN,NAN,NAN,NAN,NAN,NAN,NAN,NAN,0.000E+00,0.000E+00,0.000E+00,-10.540E-03,0.000E+00,0.0000E+00,0.0000E+00,0.0000E+00,100.29E-06,0.0000E+00,-2.5823E-06,0.000E+00,0.000E+00,Error,Error,Error,NAN,84.898E-03,-96.252E-03,6.7338E-03,-6.4777E-03,Error,Error,NAN,NAN,NAN,NAN,NAN,NAN,NAN,NAN,NAN,NAN,NAN
  109,  2026/03/17,10:44:37,122.78E+00,123.53E+00,111.21E+00,34.276E-03,122.78E+00,9.5138E+00,9.3701E+00,8.4361E+00,-3.5561E-03,9.5138E+00,-1.1648E+03,1.1681E+03,-86.781E+00,-0.9972E+00,-175.74E+00,50.003E+00,NAN,173.33E+00,-173.16E+00,14.366E+00,-14.313E+00,1.412E+00,1.510E+00,NAN,NAN,NAN,NAN,NAN,NAN,NAN,NAN,NAN,0.000E+00,0.000E+00,0.000E+00,-10.667E-03,0.000E+00,0.0000E+00,0.0000E+00,0.0000E+00,143.98E-06,0.0000E+00,-4.4936E-06,0.000E+00,0.000E+00,Error,Error,Error,NAN,91.254E-03,-101.02E-03,6.3273E-03,-6.2744E-03,Error,Error,NAN,NAN,NAN,NAN,NAN,NAN,NAN,NAN,NAN,NAN,NAN
  110,  2026/03/17,10:44:38,122.67E+00,123.44E+00,111.13E+00,49.305E-03,122.67E+00,9.6080E+00,9.4670E+00,8.5233E+00,4.2861E-03,9.6080E+00,-1.1756E+03,1.1787E+03,-85.234E+00,-0.9974E+00,-175.85E+00,50.003E+00,NAN,173.14E+00,-173.13E+00,14.347E+00,-14.353E+00,1.411E+00,1.494E+00,NAN,NAN,NAN,NAN,NAN,NAN,NAN,NAN,NAN,0.000E+00,0.000E+00,0.000E+00,-10.968E-03,0.000E+00,0.0000E+00,0.0000E+00,0.0000E+00,130.98E-06,0.0000E+00,-4.4201E-06,0.000E+00,0.000E+00,Error,Error,Error,NAN,86.487E-03,-105.79E-03,6.1240E-03,-5.4614E-03,Error,Error,NAN,NAN,NAN,NAN,NAN,NAN,NAN,NAN,NAN,NAN,NAN
  111,  2026/03/17,10:44:38,122.96E+00,123.71E+00,111.38E+00,57.221E-03,122.96E+00,9.4860E+00,9.3432E+00,8.4118E+00,6.3511E-03,9.4860E+00,-1.1632E+03,1.1664E+03,-85.964E+00,-0.9973E+00,-175.77E+00,50.003E+00,NAN,173.56E+00,-173.61E+00,14.205E+00,-14.214E+00,1.412E+00,1.498E+00,NAN,NAN,NAN,NAN,NAN,NAN,NAN,NAN,NAN,0.000E+00,0.000E+00,0.000E+00,-11.027E-03,0.000E+00,0.0000E+00,0.0000E+00,0.0000E+00,95.529E-06,0.0000E+00,-3.2098E-06,0.000E+00,0.000E+00,Error,Error,Error,NAN,96.021E-03,-107.37E-03,6.3273E-03,-6.1728E-03,Error,Error,NAN,NAN,NAN,NAN,NAN,NAN,NAN,NAN,NAN,NAN,NAN
  112,  2026/03/17,10:44:38,123.12E+00,123.88E+00,111.53E+00,54.197E-03,123.12E+00,9.3598E+00,9.2164E+00,8.2977E+00,4.3308E-03,9.3598E+00,-1.1491E+03,1.1524E+03,-86.401E+00,-0.9972E+00,-175.70E+00,50.002E+00,NAN,173.75E+00,-173.52E+00,14.003E+00,-14.032E+00,1.411E+00,1.499E+00,NAN,NAN,NAN,NAN,NAN,NAN,NAN,NAN,NAN,0.000E+00,0.000E+00,0.000E+00,-10.958E-03,0.000E+00,0.0000E+00,0.0000E+00,0.0000E+00,100.30E-06,0.0000E+00,-3.9614E-06,0.000E+00,0.000E+00,Error,Error,Error,NAN,76.953E-03,-94.663E-03,6.5306E-03,-5.7663E-03,Error,Error,NAN,NAN,NAN,NAN,NAN,NAN,NAN,NAN,NAN,NAN,NAN
  113,  2026/03/17,10:44:38,123.26E+00,124.02E+00,111.66E+00,47.156E-03,123.26E+00,9.3480E+00,9.2042E+00,8.2867E+00,3.2099E-03,9.3480E+00,-1.1490E+03,1.1523E+03,-86.659E+00,-0.9972E+00,-175.69E+00,50.003E+00,NAN,173.75E+00,-173.80E+00,13.967E+00,-13.986E+00,1.410E+00,1.496E+00,NAN,NAN,NAN,NAN,NAN,NAN,NAN,NAN,NAN,0.000E+00,0.000E+00,0.000E+00,-10.631E-03,0.000E+00,0.0000E+00,0.0000E+00,0.0000E+00,84.567E-06,0.0000E+00,-2.5165E-06,0.000E+00,0.000E+00,Error,Error,Error,NAN,75.364E-03,-108.96E-03,7.3436E-03,-6.2744E-03,Error,Error,NAN,NAN,NAN,NAN,NAN,NAN,NAN,NAN,NAN,NAN,NAN
  114,  2026/03/17,10:44:38,123.21E+00,123.97E+00,111.61E+00,49.061E-03,123.21E+00,9.3224E+00,9.1791E+00,8.2641E+00,2.8206E-03,9.3224E+00,-1.1453E+03,1.1486E+03,-86.591E+00,-0.9972E+00,-175.68E+00,49.994E+00,NAN,173.78E+00,-173.77E+00,13.942E+00,-13.938E+00,1.410E+00,1.496E+00,NAN,NAN,NAN,NAN,NAN,NAN,NAN,NAN,NAN,0.000E+00,0.000E+00,0.000E+00,-10.963E-03,0.000E+00,0.0000E+00,0.0000E+00,0.0000E+00,97.675E-06,0.0000E+00,-3.1945E-06,0.000E+00,0.000E+00,Error,Error,Error,NAN,97.610E-03,-99.430E-03,6.3273E-03,-6.0711E-03,Error,Error,NAN,NAN,NAN,NAN,NAN,NAN,NAN,NAN,NAN,NAN,NAN
  115,  2026/03/17,10:44:39,123.29E+00,124.05E+00,111.68E+00,43.879E-03,123.29E+00,9.3204E+00,9.1761E+00,8.2614E+00,1.1372E-03,9.3204E+00,-1.1459E+03,1.1492E+03,-86.776E+00,-0.9971E+00,-175.67E+00,50.000E+00,NAN,173.81E+00,-173.83E+00,13.932E+00,-13.939E+00,1.410E+00,1.496E+00,NAN,NAN,NAN,NAN,NAN,NAN,NAN,NAN,NAN,0.000E+00,0.000E+00,0.000E+00,-10.835E-03,0.000E+00,0.0000E+00,0.0000E+00,0.0000E+00,82.228E-06,0.0000E+00,-2.7649E-06,0.000E+00,0.000E+00,Error,Error,Error,NAN,76.953E-03,-97.841E-03,5.9208E-03,-7.0874E-03,Error,Error,NAN,NAN,NAN,NAN,NAN,NAN,NAN,NAN,NAN,NAN,NAN
  116,  2026/03/17,10:44:39,123.25E+00,123.99E+00,111.63E+00,36.666E-03,123.25E+00,9.3184E+00,9.1739E+00,8.2594E+00,1.0459E-03,9.3184E+00,-1.1452E+03,1.1485E+03,-86.658E+00,-0.9971E+00,-175.67E+00,50.000E+00,NAN,173.84E+00,-173.80E+00,13.939E+00,-13.946E+00,1.411E+00,1.497E+00,NAN,NAN,NAN,NAN,NAN,NAN,NAN,NAN,NAN,0.000E+00,0.000E+00,0.000E+00,-10.815E-03,0.000E+00,0.0000E+00,0.0000E+00,0.0000E+00,97.320E-06,0.0000E+00,-4.2077E-06,0.000E+00,0.000E+00,Error,Error,Error,NAN,83.309E-03,-115.32E-03,6.5306E-03,-5.5630E-03,Error,Error,NAN,NAN,NAN,NAN,NAN,NAN,NAN,NAN,NAN,NAN,NAN
  117,  2026/03/17,10:44:39,122.90E+00,123.64E+00,111.31E+00,-15.244E-03,122.90E+00,9.4683E+00,9.3227E+00,8.3934E+00,-28.124E-03,9.4682E+00,-1.1602E+03,1.1637E+03,-90.173E+00,-0.9970E+00,-175.56E+00,49.998E+00,NAN,173.68E+00,-173.67E+00,14.436E+00,-14.499E+00,1.413E+00,1.531E+00,NAN,NAN,NAN,NAN,NAN,NAN,NAN,NAN,NAN,0.000E+00,0.000E+00,0.000E+00,-10.646E-03,0.000E+00,0.0000E+00,0.0000E+00,0.0000E+00,82.737E-06,0.0000E+00,-3.4982E-06,0.000E+00,0.000E+00,Error,Error,Error,NAN,91.254E-03,-121.68E-03,6.3273E-03,-7.3923E-03,Error,Error,NAN,NAN,NAN,NAN,NAN,NAN,NAN,NAN,NAN,NAN,NAN
  118,  2026/03/17,10:44:39,122.82E+00,123.55E+00,111.24E+00,13.950E-03,122.82E+00,9.4990E+00,9.3541E+00,8.4216E+00,-8.8960E-03,9.4989E+00,-1.1634E+03,1.1666E+03,-86.804E+00,-0.9972E+00,-175.73E+00,49.992E+00,NAN,173.11E+00,-173.04E+00,14.513E+00,-14.394E+00,1.409E+00,1.528E+00,NAN,NAN,NAN,NAN,NAN,NAN,NAN,NAN,NAN,0.000E+00,0.000E+00,0.000E+00,-11.033E-03,0.000E+00,0.0000E+00,0.0000E+00,0.0000E+00,75.938E-06,0.0000E+00,-2.6737E-06,0.000E+00,0.000E+00,Error,Error,Error,NAN,83.309E-03,-107.37E-03,6.0224E-03,-5.9695E-03,Error,Error,NAN,NAN,NAN,NAN,NAN,NAN,NAN,NAN,NAN,NAN,NAN
  119,  2026/03/17,10:44:39,123.16E+00,123.92E+00,111.56E+00,53.067E-03,123.16E+00,9.3314E+00,9.1873E+00,8.2715E+00,84.549E-06,9.3314E+00,-1.1460E+03,1.1493E+03,-86.590E+00,-0.9972E+00,-175.68E+00,49.996E+00,NAN,173.30E+00,-173.29E+00,13.934E+00,-13.907E+00,1.407E+00,1.493E+00,NAN,NAN,NAN,NAN,NAN,NAN,NAN,NAN,NAN,0.000E+00,0.000E+00,0.000E+00,-10.924E-03,0.000E+00,0.0000E+00,0.0000E+00,0.0000E+00,39.444E-06,0.0000E+00,-2.9755E-06,0.000E+00,0.000E+00,Error,Error,Error,NAN,83.309E-03,-104.20E-03,6.2257E-03,-6.2744E-03,Error,Error,NAN,NAN,NAN,NAN,NAN,NAN,NAN,NAN,NAN,NAN,NAN
  120,  2026/03/17,10:44:40,122.73E+00,123.49E+00,111.18E+00,34.378E-03,122.73E+00,9.5945E+00,9.4517E+00,8.5096E+00,947.06E-06,9.5945E+00,-1.1743E+03,1.1776E+03,-87.212E+00,-0.9973E+00,-175.75E+00,49.988E+00,NAN,173.24E+00,-173.23E+00,14.496E+00,-14.491E+00,1.411E+00,1.511E+00,NAN,NAN,NAN,NAN,NAN,NAN,NAN,NAN,NAN,0.000E+00,0.000E+00,0.000E+00,-10.956E-03,0.000E+00,0.0000E+00,0.0000E+00,0.0000E+00,93.928E-06,0.0000E+00,-3.6910E-06,0.000E+00,0.000E+00,Error,Error,Error,NAN,83.309E-03,-97.841E-03,6.5306E-03,-5.9695E-03,Error,Error,NAN,NAN,NAN,NAN,NAN,NAN,NAN,NAN,NAN,NAN,NAN
  121,  2026/03/17,10:44:40,122.96E+00,123.70E+00,111.37E+00,57.985E-03,122.96E+00,9.4398E+00,9.2953E+00,8.3688E+00,6.1375E-03,9.4398E+00,-1.1575E+03,1.1607E+03,-85.887E+00,-0.9973E+00,-175.76E+00,49.992E+00,NAN,173.17E+00,-173.07E+00,14.155E+00,-14.214E+00,1.408E+00,1.506E+00,NAN,NAN,NAN,NAN,NAN,NAN,NAN,NAN,NAN,0.000E+00,0.000E+00,0.000E+00,-11.030E-03,0.000E+00,0.0000E+00,0.0000E+00,0.0000E+00,90.228E-06,0.0000E+00,-3.6947E-06,0.000E+00,0.000E+00,Error,Error,Error,NAN,75.364E-03,-108.96E-03,6.5306E-03,-5.9695E-03,Error,Error,NAN,NAN,NAN,NAN,NAN,NAN,NAN,NAN,NAN,NAN,NAN
  122,  2026/03/17,10:44:40,123.47E+00,124.22E+00,111.84E+00,34.291E-03,123.47E+00,9.2731E+00,9.1282E+00,8.2182E+00,-2.0085E-03,9.2731E+00,-1.1416E+03,1.1449E+03,-87.516E+00,-0.9971E+00,-175.62E+00,49.990E+00,NAN,173.84E+00,-173.80E+00,13.857E+00,-13.861E+00,1.408E+00,1.495E+00,NAN,NAN,NAN,NAN,NAN,NAN,NAN,NAN,NAN,0.000E+00,0.000E+00,0.000E+00,-10.970E-03,0.000E+00,0.0000E+00,0.0000E+00,0.0000E+00,103.98E-06,0.0000E+00,-3.8021E-06,0.000E+00,0.000E+00,Error,Error,Error,NAN,83.309E-03,-120.09E-03,6.7338E-03,-5.9695E-03,Error,Error,NAN,NAN,NAN,NAN,NAN,NAN,NAN,NAN,NAN,NAN,NAN
  123,  2026/03/17,10:44:40,123.43E+00,124.18E+00,111.80E+00,45.456E-03,123.43E+00,9.2886E+00,9.1438E+00,8.2323E+00,2.7641E-03,9.2886E+00,-1.1431E+03,1.1465E+03,-87.043E+00,-0.9971E+00,-175.65E+00,49.998E+00,NAN,173.75E+00,-173.67E+00,13.855E+00,-13.856E+00,1.408E+00,1.492E+00,NAN,NAN,NAN,NAN,NAN,NAN,NAN,NAN,NAN,0.000E+00,0.000E+00,0.000E+00,-10.795E-03,0.000E+00,0.0000E+00,0.0000E+00,0.0000E+00,121.98E-06,0.0000E+00,-3.7968E-06,0.000E+00,0.000E+00,Error,Error,Error,NAN,76.953E-03,-105.79E-03,7.3436E-03,-6.9858E-03,Error,Error,NAN,NAN,NAN,NAN,NAN,NAN,NAN,NAN,NAN,NAN,NAN
  124,  2026/03/17,10:44:40,123.33E+00,124.09E+00,111.72E+00,-31.657E-03,123.33E+00,9.3179E+00,9.1734E+00,8.2590E+00,-36.911E-03,9.3179E+00,-1.1456E+03,1.1491E+03,-90.203E+00,-0.9969E+00,-175.50E+00,49.993E+00,NAN,173.84E+00,-173.80E+00,15.233E+00,-14.749E+00,1.410E+00,1.635E+00,NAN,NAN,NAN,NAN,NAN,NAN,NAN,NAN,NAN,0.000E+00,0.000E+00,0.000E+00,-10.783E-03,0.000E+00,0.0000E+00,0.0000E+00,0.0000E+00,126.05E-06,0.0000E+00,-4.4855E-06,0.000E+00,0.000E+00,Error,Error,Error,NAN,91.254E-03,-104.20E-03,7.3436E-03,-6.0711E-03,Error,Error,NAN,NAN,NAN,NAN,NAN,NAN,NAN,NAN,NAN,NAN,NAN
  125,  2026/03/17,10:44:41,123.45E+00,124.22E+00,111.84E+00,61.629E-03,123.45E+00,9.2839E+00,9.1397E+00,8.2286E+00,9.5772E-03,9.2839E+00,-1.1428E+03,1.1461E+03,-87.325E+00,-0.9971E+00,-175.63E+00,50.003E+00,NAN,173.87E+00,-173.83E+00,13.929E+00,-13.913E+00,1.408E+00,1.500E+00,NAN,NAN,NAN,NAN,NAN,NAN,NAN,NAN,NAN,0.000E+00,0.000E+00,0.000E+00,-10.796E-03,0.000E+00,0.0000E+00,0.0000E+00,0.0000E+00,153.32E-06,0.0000E+00,-4.9671E-06,0.000E+00,0.000E+00,Error,Error,Error,NAN,80.131E-03,-102.61E-03,6.5306E-03,-6.6809E-03,Error,Error,NAN,NAN,NAN,NAN,NAN,NAN,NAN,NAN,NAN,NAN,NAN
  126,  2026/03/17,10:44:41,123.64E+00,124.39E+00,111.99E+00,39.461E-03,123.64E+00,9.2137E+00,9.0676E+00,8.1637E+00,632.93E-06,9.2137E+00,-1.1358E+03,1.1391E+03,-87.703E+00,-0.9970E+00,-175.58E+00,49.998E+00,NAN,174.26E+00,-174.22E+00,13.761E+00,-13.745E+00,1.409E+00,1.493E+00,NAN,NAN,NAN,NAN,NAN,NAN,NAN,NAN,NAN,0.000E+00,0.000E+00,0.000E+00,-10.709E-03,0.000E+00,0.0000E+00,0.0000E+00,0.0000E+00,76.272E-06,0.0000E+00,-3.1048E-06,0.000E+00,0.000E+00,Error,Error,Error,NAN,73.774E-03,-96.252E-03,5.9208E-03,-6.6809E-03,Error,Error,NAN,NAN,NAN,NAN,NAN,NAN,NAN,NAN,NAN,NAN,NAN
  127,  2026/03/17,10:44:41,123.21E+00,123.96E+00,111.60E+00,-7.8832E-03,123.21E+00,9.3973E+00,9.2524E+00,8.3301E+00,-18.380E-03,9.3973E+00,-1.1544E+03,1.1578E+03,-88.615E+00,-0.9971E+00,-175.61E+00,49.998E+00,NAN,173.94E+00,-173.90E+00,14.499E+00,-14.356E+00,1.412E+00,1.543E+00,NAN,NAN,NAN,NAN,NAN,NAN,NAN,NAN,NAN,0.000E+00,0.000E+00,0.000E+00,-10.644E-03,0.000E+00,0.0000E+00,0.0000E+00,0.0000E+00,149.37E-06,0.0000E+00,-3.4302E-06,0.000E+00,0.000E+00,Error,Error,Error,NAN,78.542E-03,-97.841E-03,6.0224E-03,-5.7663E-03,Error,Error,NAN,NAN,NAN,NAN,NAN,NAN,NAN,NAN,NAN,NAN,NAN
  128,  2026/03/17,10:44:42,123.10E+00,123.80E+00,111.46E+00,34.356E-03,123.10E+00,9.4308E+00,9.2834E+00,8.3580E+00,2.0636E-03,9.4308E+00,-1.1577E+03,1.1609E+03,-86.011E+00,-0.9973E+00,-175.75E+00,50.000E+00,NAN,173.01E+00,-172.97E+00,14.010E+00,-14.000E+00,1.406E+00,1.486E+00,NAN,NAN,NAN,NAN,NAN,NAN,NAN,NAN,NAN,0.000E+00,0.000E+00,0.000E+00,-10.462E-03,0.000E+00,0.0000E+00,0.0000E+00,0.0000E+00,119.69E-06,0.0000E+00,-4.3961E-06,0.000E+00,0.000E+00,Error,Error,Error,NAN,78.542E-03,-96.252E-03,6.4289E-03,-6.0711E-03,Error,Error,NAN,NAN,NAN,NAN,NAN,NAN,NAN,NAN,NAN,NAN,NAN
  129,  2026/03/17,10:44:42,123.14E+00,123.84E+00,111.49E+00,46.399E-03,123.14E+00,9.4182E+00,9.2699E+00,8.3458E+00,3.4412E-03,9.4182E+00,-1.1566E+03,1.1598E+03,-86.114E+00,-0.9972E+00,-175.74E+00,50.000E+00,NAN,173.11E+00,-173.07E+00,13.989E+00,-13.979E+00,1.406E+00,1.485E+00,NAN,NAN,NAN,NAN,NAN,NAN,NAN,NAN,NAN,0.000E+00,0.000E+00,0.000E+00,-11.071E-03,0.000E+00,0.0000E+00,0.0000E+00,0.0000E+00,113.82E-06,0.0000E+00,-3.1234E-06,0.000E+00,0.000E+00,Error,Error,Error,NAN,76.953E-03,-105.79E-03,6.7338E-03,-6.2744E-03,Error,Error,NAN,NAN,NAN,NAN,NAN,NAN,NAN,NAN,NAN,NAN,NAN
  130,  2026/03/17,10:44:43,122.91E+00,123.62E+00,111.30E+00,108.29E-03,122.91E+00,9.5512E+00,9.4025E+00,8.4652E+00,37.866E-03,9.5511E+00,-1.1706E+03,1.1739E+03,-88.728E+00,-0.9971E+00,-175.67E+00,50.012E+00,NAN,172.89E+00,-172.85E+00,14.719E+00,-15.004E+00,1.407E+00,1.571E+00,NAN,NAN,NAN,NAN,NAN,NAN,NAN,NAN,NAN,0.000E+00,0.000E+00,0.000E+00,-10.494E-03,0.000E+00,0.0000E+00,0.0000E+00,0.0000E+00,137.93E-06,0.0000E+00,-3.2251E-06,0.000E+00,0.000E+00,Error,Error,Error,NAN,81.720E-03,-112.14E-03,7.6484E-03,-6.0711E-03,Error,Error,NAN,NAN,NAN,NAN,NAN,NAN,NAN,NAN,NAN,NAN,NAN
  131,  2026/03/17,10:44:43,123.04E+00,123.77E+00,111.43E+00,43.608E-03,123.04E+00,9.4539E+00,9.3092E+00,8.3812E+00,-1.2688E-03,9.4539E+00,-1.1600E+03,1.1632E+03,-85.953E+00,-0.9973E+00,-175.76E+00,49.992E+00,NAN,172.92E+00,-172.85E+00,14.044E+00,-14.035E+00,1.405E+00,1.486E+00,NAN,NAN,NAN,NAN,NAN,NAN,NAN,NAN,NAN,0.000E+00,0.000E+00,0.000E+00,-10.940E-03,0.000E+00,0.0000E+00,0.0000E+00,0.0000E+00,115.42E-06,0.0000E+00,-2.8925E-06,0.000E+00,0.000E+00,Error,Error,Error,NAN,88.076E-03,-99.430E-03,7.8517E-03,-5.6646E-03,Error,Error,NAN,NAN,NAN,NAN,NAN,NAN,NAN,NAN,NAN,NAN,NAN
  132,  2026/03/17,10:44:43,123.39E+00,124.12E+00,111.75E+00,37.881E-03,123.39E+00,9.2842E+00,9.1376E+00,8.2267E+00,3.9079E-03,9.2841E+00,-1.1423E+03,1.1456E+03,-86.908E+00,-0.9971E+00,-175.65E+00,50.002E+00,NAN,173.17E+00,-173.13E+00,13.776E+00,-13.791E+00,1.403E+00,1.485E+00,NAN,NAN,NAN,NAN,NAN,NAN,NAN,NAN,NAN,0.000E+00,0.000E+00,0.000E+00,-10.573E-03,0.000E+00,0.0000E+00,0.0000E+00,0.0000E+00,146.55E-06,0.0000E+00,-5.9842E-06,0.000E+00,0.000E+00,Error,Error,Error,NAN,80.131E-03,-93.074E-03,6.5306E-03,-6.1728E-03,Error,Error,NAN,NAN,NAN,NAN,NAN,NAN,NAN,NAN,NAN,NAN,NAN
  133,  2026/03/17,10:44:44,123.03E+00,123.74E+00,111.41E+00,33.669E-03,123.03E+00,9.4448E+00,9.2982E+00,8.3713E+00,1.2355E-03,9.4448E+00,-1.1588E+03,1.1620E+03,-85.927E+00,-0.9973E+00,-175.76E+00,50.001E+00,NAN,172.82E+00,-172.69E+00,14.020E+00,-14.010E+00,1.405E+00,1.484E+00,NAN,NAN,NAN,NAN,NAN,NAN,NAN,NAN,NAN,0.000E+00,0.000E+00,0.000E+00,-11.038E-03,0.000E+00,0.0000E+00,0.0000E+00,0.0000E+00,68.124E-06,0.0000E+00,-3.6663E-06,0.000E+00,0.000E+00,Error,Error,Error,NAN,78.542E-03,-108.96E-03,6.6322E-03,-6.2744E-03,Error,Error,NAN,NAN,NAN,NAN,NAN,NAN,NAN,NAN,NAN,NAN,NAN
  134,  2026/03/17,10:44:44,123.08E+00,123.80E+00,111.46E+00,40.219E-03,123.08E+00,9.4303E+00,9.2841E+00,8.3586E+00,-2.0489E-03,9.4303E+00,-1.1575E+03,1.1607E+03,-86.107E+00,-0.9972E+00,-175.75E+00,49.998E+00,NAN,172.76E+00,-172.72E+00,14.002E+00,-14.004E+00,1.404E+00,1.485E+00,NAN,NAN,NAN,NAN,NAN,NAN,NAN,NAN,NAN,0.000E+00,0.000E+00,0.000E+00,-10.731E-03,0.000E+00,0.0000E+00,0.0000E+00,0.0000E+00,45.746E-06,0.0000E+00,-2.6276E-06,0.000E+00,0.000E+00,Error,Error,Error,NAN,78.542E-03,-97.841E-03,6.6322E-03,-5.9695E-03,Error,Error,NAN,NAN,NAN,NAN,NAN,NAN,NAN,NAN,NAN,NAN,NAN
  135,  2026/03/17,10:44:44,123.16E+00,123.89E+00,111.54E+00,43.071E-03,123.16E+00,9.4281E+00,9.2817E+00,8.3565E+00,1.9117E-03,9.4281E+00,-1.1580E+03,1.1612E+03,-86.062E+00,-0.9972E+00,-175.75E+00,50.002E+00,NAN,172.82E+00,-172.81E+00,13.980E+00,-13.979E+00,1.403E+00,1.483E+00,NAN,NAN,NAN,NAN,NAN,NAN,NAN,NAN,NAN,0.000E+00,0.000E+00,0.000E+00,-11.065E-03,0.000E+00,0.0000E+00,0.0000E+00,0.0000E+00,28.109E-06,0.0000E+00,-2.8368E-06,0.000E+00,0.000E+00,Error,Error,Error,NAN,75.364E-03,-97.841E-03,5.9208E-03,-6.7825E-03,Error,Error,NAN,NAN,NAN,NAN,NAN,NAN,NAN,NAN,NAN,NAN,NAN
  136,  2026/03/17,10:44:45,123.17E+00,123.89E+00,111.54E+00,30.201E-03,123.17E+00,9.4384E+00,9.2927E+00,8.3664E+00,-832.15E-06,9.4384E+00,-1.1593E+03,1.1625E+03,-86.152E+00,-0.9973E+00,-175.75E+00,50.000E+00,NAN,172.92E+00,-172.81E+00,13.995E+00,-14.002E+00,1.404E+00,1.483E+00,NAN,NAN,NAN,NAN,NAN,NAN,NAN,NAN,NAN,0.000E+00,0.000E+00,0.000E+00,-11.124E-03,0.000E+00,0.0000E+00,0.0000E+00,0.0000E+00,66.347E-06,0.0000E+00,-3.1506E-06,0.000E+00,0.000E+00,Error,Error,Error,NAN,78.542E-03,-102.61E-03,5.9208E-03,-6.1728E-03,Error,Error,NAN,NAN,NAN,NAN,NAN,NAN,NAN,NAN,NAN,NAN,NAN
  137,  2026/03/17,10:44:45,123.03E+00,123.75E+00,111.42E+00,34.071E-03,123.03E+00,9.5429E+00,9.3977E+00,8.4609E+00,-157.14E-06,9.5429E+00,-1.1709E+03,1.1741E+03,-85.612E+00,-0.9973E+00,-175.82E+00,49.997E+00,NAN,172.66E+00,-172.66E+00,14.173E+00,-14.170E+00,1.403E+00,1.485E+00,NAN,NAN,NAN,NAN,NAN,NAN,NAN,NAN,NAN,0.000E+00,0.000E+00,0.000E+00,-11.325E-03,0.000E+00,0.0000E+00,0.0000E+00,0.0000E+00,110.78E-06,0.0000E+00,-3.4623E-06,0.000E+00,0.000E+00,Error,Error,Error,NAN,83.309E-03,-110.55E-03,6.2257E-03,-5.9695E-03,Error,Error,NAN,NAN,NAN,NAN,NAN,NAN,NAN,NAN,NAN,NAN,NAN
  138,  2026/03/17,10:44:45,122.82E+00,123.54E+00,111.22E+00,41.298E-03,122.82E+00,9.5908E+00,9.4459E+00,8.5043E+00,1.0274E-03,9.5908E+00,-1.1749E+03,1.1780E+03,-85.111E+00,-0.9974E+00,-175.86E+00,50.001E+00,NAN,172.54E+00,-172.34E+00,14.224E+00,-14.239E+00,1.405E+00,1.485E+00,NAN,NAN,NAN,NAN,NAN,NAN,NAN,NAN,NAN,0.000E+00,0.000E+00,0.000E+00,-10.813E-03,0.000E+00,0.0000E+00,0.0000E+00,0.0000E+00,120.03E-06,0.0000E+00,-3.9279E-06,0.000E+00,0.000E+00,Error,Error,Error,NAN,78.542E-03,-104.20E-03,6.2257E-03,-6.3760E-03,Error,Error,NAN,NAN,NAN,NAN,NAN,NAN,NAN,NAN,NAN,NAN,NAN
  139,  2026/03/17,10:44:45,122.78E+00,123.49E+00,111.18E+00,44.132E-03,122.78E+00,9.5708E+00,9.4255E+00,8.4859E+00,1.3759E-03,9.5708E+00,-1.1720E+03,1.1751E+03,-85.168E+00,-0.9974E+00,-175.84E+00,50.007E+00,NAN,172.38E+00,-172.50E+00,14.220E+00,-14.213E+00,1.405E+00,1.486E+00,NAN,NAN,NAN,NAN,NAN,NAN,NAN,NAN,NAN,0.000E+00,0.000E+00,0.000E+00,-10.987E-03,0.000E+00,0.0000E+00,0.0000E+00,0.0000E+00,114.68E-06,0.0000E+00,-3.9296E-06,0.000E+00,0.000E+00,Error,Error,Error,NAN,78.542E-03,-104.20E-03,6.7338E-03,-6.1728E-03,Error,Error,NAN,NAN,NAN,NAN,NAN,NAN,NAN,NAN,NAN,NAN,NAN
  140,  2026/03/17,10:44:45,122.93E+00,123.65E+00,111.33E+00,37.803E-03,122.93E+00,9.5722E+00,9.4270E+00,8.4872E+00,-137.26E-06,9.5722E+00,-1.1736E+03,1.1768E+03,-85.549E+00,-0.9974E+00,-175.83E+00,50.009E+00,NAN,172.57E+00,-172.53E+00,14.217E+00,-14.220E+00,1.404E+00,1.486E+00,NAN,NAN,NAN,NAN,NAN,NAN,NAN,NAN,NAN,0.000E+00,0.000E+00,0.000E+00,-10.566E-03,0.000E+00,0.0000E+00,0.0000E+00,0.0000E+00,110.03E-06,0.0000E+00,-2.5262E-06,0.000E+00,0.000E+00,Error,Error,Error,NAN,88.076E-03,-110.55E-03,6.0224E-03,-6.2744E-03,Error,Error,NAN,NAN,NAN,NAN,NAN,NAN,NAN,NAN,NAN,NAN,NAN
  141,  2026/03/17,10:44:46,123.07E+00,123.78E+00,111.44E+00,36.247E-03,123.07E+00,9.5036E+00,9.3569E+00,8.4242E+00,-1.2854E-03,9.5036E+00,-1.1664E+03,1.1696E+03,-86.046E+00,-0.9973E+00,-175.78E+00,50.002E+00,NAN,172.79E+00,-172.85E+00,14.159E+00,-14.145E+00,1.404E+00,1.490E+00,NAN,NAN,NAN,NAN,NAN,NAN,NAN,NAN,NAN,0.000E+00,0.000E+00,0.000E+00,-11.282E-03,0.000E+00,0.0000E+00,0.0000E+00,0.0000E+00,107.84E-06,0.0000E+00,-3.1566E-06,0.000E+00,0.000E+00,Error,Error,Error,NAN,76.953E-03,-97.841E-03,6.5306E-03,-6.8842E-03,Error,Error,NAN,NAN,NAN,NAN,NAN,NAN,NAN,NAN,NAN,NAN,NAN
  142,  2026/03/17,10:44:46,122.80E+00,123.51E+00,111.19E+00,52.988E-03,122.80E+00,9.5881E+00,9.4418E+00,8.5006E+00,7.9964E-03,9.5881E+00,-1.1743E+03,1.1774E+03,-85.321E+00,-0.9974E+00,-175.84E+00,50.006E+00,NAN,172.66E+00,-172.56E+00,14.346E+00,-14.321E+00,1.406E+00,1.496E+00,NAN,NAN,NAN,NAN,NAN,NAN,NAN,NAN,NAN,0.000E+00,0.000E+00,0.000E+00,-10.807E-03,0.000E+00,0.0000E+00,0.0000E+00,0.0000E+00,108.02E-06,0.0000E+00,-4.2820E-06,0.000E+00,0.000E+00,Error,Error,Error,NAN,80.131E-03,-102.61E-03,6.2257E-03,-6.0711E-03,Error,Error,NAN,NAN,NAN,NAN,NAN,NAN,NAN,NAN,NAN,NAN,NAN
  143,  2026/03/17,10:44:46,122.76E+00,123.47E+00,111.16E+00,31.164E-03,122.76E+00,9.5770E+00,9.4313E+00,8.4912E+00,-3.4076E-03,9.5770E+00,-1.1725E+03,1.1757E+03,-85.382E+00,-0.9974E+00,-175.84E+00,50.003E+00,NAN,172.63E+00,-172.50E+00,14.269E+00,-14.266E+00,1.406E+00,1.490E+00,NAN,NAN,NAN,NAN,NAN,NAN,NAN,NAN,NAN,0.000E+00,0.000E+00,0.000E+00,-10.799E-03,0.000E+00,0.0000E+00,0.0000E+00,0.0000E+00,76.759E-06,0.0000E+00,-2.8117E-06,0.000E+00,0.000E+00,Error,Error,Error,NAN,80.131E-03,-105.79E-03,6.1240E-03,-6.7825E-03,Error,Error,NAN,NAN,NAN,NAN,NAN,NAN,NAN,NAN,NAN,NAN,NAN
  144,  2026/03/17,10:44:46,122.70E+00,123.41E+00,111.11E+00,45.197E-03,122.70E+00,9.5886E+00,9.4434E+00,8.5020E+00,2.4675E-03,9.5886E+00,-1.1734E+03,1.1765E+03,-85.007E+00,-0.9974E+00,-175.86E+00,50.005E+00,NAN,172.35E+00,-172.34E+00,14.240E+00,-14.244E+00,1.405E+00,1.485E+00,NAN,NAN,NAN,NAN,NAN,NAN,NAN,NAN,NAN,0.000E+00,0.000E+00,0.000E+00,-11.153E-03,0.000E+00,0.0000E+00,0.0000E+00,0.0000E+00,65.658E-06,0.0000E+00,-3.5784E-06,0.000E+00,0.000E+00,Error,Error,Error,NAN,78.542E-03,-104.20E-03,6.2257E-03,-6.3760E-03,Error,Error,NAN,NAN,NAN,NAN,NAN,NAN,NAN,NAN,NAN,NAN,NAN
  145,  2026/03/17,10:44:46,123.07E+00,123.79E+00,111.45E+00,55.659E-03,123.07E+00,9.4954E+00,9.3493E+00,8.4174E+00,6.3722E-03,9.4954E+00,-1.1654E+03,1.1686E+03,-86.001E+00,-0.9973E+00,-175.78E+00,50.010E+00,NAN,172.95E+00,-172.75E+00,14.167E+00,-14.215E+00,1.405E+00,1.497E+00,NAN,NAN,NAN,NAN,NAN,NAN,NAN,NAN,NAN,0.000E+00,0.000E+00,0.000E+00,-10.708E-03,0.000E+00,0.0000E+00,0.0000E+00,0.0000E+00,112.75E-06,0.0000E+00,-2.8032E-06,0.000E+00,0.000E+00,Error,Error,Error,NAN,76.953E-03,-101.02E-03,6.6322E-03,-6.0711E-03,Error,Error,NAN,NAN,NAN,NAN,NAN,NAN,NAN,NAN,NAN,NAN,NAN
  146,  2026/03/17,10:44:47,123.23E+00,123.95E+00,111.59E+00,51.965E-03,123.23E+00,9.4352E+00,9.2879E+00,8.3621E+00,7.3498E-03,9.4352E+00,-1.1595E+03,1.1627E+03,-86.411E+00,-0.9972E+00,-175.74E+00,50.005E+00,NAN,173.08E+00,-173.01E+00,14.074E+00,-14.070E+00,1.404E+00,1.492E+00,NAN,NAN,NAN,NAN,NAN,NAN,NAN,NAN,NAN,0.000E+00,0.000E+00,0.000E+00,-11.125E-03,0.000E+00,0.0000E+00,0.0000E+00,0.0000E+00,95.035E-06,0.0000E+00,-3.0287E-06,0.000E+00,0.000E+00,Error,Error,Error,NAN,78.542E-03,-94.663E-03,5.8192E-03,-5.9695E-03,Error,Error,NAN,NAN,NAN,NAN,NAN,NAN,NAN,NAN,NAN,NAN,NAN
  147,  2026/03/17,10:44:47,123.21E+00,123.91E+00,111.56E+00,46.343E-03,123.21E+00,9.4028E+00,9.2543E+00,8.3318E+00,6.6207E-03,9.4028E+00,-1.1553E+03,1.1586E+03,-86.329E+00,-0.9972E+00,-175.73E+00,50.006E+00,NAN,173.01E+00,-173.01E+00,14.016E+00,-14.014E+00,1.404E+00,1.491E+00,NAN,NAN,NAN,NAN,NAN,NAN,NAN,NAN,NAN,0.000E+00,0.000E+00,0.000E+00,-10.698E-03,0.000E+00,0.0000E+00,0.0000E+00,0.0000E+00,127.26E-06,0.0000E+00,-4.1061E-06,0.000E+00,0.000E+00,Error,Error,Error,NAN,84.898E-03,-112.14E-03,6.5306E-03,-5.5630E-03,Error,Error,NAN,NAN,NAN,NAN,NAN,NAN,NAN,NAN,NAN,NAN,NAN
  148,  2026/03/17,10:44:47,123.14E+00,123.85E+00,111.51E+00,36.109E-03,123.14E+00,9.3800E+00,9.2332E+00,8.3128E+00,-3.1366E-03,9.3800E+00,-1.1518E+03,1.1551E+03,-86.486E+00,-0.9972E+00,-175.71E+00,49.999E+00,NAN,173.05E+00,-172.78E+00,13.966E+00,-13.981E+00,1.405E+00,1.490E+00,NAN,NAN,NAN,NAN,NAN,NAN,NAN,NAN,NAN,0.000E+00,0.000E+00,0.000E+00,-10.706E-03,0.000E+00,0.0000E+00,0.0000E+00,0.0000E+00,115.61E-06,0.0000E+00,-2.9315E-06,0.000E+00,0.000E+00,Error,Error,Error,NAN,75.364E-03,-107.37E-03,6.4289E-03,-6.3760E-03,Error,Error,NAN,NAN,NAN,NAN,NAN,NAN,NAN,NAN,NAN,NAN,NAN
  149,  2026/03/17,10:44:47,123.00E+00,123.71E+00,111.38E+00,55.324E-03,123.00E+00,9.4433E+00,9.2961E+00,8.3694E+00,10.210E-03,9.4433E+00,-1.1583E+03,1.1615E+03,-86.028E+00,-0.9973E+00,-175.75E+00,50.008E+00,NAN,172.79E+00,-172.75E+00,14.125E+00,-14.123E+00,1.405E+00,1.496E+00,NAN,NAN,NAN,NAN,NAN,NAN,NAN,NAN,NAN,0.000E+00,0.000E+00,0.000E+00,-10.866E-03,0.000E+00,0.0000E+00,0.0000E+00,0.0000E+00,120.63E-06,0.0000E+00,-3.5674E-06,0.000E+00,0.000E+00,Error,Error,Error,NAN,78.542E-03,-118.50E-03,6.2257E-03,-6.5793E-03,Error,Error,NAN,NAN,NAN,NAN,NAN,NAN,NAN,NAN,NAN,NAN,NAN
  150,  2026/03/17,10:44:47,123.01E+00,123.71E+00,111.37E+00,37.937E-03,123.01E+00,9.4298E+00,9.2820E+00,8.3567E+00,1.0844E-03,9.4298E+00,-1.1568E+03,1.1600E+03,-85.850E+00,-0.9973E+00,-175.76E+00,50.004E+00,NAN,172.70E+00,-172.62E+00,14.004E+00,-13.995E+00,1.404E+00,1.485E+00,NAN,NAN,NAN,NAN,NAN,NAN,NAN,NAN,NAN,0.000E+00,0.000E+00,0.000E+00,-11.140E-03,0.000E+00,0.0000E+00,0.0000E+00,0.0000E+00,122.80E-06,0.0000E+00,-3.8328E-06,0.000E+00,0.000E+00,Error,Error,Error,NAN,96.021E-03,-101.02E-03,6.4289E-03,-6.7825E-03,Error,Error,NAN,NAN,NAN,NAN,NAN,NAN,NAN,NAN,NAN,NAN,NAN
  151,  2026/03/17,10:44:48,122.93E+00,123.62E+00,111.29E+00,44.271E-03,122.93E+00,9.4005E+00,9.2526E+00,8.3302E+00,-124.41E-06,9.4005E+00,-1.1524E+03,1.1556E+03,-85.908E+00,-0.9972E+00,-175.74E+00,50.003E+00,NAN,172.63E+00,-172.69E+00,13.991E+00,-13.990E+00,1.405E+00,1.488E+00,NAN,NAN,NAN,NAN,NAN,NAN,NAN,NAN,NAN,0.000E+00,0.000E+00,0.000E+00,-11.095E-03,0.000E+00,0.0000E+00,0.0000E+00,0.0000E+00,146.90E-06,0.0000E+00,-4.5307E-06,0.000E+00,0.000E+00,Error,Error,Error,NAN,73.774E-03,-102.61E-03,6.5306E-03,-6.0711E-03,Error,Error,NAN,NAN,NAN,NAN,NAN,NAN,NAN,NAN,NAN,NAN,NAN
  152,  2026/03/17,10:44:48,122.95E+00,123.65E+00,111.33E+00,32.038E-03,122.95E+00,9.4386E+00,9.2914E+00,8.3652E+00,359.43E-06,9.4386E+00,-1.1573E+03,1.1605E+03,-85.825E+00,-0.9973E+00,-175.76E+00,50.005E+00,NAN,172.73E+00,-172.59E+00,14.021E+00,-14.025E+00,1.405E+00,1.486E+00,NAN,NAN,NAN,NAN,NAN,NAN,NAN,NAN,NAN,0.000E+00,0.000E+00,0.000E+00,-10.748E-03,0.000E+00,0.0000E+00,0.0000E+00,0.0000E+00,101.14E-06,0.0000E+00,-3.6997E-06,0.000E+00,0.000E+00,Error,Error,Error,NAN,80.131E-03,-104.20E-03,6.8354E-03,-6.4777E-03,Error,Error,NAN,NAN,NAN,NAN,NAN,NAN,NAN,NAN,NAN,NAN,NAN
  153,  2026/03/17,10:44:49,123.16E+00,123.86E+00,111.52E+00,31.027E-03,123.16E+00,9.3932E+00,9.2446E+00,8.3231E+00,-803.35E-06,9.3932E+00,-1.1537E+03,1.1569E+03,-86.526E+00,-0.9972E+00,-175.71E+00,50.003E+00,NAN,172.92E+00,-172.88E+00,13.978E+00,-13.985E+00,1.404E+00,1.489E+00,NAN,NAN,NAN,NAN,NAN,NAN,NAN,NAN,NAN,0.000E+00,0.000E+00,0.000E+00,-10.839E-03,0.000E+00,0.0000E+00,0.0000E+00,0.0000E+00,100.58E-06,0.0000E+00,-3.3978E-06,0.000E+00,0.000E+00,Error,Error,Error,NAN,86.487E-03,-99.430E-03,6.1240E-03,-6.1728E-03,Error,Error,NAN,NAN,NAN,NAN,NAN,NAN,NAN,NAN,NAN,NAN,NAN
  154,  2026/03/17,10:44:49,123.03E+00,123.72E+00,111.39E+00,40.253E-03,123.03E+00,9.4301E+00,9.2819E+00,8.3566E+00,-1.7215E-03,9.4301E+00,-1.1570E+03,1.1602E+03,-86.073E+00,-0.9972E+00,-175.75E+00,50.000E+00,NAN,172.76E+00,-172.75E+00,14.035E+00,-14.025E+00,1.404E+00,1.488E+00,NAN,NAN,NAN,NAN,NAN,NAN,NAN,NAN,NAN,0.000E+00,0.000E+00,0.000E+00,-10.842E-03,0.000E+00,0.0000E+00,0.0000E+00,0.0000E+00,154.69E-06,0.0000E+00,-4.1743E-06,0.000E+00,0.000E+00,Error,Error,Error,NAN,78.542E-03,-104.20E-03,6.9371E-03,-7.0874E-03,Error,Error,NAN,NAN,NAN,NAN,NAN,NAN,NAN,NAN,NAN,NAN,NAN
  155,  2026/03/17,10:44:49,122.85E+00,123.57E+00,111.25E+00,44.232E-03,122.85E+00,9.5073E+00,9.3611E+00,8.4280E+00,6.6140E-03,9.5073E+00,-1.1649E+03,1.1680E+03,-85.299E+00,-0.9973E+00,-175.81E+00,50.004E+00,NAN,172.51E+00,-172.46E+00,14.155E+00,-14.182E+00,1.404E+00,1.492E+00,NAN,NAN,NAN,NAN,NAN,NAN,NAN,NAN,NAN,0.000E+00,0.000E+00,0.000E+00,-10.644E-03,0.000E+00,0.0000E+00,0.0000E+00,0.0000E+00,149.83E-06,0.0000E+00,-4.6145E-06,0.000E+00,0.000E+00,Error,Error,Error,NAN,73.774E-03,-107.37E-03,7.0387E-03,-5.8679E-03,Error,Error,NAN,NAN,NAN,NAN,NAN,NAN,NAN,NAN,NAN,NAN,NAN
  156,  2026/03/17,10:44:50,122.96E+00,123.68E+00,111.35E+00,40.509E-03,122.96E+00,9.4233E+00,9.2765E+00,8.3518E+00,1.1925E-03,9.4233E+00,-1.1555E+03,1.1587E+03,-85.984E+00,-0.9972E+00,-175.74E+00,49.994E+00,NAN,172.70E+00,-172.62E+00,14.008E+00,-14.008E+00,1.404E+00,1.487E+00,NAN,NAN,NAN,NAN,NAN,NAN,NAN,NAN,NAN,0.000E+00,0.000E+00,0.000E+00,-10.814E-03,0.000E+00,0.0000E+00,0.0000E+00,0.0000E+00,122.60E-06,0.0000E+00,-4.1160E-06,0.000E+00,0.000E+00,Error,Error,Error,NAN,92.843E-03,-97.841E-03,6.4289E-03,-5.9695E-03,Error,Error,NAN,NAN,NAN,NAN,NAN,NAN,NAN,NAN,NAN,NAN,NAN
  157,  2026/03/17,10:44:50,123.16E+00,123.89E+00,111.54E+00,39.938E-03,123.16E+00,9.3439E+00,9.1978E+00,8.2809E+00,564.06E-06,9.3439E+00,-1.1476E+03,1.1508E+03,-86.532E+00,-0.9972E+00,-175.69E+00,49.997E+00,NAN,172.82E+00,-172.88E+00,13.899E+00,-13.894E+00,1.404E+00,1.487E+00,NAN,NAN,NAN,NAN,NAN,NAN,NAN,NAN,NAN,0.000E+00,0.000E+00,0.000E+00,-10.662E-03,0.000E+00,0.0000E+00,0.0000E+00,0.0000E+00,111.96E-06,0.0000E+00,-3.7638E-06,0.000E+00,0.000E+00,Error,Error,Error,NAN,76.953E-03,-96.252E-03,6.0224E-03,-6.2744E-03,Error,Error,NAN,NAN,NAN,NAN,NAN,NAN,NAN,NAN,NAN,NAN,NAN
  158,  2026/03/17,10:44:50,123.85E+00,124.57E+00,112.15E+00,37.814E-03,123.85E+00,9.0387E+00,8.8894E+00,8.0033E+00,2.6195E-03,9.0387E+00,-1.1159E+03,1.1194E+03,-88.484E+00,-0.9969E+00,-175.47E+00,49.999E+00,NAN,173.94E+00,-173.83E+00,13.478E+00,-13.538E+00,1.404E+00,1.498E+00,NAN,NAN,NAN,NAN,NAN,NAN,NAN,NAN,NAN,0.000E+00,0.000E+00,0.000E+00,-10.756E-03,0.000E+00,0.0000E+00,0.0000E+00,0.0000E+00,88.900E-06,0.0000E+00,-4.0813E-06,0.000E+00,0.000E+00,Error,Error,Error,NAN,89.665E-03,-112.14E-03,6.6322E-03,-7.5955E-03,Error,Error,NAN,NAN,NAN,NAN,NAN,NAN,NAN,NAN,NAN,NAN,NAN
  159,  2026/03/17,10:44:50,123.87E+00,124.60E+00,112.18E+00,40.243E-03,123.87E+00,9.0079E+00,8.8595E+00,7.9764E+00,1.2301E-03,9.0079E+00,-1.1123E+03,1.1158E+03,-88.449E+00,-0.9969E+00,-175.45E+00,50.000E+00,NAN,173.84E+00,-173.77E+00,13.421E+00,-13.425E+00,1.403E+00,1.490E+00,NAN,NAN,NAN,NAN,NAN,NAN,NAN,NAN,NAN,0.000E+00,0.000E+00,0.000E+00,-10.716E-03,0.000E+00,0.0000E+00,0.0000E+00,0.0000E+00,65.565E-06,0.0000E+00,-2.1091E-06,0.000E+00,0.000E+00,Error,Error,Error,NAN,73.774E-03,-99.430E-03,6.9371E-03,-7.0874E-03,Error,Error,NAN,NAN,NAN,NAN,NAN,NAN,NAN,NAN,NAN,NAN,NAN
  160,  2026/03/17,10:44:50,123.93E+00,124.66E+00,112.24E+00,48.466E-03,123.93E+00,8.9895E+00,8.8411E+00,7.9598E+00,160.53E-06,8.9895E+00,-1.1105E+03,1.1141E+03,-88.487E+00,-0.9968E+00,-175.44E+00,49.994E+00,NAN,173.94E+00,-173.87E+00,13.390E+00,-13.375E+00,1.404E+00,1.489E+00,NAN,NAN,NAN,NAN,NAN,NAN,NAN,NAN,NAN,0.000E+00,0.000E+00,0.000E+00,-10.610E-03,0.000E+00,0.0000E+00,0.0000E+00,0.0000E+00,95.489E-06,0.0000E+00,-3.1462E-06,0.000E+00,0.000E+00,Error,Error,Error,NAN,80.131E-03,-102.61E-03,6.8354E-03,-5.9695E-03,Error,Error,NAN,NAN,NAN,NAN,NAN,NAN,NAN,NAN,NAN,NAN,NAN
  161,  2026/03/17,10:44:51,123.93E+00,124.66E+00,112.23E+00,44.372E-03,123.93E+00,8.9813E+00,8.8331E+00,7.9526E+00,2.1479E-03,8.9813E+00,-1.1095E+03,1.1130E+03,-88.478E+00,-0.9968E+00,-175.44E+00,50.005E+00,NAN,173.94E+00,-173.87E+00,13.398E+00,-13.425E+00,1.404E+00,1.495E+00,NAN,NAN,NAN,NAN,NAN,NAN,NAN,NAN,NAN,0.000E+00,0.000E+00,0.000E+00,-11.061E-03,0.000E+00,0.0000E+00,0.0000E+00,0.0000E+00,95.752E-06,0.0000E+00,-3.7306E-06,0.000E+00,0.000E+00,Error,Error,Error,NAN,80.131E-03,-93.074E-03,6.7338E-03,-6.1728E-03,Error,Error,NAN,NAN,NAN,NAN,NAN,NAN,NAN,NAN,NAN,NAN,NAN
  162,  2026/03/17,10:44:51,123.87E+00,124.59E+00,112.17E+00,39.501E-03,123.87E+00,8.9610E+00,8.8122E+00,7.9337E+00,833.64E-06,8.9610E+00,-1.1065E+03,1.1100E+03,-88.378E+00,-0.9968E+00,-175.43E+00,50.005E+00,NAN,173.78E+00,-173.80E+00,13.370E+00,-13.359E+00,1.403E+00,1.492E+00,NAN,NAN,NAN,NAN,NAN,NAN,NAN,NAN,NAN,0.000E+00,0.000E+00,0.000E+00,-11.284E-03,0.000E+00,0.0000E+00,0.0000E+00,0.0000E+00,100.13E-06,0.0000E+00,-3.6771E-06,0.000E+00,0.000E+00,Error,Error,Error,NAN,86.487E-03,-116.91E-03,7.1403E-03,-5.7663E-03,Error,Error,NAN,NAN,NAN,NAN,NAN,NAN,NAN,NAN,NAN,NAN,NAN
  163,  2026/03/17,10:44:51,123.49E+00,124.20E+00,111.82E+00,2.7695E-03,123.49E+00,9.0921E+00,8.9422E+00,8.0508E+00,-19.973E-03,9.0921E+00,-1.1191E+03,1.1228E+03,-91.311E+00,-0.9967E+00,-175.34E+00,50.007E+00,NAN,173.78E+00,-173.74E+00,13.850E+00,-13.870E+00,1.407E+00,1.525E+00,NAN,NAN,NAN,NAN,NAN,NAN,NAN,NAN,NAN,0.000E+00,0.000E+00,0.000E+00,-10.680E-03,0.000E+00,0.0000E+00,0.0000E+00,0.0000E+00,120.57E-06,0.0000E+00,-3.8131E-06,0.000E+00,0.000E+00,Error,Error,Error,NAN,78.542E-03,-99.430E-03,6.6322E-03,-6.3760E-03,Error,Error,NAN,NAN,NAN,NAN,NAN,NAN,NAN,NAN,NAN,NAN,NAN
  164,  2026/03/17,10:44:51,122.46E+00,123.18E+00,110.90E+00,22.765E-03,122.46E+00,9.6137E+00,9.4695E+00,8.5255E+00,-8.4488E-03,9.6137E+00,-1.1743E+03,1.1773E+03,-84.912E+00,-0.9974E+00,-175.86E+00,50.010E+00,NAN,172.12E+00,-172.11E+00,14.356E+00,-14.353E+00,1.406E+00,1.493E+00,NAN,NAN,NAN,NAN,NAN,NAN,NAN,NAN,NAN,0.000E+00,0.000E+00,0.000E+00,-11.258E-03,0.000E+00,0.0000E+00,0.0000E+00,0.0000E+00,182.49E-06,0.0000E+00,-4.2449E-06,0.000E+00,0.000E+00,Error,Error,Error,NAN,81.720E-03,-102.61E-03,6.2257E-03,-5.4614E-03,Error,Error,NAN,NAN,NAN,NAN,NAN,NAN,NAN,NAN,NAN,NAN,NAN
  165,  2026/03/17,10:44:51,122.43E+00,123.14E+00,110.87E+00,61.142E-03,122.43E+00,9.6503E+00,9.5053E+00,8.5578E+00,6.4610E-03,9.6503E+00,-1.1784E+03,1.1815E+03,-84.415E+00,-0.9974E+00,-175.90E+00,50.005E+00,NAN,172.03E+00,-171.89E+00,14.371E+00,-14.359E+00,1.405E+00,1.489E+00,NAN,NAN,NAN,NAN,NAN,NAN,NAN,NAN,NAN,0.000E+00,0.000E+00,0.000E+00,-10.813E-03,0.000E+00,0.0000E+00,0.0000E+00,0.0000E+00,192.65E-06,0.0000E+00,-4.7452E-06,0.000E+00,0.000E+00,Error,Error,Error,NAN,75.364E-03,-96.252E-03,6.5306E-03,-5.5630E-03,Error,Error,NAN,NAN,NAN,NAN,NAN,NAN,NAN,NAN,NAN,NAN,NAN
  166,  2026/03/17,10:44:52,122.48E+00,123.20E+00,110.91E+00,44.152E-03,122.48E+00,9.6539E+00,9.5088E+00,8.5610E+00,297.03E-06,9.6539E+00,-1.1794E+03,1.1824E+03,-84.483E+00,-0.9974E+00,-175.90E+00,50.002E+00,NAN,171.93E+00,-172.02E+00,14.295E+00,-14.295E+00,1.404E+00,1.481E+00,NAN,NAN,NAN,NAN,NAN,NAN,NAN,NAN,NAN,0.000E+00,0.000E+00,0.000E+00,-11.527E-03,0.000E+00,0.0000E+00,0.0000E+00,0.0000E+00,132.68E-06,0.0000E+00,-4.4700E-06,0.000E+00,0.000E+00,Error,Error,Error,NAN,73.774E-03,-107.37E-03,5.9208E-03,-5.8679E-03,Error,Error,NAN,NAN,NAN,NAN,NAN,NAN,NAN,NAN,NAN,NAN,NAN
  167,  2026/03/17,10:44:52,122.22E+00,122.93E+00,110.68E+00,39.651E-03,122.22E+00,9.7750E+00,9.6308E+00,8.6708E+00,-645.02E-06,9.7750E+00,-1.1918E+03,1.1947E+03,-83.797E+00,-0.9975E+00,-175.98E+00,50.005E+00,NAN,171.71E+00,-171.64E+00,14.464E+00,-14.466E+00,1.405E+00,1.480E+00,NAN,NAN,NAN,NAN,NAN,NAN,NAN,NAN,NAN,0.000E+00,0.000E+00,0.000E+00,-10.999E-03,0.000E+00,0.0000E+00,0.0000E+00,0.0000E+00,114.58E-06,0.0000E+00,-4.6402E-06,0.000E+00,0.000E+00,Error,Error,Error,NAN,67.418E-03,-96.252E-03,6.0224E-03,-5.6646E-03,Error,Error,NAN,NAN,NAN,NAN,NAN,NAN,NAN,NAN,NAN,NAN,NAN
  168,  2026/03/17,10:44:52,122.24E+00,122.95E+00,110.69E+00,33.997E-03,122.24E+00,9.7986E+00,9.6542E+00,8.6918E+00,754.63E-06,9.7986E+00,-1.1948E+03,1.1978E+03,-83.900E+00,-0.9975E+00,-175.98E+00,50.007E+00,NAN,171.65E+00,-171.70E+00,14.527E+00,-14.506E+00,1.405E+00,1.483E+00,NAN,NAN,NAN,NAN,NAN,NAN,NAN,NAN,NAN,0.000E+00,0.000E+00,0.000E+00,-10.977E-03,0.000E+00,0.0000E+00,0.0000E+00,0.0000E+00,84.389E-06,0.0000E+00,-4.0216E-06,0.000E+00,0.000E+00,Error,Error,Error,NAN,72.185E-03,-102.61E-03,6.2257E-03,-6.5793E-03,Error,Error,NAN,NAN,NAN,NAN,NAN,NAN,NAN,NAN,NAN,NAN,NAN
  169,  2026/03/17,10:44:52,122.23E+00,122.94E+00,110.68E+00,42.962E-03,122.23E+00,9.8023E+00,9.6576E+00,8.6949E+00,3.9435E-03,9.8023E+00,-1.1952E+03,1.1981E+03,-83.829E+00,-0.9975E+00,-175.99E+00,50.010E+00,NAN,171.68E+00,-171.60E+00,14.535E+00,-14.525E+00,1.405E+00,1.483E+00,NAN,NAN,NAN,NAN,NAN,NAN,NAN,NAN,NAN,0.000E+00,0.000E+00,0.000E+00,-10.908E-03,0.000E+00,0.0000E+00,0.0000E+00,0.0000E+00,87.768E-06,0.0000E+00,-3.5180E-06,0.000E+00,0.000E+00,Error,Error,Error,NAN,70.596E-03,-97.841E-03,6.5306E-03,-6.5793E-03,Error,Error,NAN,NAN,NAN,NAN,NAN,NAN,NAN,NAN,NAN,NAN,NAN
  170,  2026/03/17,10:44:52,122.07E+00,122.78E+00,110.54E+00,42.861E-03,122.07E+00,9.8128E+00,9.6689E+00,8.7051E+00,983.22E-06,9.8128E+00,-1.1949E+03,1.1978E+03,-83.525E+00,-0.9976E+00,-176.00E+00,50.011E+00,NAN,171.42E+00,-171.29E+00,14.529E+00,-14.517E+00,1.404E+00,1.481E+00,NAN,NAN,NAN,NAN,NAN,NAN,NAN,NAN,NAN,0.000E+00,0.000E+00,0.000E+00,-10.983E-03,0.000E+00,0.0000E+00,0.0000E+00,0.0000E+00,105.64E-06,0.0000E+00,-4.0606E-06,0.000E+00,0.000E+00,Error,Error,Error,NAN,78.542E-03,-107.37E-03,7.1403E-03,-5.8679E-03,Error,Error,NAN,NAN,NAN,NAN,NAN,NAN,NAN,NAN,NAN,NAN,NAN
  171,  2026/03/17,10:44:53,123.33E+00,124.05E+00,111.69E+00,52.564E-03,123.33E+00,9.2121E+00,9.0651E+00,8.1615E+00,4.0325E-03,9.2121E+00,-1.1328E+03,1.1361E+03,-86.943E+00,-0.9971E+00,-175.61E+00,50.015E+00,NAN,173.14E+00,-173.10E+00,13.692E+00,-13.683E+00,1.404E+00,1.486E+00,NAN,NAN,NAN,NAN,NAN,NAN,NAN,NAN,NAN,0.000E+00,0.000E+00,0.000E+00,-11.127E-03,0.000E+00,0.0000E+00,0.0000E+00,0.0000E+00,99.213E-06,0.0000E+00,-4.8099E-06,0.000E+00,0.000E+00,Error,Error,Error,NAN,76.953E-03,-102.61E-03,5.9208E-03,-6.3760E-03,Error,Error,NAN,NAN,NAN,NAN,NAN,NAN,NAN,NAN,NAN,NAN,NAN
  172,  2026/03/17,10:44:54,123.63E+00,124.34E+00,111.95E+00,43.878E-03,123.63E+00,9.0675E+00,8.9187E+00,8.0297E+00,2.3056E-03,9.0675E+00,-1.1176E+03,1.1210E+03,-87.664E+00,-0.9969E+00,-175.52E+00,50.006E+00,NAN,173.52E+00,-173.45E+00,13.469E+00,-13.474E+00,1.404E+00,1.486E+00,NAN,NAN,NAN,NAN,NAN,NAN,NAN,NAN,NAN,0.000E+00,0.000E+00,0.000E+00,-11.378E-03,0.000E+00,0.0000E+00,0.0000E+00,0.0000E+00,105.23E-06,0.0000E+00,-4.2736E-06,0.000E+00,0.000E+00,Error,Error,Error,NAN,78.542E-03,-118.50E-03,6.6322E-03,-6.0711E-03,Error,Error,NAN,NAN,NAN,NAN,NAN,NAN,NAN,NAN,NAN,NAN,NAN
  173,  2026/03/17,10:44:54,123.58E+00,124.29E+00,111.90E+00,38.463E-03,123.58E+00,9.0515E+00,8.9033E+00,8.0158E+00,1.4881E-03,9.0515E+00,-1.1151E+03,1.1186E+03,-87.539E+00,-0.9969E+00,-175.51E+00,50.005E+00,NAN,173.46E+00,-173.45E+00,13.440E+00,-13.437E+00,1.404E+00,1.485E+00,NAN,NAN,NAN,NAN,NAN,NAN,NAN,NAN,NAN,0.000E+00,0.000E+00,0.000E+00,-11.208E-03,0.000E+00,0.0000E+00,0.0000E+00,0.0000E+00,113.58E-06,0.0000E+00,-2.9731E-06,0.000E+00,0.000E+00,Error,Error,Error,NAN,81.720E-03,-112.14E-03,6.7338E-03,-6.8842E-03,Error,Error,NAN,NAN,NAN,NAN,NAN,NAN,NAN,NAN,NAN,NAN,NAN
  174,  2026/03/17,10:44:54,123.61E+00,124.31E+00,111.91E+00,39.118E-03,123.61E+00,9.0383E+00,8.8878E+00,8.0018E+00,2.9547E-03,9.0383E+00,-1.1138E+03,1.1173E+03,-87.591E+00,-0.9969E+00,-175.50E+00,50.001E+00,NAN,173.59E+00,-173.61E+00,13.433E+00,-13.421E+00,1.404E+00,1.486E+00,NAN,NAN,NAN,NAN,NAN,NAN,NAN,NAN,NAN,0.000E+00,0.000E+00,0.000E+00,-10.910E-03,0.000E+00,0.0000E+00,0.0000E+00,0.0000E+00,104.06E-06,0.0000E+00,-3.1505E-06,0.000E+00,0.000E+00,Error,Error,Error,NAN,88.076E-03,-96.252E-03,6.0224E-03,-5.4614E-03,Error,Error,NAN,NAN,NAN,NAN,NAN,NAN,NAN,NAN,NAN,NAN,NAN
  175,  2026/03/17,10:44:54,123.57E+00,124.28E+00,111.89E+00,54.366E-03,123.57E+00,9.0553E+00,8.9065E+00,8.0187E+00,3.4223E-03,9.0553E+00,-1.1156E+03,1.1190E+03,-87.471E+00,-0.9969E+00,-175.52E+00,50.011E+00,NAN,173.52E+00,-173.45E+00,13.465E+00,-13.462E+00,1.404E+00,1.487E+00,NAN,NAN,NAN,NAN,NAN,NAN,NAN,NAN,NAN,0.000E+00,0.000E+00,0.000E+00,-11.093E-03,0.000E+00,0.0000E+00,0.0000E+00,0.0000E+00,133.27E-06,0.0000E+00,-4.4156E-06,0.000E+00,0.000E+00,Error,Error,Error,NAN,78.542E-03,-101.02E-03,7.6484E-03,-5.9695E-03,Error,Error,NAN,NAN,NAN,NAN,NAN,NAN,NAN,NAN,NAN,NAN,NAN
  176,  2026/03/17,10:44:55,123.53E+00,124.22E+00,111.84E+00,42.692E-03,123.53E+00,9.0566E+00,8.9068E+00,8.0189E+00,3.8818E-03,9.0566E+00,-1.1153E+03,1.1187E+03,-87.278E+00,-0.9970E+00,-175.53E+00,49.999E+00,NAN,173.49E+00,-173.39E+00,13.476E+00,-13.470E+00,1.404E+00,1.488E+00,NAN,NAN,NAN,NAN,NAN,NAN,NAN,NAN,NAN,0.000E+00,0.000E+00,0.000E+00,-11.392E-03,0.000E+00,0.0000E+00,0.0000E+00,0.0000E+00,145.09E-06,0.0000E+00,-3.5118E-06,0.000E+00,0.000E+00,Error,Error,Error,NAN,81.720E-03,-94.663E-03,6.9371E-03,-5.3598E-03,Error,Error,NAN,NAN,NAN,NAN,NAN,NAN,NAN,NAN,NAN,NAN,NAN
  177,  2026/03/17,10:44:55,123.59E+00,124.29E+00,111.90E+00,52.656E-03,123.59E+00,9.0551E+00,8.9060E+00,8.0182E+00,483.60E-06,9.0551E+00,-1.1157E+03,1.1191E+03,-87.470E+00,-0.9969E+00,-175.52E+00,49.997E+00,NAN,173.56E+00,-173.55E+00,13.467E+00,-13.445E+00,1.404E+00,1.487E+00,NAN,NAN,NAN,NAN,NAN,NAN,NAN,NAN,NAN,0.000E+00,0.000E+00,0.000E+00,-11.144E-03,0.000E+00,0.0000E+00,0.0000E+00,0.0000E+00,127.73E-06,0.0000E+00,-4.0893E-06,0.000E+00,0.000E+00,Error,Error,Error,NAN,75.364E-03,-101.02E-03,6.0224E-03,-6.0711E-03,Error,Error,NAN,NAN,NAN,NAN,NAN,NAN,NAN,NAN,NAN,NAN,NAN
  178,  2026/03/17,10:44:56,123.36E+00,124.07E+00,111.70E+00,30.624E-03,123.36E+00,9.1760E+00,9.0278E+00,8.1279E+00,243.61E-06,9.1760E+00,-1.1286E+03,1.1320E+03,-86.978E+00,-0.9970E+00,-175.59E+00,49.992E+00,NAN,173.30E+00,-173.26E+00,13.639E+00,-13.641E+00,1.405E+00,1.487E+00,NAN,NAN,NAN,NAN,NAN,NAN,NAN,NAN,NAN,0.000E+00,0.000E+00,0.000E+00,-11.322E-03,0.000E+00,0.0000E+00,0.0000E+00,0.0000E+00,141.21E-06,0.0000E+00,-4.3024E-06,0.000E+00,0.000E+00,Error,Error,Error,NAN,72.185E-03,-113.73E-03,7.2419E-03,-5.5630E-03,Error,Error,NAN,NAN,NAN,NAN,NAN,NAN,NAN,NAN,NAN,NAN,NAN
  179,  2026/03/17,10:44:56,123.28E+00,123.98E+00,111.62E+00,34.872E-03,123.28E+00,9.1729E+00,9.0246E+00,8.1250E+00,351.75E-06,9.1729E+00,-1.1275E+03,1.1308E+03,-86.773E+00,-0.9971E+00,-175.60E+00,50.003E+00,NAN,173.30E+00,-173.26E+00,13.635E+00,-13.634E+00,1.406E+00,1.486E+00,NAN,NAN,NAN,NAN,NAN,NAN,NAN,NAN,NAN,0.000E+00,0.000E+00,0.000E+00,-11.095E-03,0.000E+00,0.0000E+00,0.0000E+00,0.0000E+00,140.04E-06,0.0000E+00,-3.8861E-06,0.000E+00,0.000E+00,Error,Error,Error,NAN,84.898E-03,-101.02E-03,6.2257E-03,-5.9695E-03,Error,Error,NAN,NAN,NAN,NAN,NAN,NAN,NAN,NAN,NAN,NAN,NAN
  180,  2026/03/17,10:44:56,123.40E+00,124.11E+00,111.74E+00,64.591E-03,123.40E+00,9.1455E+00,8.9977E+00,8.1008E+00,10.936E-03,9.1455E+00,-1.1252E+03,1.1285E+03,-87.219E+00,-0.9970E+00,-175.57E+00,50.004E+00,NAN,173.56E+00,-173.55E+00,13.641E+00,-13.636E+00,1.406E+00,1.492E+00,NAN,NAN,NAN,NAN,NAN,NAN,NAN,NAN,NAN,0.000E+00,0.000E+00,0.000E+00,-11.126E-03,0.000E+00,0.0000E+00,0.0000E+00,0.0000E+00,113.34E-06,0.0000E+00,-3.1587E-06,0.000E+00,0.000E+00,Error,Error,Error,NAN,76.953E-03,-110.55E-03,6.0224E-03,-6.0711E-03,Error,Error,NAN,NAN,NAN,NAN,NAN,NAN,NAN,NAN,NAN,NAN,NAN
  181,  2026/03/17,10:44:56,123.61E+00,124.31E+00,111.91E+00,41.243E-03,123.61E+00,9.0454E+00,8.8959E+00,8.0091E+00,2.1352E-03,9.0454E+00,-1.1147E+03,1.1181E+03,-87.571E+00,-0.9969E+00,-175.51E+00,49.992E+00,NAN,173.62E+00,-173.61E+00,13.457E+00,-13.448E+00,1.405E+00,1.488E+00,NAN,NAN,NAN,NAN,NAN,NAN,NAN,NAN,NAN,0.000E+00,0.000E+00,0.000E+00,-11.218E-03,0.000E+00,0.0000E+00,0.0000E+00,0.0000E+00,148.59E-06,0.0000E+00,-4.2285E-06,0.000E+00,0.000E+00,Error,Error,Error,NAN,75.364E-03,-120.09E-03,6.6322E-03,-6.6809E-03,Error,Error,NAN,NAN,NAN,NAN,NAN,NAN,NAN,NAN,NAN,NAN,NAN
  182,  2026/03/17,10:44:56,123.62E+00,124.32E+00,111.93E+00,41.118E-03,123.62E+00,9.0390E+00,8.8898E+00,8.0036E+00,859.81E-06,9.0390E+00,-1.1139E+03,1.1174E+03,-87.638E+00,-0.9969E+00,-175.50E+00,50.003E+00,NAN,173.59E+00,-173.61E+00,13.449E+00,-13.449E+00,1.404E+00,1.488E+00,NAN,NAN,NAN,NAN,NAN,NAN,NAN,NAN,NAN,0.000E+00,0.000E+00,0.000E+00,-11.290E-03,0.000E+00,0.0000E+00,0.0000E+00,0.0000E+00,118.81E-06,0.0000E+00,-3.0758E-06,0.000E+00,0.000E+00,Error,Error,Error,NAN,100.79E-03,-99.430E-03,7.1403E-03,-6.3760E-03,Error,Error,NAN,NAN,NAN,NAN,NAN,NAN,NAN,NAN,NAN,NAN,NAN
  183,  2026/03/17,10:44:57,123.72E+00,124.42E+00,112.01E+00,53.804E-03,123.72E+00,9.0286E+00,8.8791E+00,7.9940E+00,700.16E-06,9.0286E+00,-1.1135E+03,1.1170E+03,-87.798E+00,-0.9969E+00,-175.49E+00,49.994E+00,NAN,173.84E+00,-173.74E+00,13.428E+00,-13.422E+00,1.405E+00,1.487E+00,NAN,NAN,NAN,NAN,NAN,NAN,NAN,NAN,NAN,0.000E+00,0.000E+00,0.000E+00,-11.180E-03,0.000E+00,0.0000E+00,0.0000E+00,0.0000E+00,102.80E-06,0.0000E+00,-4.4466E-06,0.000E+00,0.000E+00,Error,Error,Error,NAN,81.720E-03,-104.20E-03,6.2257E-03,-7.0874E-03,Error,Error,NAN,NAN,NAN,NAN,NAN,NAN,NAN,NAN,NAN,NAN,NAN
  184,  2026/03/17,10:44:57,123.82E+00,124.53E+00,112.11E+00,42.567E-03,123.82E+00,9.0215E+00,8.8718E+00,7.9874E+00,-637.57E-06,9.0215E+00,-1.1136E+03,1.1171E+03,-88.057E+00,-0.9969E+00,-175.48E+00,50.001E+00,NAN,174.00E+00,-173.96E+00,13.424E+00,-13.428E+00,1.405E+00,1.488E+00,NAN,NAN,NAN,NAN,NAN,NAN,NAN,NAN,NAN,0.000E+00,0.000E+00,0.000E+00,-10.827E-03,0.000E+00,0.0000E+00,0.0000E+00,0.0000E+00,127.47E-06,0.0000E+00,-2.8265E-06,0.000E+00,0.000E+00,Error,Error,Error,NAN,72.185E-03,-99.430E-03,6.1240E-03,-6.0711E-03,Error,Error,NAN,NAN,NAN,NAN,NAN,NAN,NAN,NAN,NAN,NAN,NAN
  185,  2026/03/17,10:44:57,123.84E+00,124.52E+00,112.11E+00,47.571E-03,123.84E+00,8.9925E+00,8.8413E+00,7.9600E+00,7.3308E-03,8.9925E+00,-1.1101E+03,1.1136E+03,-88.039E+00,-0.9969E+00,-175.47E+00,49.996E+00,NAN,174.19E+00,-174.28E+00,13.403E+00,-13.387E+00,1.407E+00,1.490E+00,NAN,NAN,NAN,NAN,NAN,NAN,NAN,NAN,NAN,0.000E+00,0.000E+00,0.000E+00,-10.628E-03,0.000E+00,0.0000E+00,0.0000E+00,0.0000E+00,76.901E-06,0.0000E+00,-3.9528E-06,0.000E+00,0.000E+00,Error,Error,Error,NAN,80.131E-03,-96.252E-03,6.2257E-03,-6.0711E-03,Error,Error,NAN,NAN,NAN,NAN,NAN,NAN,NAN,NAN,NAN,NAN,NAN
  186,  2026/03/17,10:44:57,124.11E+00,124.81E+00,112.37E+00,37.323E-03,124.11E+00,8.8783E+00,8.7271E+00,7.8572E+00,-1.5540E-03,8.8783E+00,-1.0983E+03,1.1019E+03,-88.997E+00,-0.9967E+00,-175.37E+00,50.002E+00,NAN,174.35E+00,-174.31E+00,13.249E+00,-13.240E+00,1.405E+00,1.492E+00,NAN,NAN,NAN,NAN,NAN,NAN,NAN,NAN,NAN,0.000E+00,0.000E+00,0.000E+00,-11.019E-03,0.000E+00,0.0000E+00,0.0000E+00,0.0000E+00,68.017E-06,0.0000E+00,-2.9460E-06,0.000E+00,0.000E+00,Error,Error,Error,NAN,73.774E-03,-107.37E-03,5.8192E-03,-6.0711E-03,Error,Error,NAN,NAN,NAN,NAN,NAN,NAN,NAN,NAN,NAN,NAN,NAN
  187,  2026/03/17,10:44:57,124.11E+00,124.81E+00,112.37E+00,49.872E-03,124.11E+00,8.8581E+00,8.7069E+00,7.8389E+00,1.2170E-03,8.8581E+00,-1.0958E+03,1.0994E+03,-88.780E+00,-0.9967E+00,-175.37E+00,50.003E+00,NAN,174.26E+00,-174.31E+00,13.185E+00,-13.190E+00,1.404E+00,1.489E+00,NAN,NAN,NAN,NAN,NAN,NAN,NAN,NAN,NAN,0.000E+00,0.000E+00,0.000E+00,-11.035E-03,0.000E+00,0.0000E+00,0.0000E+00,0.0000E+00,62.531E-06,0.0000E+00,-3.2528E-06,0.000E+00,0.000E+00,Error,Error,Error,NAN,70.596E-03,-112.14E-03,6.9371E-03,-5.8679E-03,Error,Error,NAN,NAN,NAN,NAN,NAN,NAN,NAN,NAN,NAN,NAN,NAN
  188,  2026/03/17,10:44:58,124.05E+00,124.73E+00,112.30E+00,44.800E-03,124.05E+00,8.8516E+00,8.6998E+00,7.8326E+00,1.4482E-03,8.8516E+00,-1.0944E+03,1.0980E+03,-88.670E+00,-0.9967E+00,-175.37E+00,50.005E+00,NAN,174.19E+00,-174.12E+00,13.176E+00,-13.172E+00,1.404E+00,1.489E+00,NAN,NAN,NAN,NAN,NAN,NAN,NAN,NAN,NAN,0.000E+00,0.000E+00,0.000E+00,-10.958E-03,0.000E+00,0.0000E+00,0.0000E+00,0.0000E+00,78.224E-06,0.0000E+00,-3.7455E-06,0.000E+00,0.000E+00,Error,Error,Error,NAN,78.542E-03,-107.37E-03,6.4289E-03,-5.9695E-03,Error,Error,NAN,NAN,NAN,NAN,NAN,NAN,NAN,NAN,NAN,NAN,NAN
  189,  2026/03/17,10:44:58,124.02E+00,124.71E+00,112.28E+00,46.082E-03,124.02E+00,8.8621E+00,8.7103E+00,7.8421E+00,1.5380E-03,8.8621E+00,-1.0955E+03,1.0991E+03,-88.646E+00,-0.9967E+00,-175.37E+00,49.995E+00,NAN,174.29E+00,-174.15E+00,13.182E+00,-13.184E+00,1.405E+00,1.488E+00,NAN,NAN,NAN,NAN,NAN,NAN,NAN,NAN,NAN,0.000E+00,0.000E+00,0.000E+00,-10.908E-03,0.000E+00,0.0000E+00,0.0000E+00,0.0000E+00,55.296E-06,0.0000E+00,-1.9200E-06,0.000E+00,0.000E+00,Error,Error,Error,NAN,78.542E-03,-101.02E-03,5.7175E-03,-6.1728E-03,Error,Error,NAN,NAN,NAN,NAN,NAN,NAN,NAN,NAN,NAN,NAN,NAN
  190,  2026/03/17,10:44:58,124.10E+00,124.79E+00,112.35E+00,45.149E-03,124.10E+00,8.8522E+00,8.7008E+00,7.8334E+00,1.9600E-03,8.8522E+00,-1.0950E+03,1.0986E+03,-88.743E+00,-0.9967E+00,-175.37E+00,49.998E+00,NAN,174.32E+00,-174.18E+00,13.175E+00,-13.172E+00,1.405E+00,1.488E+00,NAN,NAN,NAN,NAN,NAN,NAN,NAN,NAN,NAN,0.000E+00,0.000E+00,0.000E+00,-10.723E-03,0.000E+00,0.0000E+00,0.0000E+00,0.0000E+00,78.015E-06,0.0000E+00,-3.2621E-06,0.000E+00,0.000E+00,Error,Error,Error,NAN,92.843E-03,-99.430E-03,6.6322E-03,-6.4777E-03,Error,Error,NAN,NAN,NAN,NAN,NAN,NAN,NAN,NAN,NAN,NAN,NAN
  191,  2026/03/17,10:44:58,124.11E+00,124.80E+00,112.36E+00,43.030E-03,124.11E+00,8.8478E+00,8.6962E+00,7.8293E+00,545.23E-06,8.8478E+00,-1.0945E+03,1.0981E+03,-88.788E+00,-0.9967E+00,-175.36E+00,50.001E+00,NAN,174.26E+00,-174.22E+00,13.177E+00,-13.173E+00,1.404E+00,1.489E+00,NAN,NAN,NAN,NAN,NAN,NAN,NAN,NAN,NAN,0.000E+00,0.000E+00,0.000E+00,-11.016E-03,0.000E+00,0.0000E+00,0.0000E+00,0.0000E+00,58.684E-06,0.0000E+00,-3.1241E-06,0.000E+00,0.000E+00,Error,Error,Error,NAN,80.131E-03,-102.61E-03,6.5306E-03,-6.1728E-03,Error,Error,NAN,NAN,NAN,NAN,NAN,NAN,NAN,NAN,NAN,NAN,NAN
  192,  2026/03/17,10:44:59,124.10E+00,124.80E+00,112.36E+00,34.282E-03,124.10E+00,8.8541E+00,8.7036E+00,7.8360E+00,4.4346E-03,8.8541E+00,-1.0952E+03,1.0988E+03,-88.700E+00,-0.9967E+00,-175.37E+00,50.001E+00,NAN,174.22E+00,-174.18E+00,13.195E+00,-13.177E+00,1.404E+00,1.490E+00,NAN,NAN,NAN,NAN,NAN,NAN,NAN,NAN,NAN,0.000E+00,0.000E+00,0.000E+00,-10.868E-03,0.000E+00,0.0000E+00,0.0000E+00,0.0000E+00,58.840E-06,0.0000E+00,-3.8355E-06,0.000E+00,0.000E+00,Error,Error,Error,NAN,81.720E-03,-104.20E-03,6.6322E-03,-6.5793E-03,Error,Error,NAN,NAN,NAN,NAN,NAN,NAN,NAN,NAN,NAN,NAN,NAN
  193,  2026/03/17,10:44:59,124.05E+00,124.74E+00,112.31E+00,47.158E-03,124.05E+00,8.8686E+00,8.7176E+00,7.8486E+00,749.47E-06,8.8686E+00,-1.0965E+03,1.1001E+03,-88.629E+00,-0.9967E+00,-175.38E+00,50.001E+00,NAN,174.29E+00,-174.18E+00,13.187E+00,-13.193E+00,1.405E+00,1.488E+00,NAN,NAN,NAN,NAN,NAN,NAN,NAN,NAN,NAN,0.000E+00,0.000E+00,0.000E+00,-10.939E-03,0.000E+00,0.0000E+00,0.0000E+00,0.0000E+00,52.411E-06,0.0000E+00,-3.4313E-06,0.000E+00,0.000E+00,Error,Error,Error,NAN,81.720E-03,-104.20E-03,6.1240E-03,-6.4777E-03,Error,Error,NAN,NAN,NAN,NAN,NAN,NAN,NAN,NAN,NAN,NAN,NAN
  194,  2026/03/17,10:44:59,123.81E+00,124.50E+00,112.09E+00,45.639E-03,123.81E+00,8.9972E+00,8.8469E+00,7.9650E+00,-289.61E-06,8.9972E+00,-1.1105E+03,1.1140E+03,-87.881E+00,-0.9969E+00,-175.48E+00,49.999E+00,NAN,173.87E+00,-173.77E+00,13.378E+00,-13.383E+00,1.404E+00,1.488E+00,NAN,NAN,NAN,NAN,NAN,NAN,NAN,NAN,NAN,0.000E+00,0.000E+00,0.000E+00,-11.093E-03,0.000E+00,0.0000E+00,0.0000E+00,0.0000E+00,24.250E-06,0.0000E+00,-3.6395E-06,0.000E+00,0.000E+00,Error,Error,Error,NAN,92.843E-03,-104.20E-03,5.6159E-03,-5.5630E-03,Error,Error,NAN,NAN,NAN,NAN,NAN,NAN,NAN,NAN,NAN,NAN,NAN
  195,  2026/03/17,10:44:59,123.78E+00,124.47E+00,112.06E+00,37.815E-03,123.78E+00,9.0133E+00,8.8622E+00,7.9788E+00,-1.1428E-03,9.0133E+00,-1.1122E+03,1.1157E+03,-87.906E+00,-0.9969E+00,-175.48E+00,49.998E+00,NAN,173.84E+00,-173.80E+00,13.391E+00,-13.404E+00,1.404E+00,1.487E+00,NAN,NAN,NAN,NAN,NAN,NAN,NAN,NAN,NAN,0.000E+00,0.000E+00,0.000E+00,-11.259E-03,0.000E+00,0.0000E+00,0.0000E+00,0.0000E+00,50.256E-06,0.0000E+00,-2.9444E-06,0.000E+00,0.000E+00,Error,Error,Error,NAN,72.185E-03,-105.79E-03,6.2257E-03,-6.1728E-03,Error,Error,NAN,NAN,NAN,NAN,NAN,NAN,NAN,NAN,NAN,NAN,NAN
  196,  2026/03/17,10:44:59,123.61E+00,124.30E+00,111.91E+00,36.578E-03,123.61E+00,8.9986E+00,8.8483E+00,7.9663E+00,-433.99E-06,8.9986E+00,-1.1088E+03,1.1123E+03,-87.633E+00,-0.9969E+00,-175.48E+00,50.005E+00,NAN,173.59E+00,-173.55E+00,13.404E+00,-13.395E+00,1.404E+00,1.490E+00,NAN,NAN,NAN,NAN,NAN,NAN,NAN,NAN,NAN,0.000E+00,0.000E+00,0.000E+00,-10.917E-03,0.000E+00,0.0000E+00,0.0000E+00,0.0000E+00,75.550E-06,0.0000E+00,-1.6922E-06,0.000E+00,0.000E+00,Error,Error,Error,NAN,86.487E-03,-94.663E-03,6.3273E-03,-6.0711E-03,Error,Error,NAN,NAN,NAN,NAN,NAN,NAN,NAN,NAN,NAN,NAN,NAN
  197,  2026/03/17,10:45:00,123.61E+00,124.29E+00,111.90E+00,42.503E-03,123.61E+00,9.0116E+00,8.8615E+00,7.9781E+00,-109.10E-06,9.0116E+00,-1.1105E+03,1.1139E+03,-87.582E+00,-0.9969E+00,-175.49E+00,49.997E+00,NAN,173.62E+00,-173.48E+00,13.414E+00,-13.405E+00,1.405E+00,1.489E+00,NAN,NAN,NAN,NAN,NAN,NAN,NAN,NAN,NAN,0.000E+00,0.000E+00,0.000E+00,-10.831E-03,0.000E+00,0.0000E+00,0.0000E+00,0.0000E+00,113.15E-06,0.0000E+00,-3.3529E-06,0.000E+00,0.000E+00,Error,Error,Error,NAN,78.542E-03,-101.02E-03,6.0224E-03,-6.4777E-03,Error,Error,NAN,NAN,NAN,NAN,NAN,NAN,NAN,NAN,NAN,NAN,NAN
  198,  2026/03/17,10:45:00,123.67E+00,124.36E+00,111.97E+00,45.248E-03,123.67E+00,9.0209E+00,8.8713E+00,7.9869E+00,657.62E-06,9.0209E+00,-1.1121E+03,1.1156E+03,-87.670E+00,-0.9969E+00,-175.49E+00,50.004E+00,NAN,173.62E+00,-173.52E+00,13.419E+00,-13.415E+00,1.404E+00,1.488E+00,NAN,NAN,NAN,NAN,NAN,NAN,NAN,NAN,NAN,0.000E+00,0.000E+00,0.000E+00,-10.988E-03,0.000E+00,0.0000E+00,0.0000E+00,0.0000E+00,115.96E-06,0.0000E+00,-3.9658E-06,0.000E+00,0.000E+00,Error,Error,Error,NAN,81.720E-03,-99.430E-03,5.8192E-03,-6.0711E-03,Error,Error,NAN,NAN,NAN,NAN,NAN,NAN,NAN,NAN,NAN,NAN,NAN
  199,  2026/03/17,10:45:00,123.70E+00,124.40E+00,112.00E+00,41.164E-03,123.70E+00,9.0134E+00,8.8632E+00,7.9797E+00,514.53E-06,9.0134E+00,-1.1115E+03,1.1150E+03,-87.743E+00,-0.9969E+00,-175.49E+00,50.002E+00,NAN,173.72E+00,-173.67E+00,13.397E+00,-13.397E+00,1.404E+00,1.486E+00,NAN,NAN,NAN,NAN,NAN,NAN,NAN,NAN,NAN,0.000E+00,0.000E+00,0.000E+00,-10.808E-03,0.000E+00,0.0000E+00,0.0000E+00,0.0000E+00,95.521E-06,0.0000E+00,-4.0764E-06,0.000E+00,0.000E+00,Error,Error,Error,NAN,76.953E-03,-131.21E-03,6.3273E-03,-6.1728E-03,Error,Error,NAN,NAN,NAN,NAN,NAN,NAN,NAN,NAN,NAN,NAN,NAN
  200,  2026/03/17,10:45:00,123.70E+00,124.40E+00,112.00E+00,42.135E-03,123.70E+00,9.0227E+00,8.8734E+00,7.9889E+00,552.24E-06,9.0227E+00,-1.1127E+03,1.1161E+03,-87.692E+00,-0.9969E+00,-175.49E+00,49.999E+00,NAN,173.68E+00,-173.64E+00,13.407E+00,-13.405E+00,1.404E+00,1.486E+00,NAN,NAN,NAN,NAN,NAN,NAN,NAN,NAN,NAN,0.000E+00,0.000E+00,0.000E+00,-10.706E-03,0.000E+00,0.0000E+00,0.0000E+00,0.0000E+00,91.550E-06,0.0000E+00,-2.1613E-06,0.000E+00,0.000E+00,Error,Error,Error,NAN,83.309E-03,-99.430E-03,5.8192E-03,-6.3760E-03,Error,Error,NAN,NAN,NAN,NAN,NAN,NAN,NAN,NAN,NAN,NAN,NAN
  201,  2026/03/17,10:45:00,123.73E+00,124.44E+00,112.03E+00,33.973E-03,123.73E+00,9.0347E+00,8.8857E+00,7.9999E+00,52.438E-06,9.0347E+00,-1.1145E+03,1.1179E+03,-87.720E+00,-0.9969E+00,-175.50E+00,50.007E+00,NAN,173.72E+00,-173.58E+00,13.422E+00,-13.419E+00,1.404E+00,1.486E+00,NAN,NAN,NAN,NAN,NAN,NAN,NAN,NAN,NAN,0.000E+00,0.000E+00,0.000E+00,-10.933E-03,0.000E+00,0.0000E+00,0.0000E+00,0.0000E+00,59.910E-06,0.0000E+00,-2.6220E-06,0.000E+00,0.000E+00,Error,Error,Error,NAN,80.131E-03,-99.430E-03,6.9371E-03,-5.9695E-03,Error,Error,NAN,NAN,NAN,NAN,NAN,NAN,NAN,NAN,NAN,NAN,NAN
  202,  2026/03/17,10:45:01,123.93E+00,124.63E+00,112.21E+00,52.743E-03,123.93E+00,8.9124E+00,8.7620E+00,7.8885E+00,7.0993E-03,8.9124E+00,-1.1010E+03,1.1045E+03,-88.429E+00,-0.9968E+00,-175.41E+00,50.011E+00,NAN,173.94E+00,-173.93E+00,13.348E+00,-13.365E+00,1.403E+00,1.500E+00,NAN,NAN,NAN,NAN,NAN,NAN,NAN,NAN,NAN,0.000E+00,0.000E+00,0.000E+00,-10.523E-03,0.000E+00,0.0000E+00,0.0000E+00,0.0000E+00,62.398E-06,0.0000E+00,-3.3011E-06,0.000E+00,0.000E+00,Error,Error,Error,NAN,84.898E-03,-93.074E-03,6.7338E-03,-6.7825E-03,Error,Error,NAN,NAN,NAN,NAN,NAN,NAN,NAN,NAN,NAN,NAN,NAN
  203,  2026/03/17,10:45:02,123.97E+00,124.68E+00,112.25E+00,41.163E-03,123.97E+00,8.8552E+00,8.7054E+00,7.8376E+00,-1.0767E-03,8.8552E+00,-1.0942E+03,1.0978E+03,-88.638E+00,-0.9967E+00,-175.37E+00,50.002E+00,NAN,174.16E+00,-174.06E+00,13.196E+00,-13.204E+00,1.405E+00,1.491E+00,NAN,NAN,NAN,NAN,NAN,NAN,NAN,NAN,NAN,0.000E+00,0.000E+00,0.000E+00,-10.667E-03,0.000E+00,0.0000E+00,0.0000E+00,0.0000E+00,82.577E-06,0.0000E+00,-3.1585E-06,0.000E+00,0.000E+00,Error,Error,Error,NAN,76.953E-03,-96.252E-03,7.3436E-03,-6.2744E-03,Error,Error,NAN,NAN,NAN,NAN,NAN,NAN,NAN,NAN,NAN,NAN,NAN
  204,  2026/03/17,10:45:02,124.01E+00,124.70E+00,112.27E+00,38.786E-03,124.01E+00,8.8498E+00,8.6989E+00,7.8318E+00,-672.64E-06,8.8498E+00,-1.0938E+03,1.0974E+03,-88.616E+00,-0.9967E+00,-175.37E+00,50.001E+00,NAN,174.26E+00,-174.18E+00,13.192E+00,-13.198E+00,1.405E+00,1.491E+00,NAN,NAN,NAN,NAN,NAN,NAN,NAN,NAN,NAN,0.000E+00,0.000E+00,0.000E+00,-11.110E-03,0.000E+00,0.0000E+00,0.0000E+00,0.0000E+00,108.45E-06,0.0000E+00,-3.6982E-06,0.000E+00,0.000E+00,Error,Error,Error,NAN,70.596E-03,-99.430E-03,7.1403E-03,-5.8679E-03,Error,Error,NAN,NAN,NAN,NAN,NAN,NAN,NAN,NAN,NAN,NAN,NAN
  205,  2026/03/17,10:45:02,124.08E+00,124.79E+00,112.35E+00,43.349E-03,124.08E+00,8.8543E+00,8.7039E+00,7.8363E+00,-1.1086E-03,8.8543E+00,-1.0951E+03,1.0987E+03,-88.761E+00,-0.9967E+00,-175.37E+00,50.005E+00,NAN,174.19E+00,-174.18E+00,13.188E+00,-13.187E+00,1.404E+00,1.489E+00,NAN,NAN,NAN,NAN,NAN,NAN,NAN,NAN,NAN,0.000E+00,0.000E+00,0.000E+00,-10.888E-03,0.000E+00,0.0000E+00,0.0000E+00,0.0000E+00,63.876E-06,0.0000E+00,-2.1042E-06,0.000E+00,0.000E+00,Error,Error,Error,NAN,75.364E-03,-113.73E-03,6.8354E-03,-6.7825E-03,Error,Error,NAN,NAN,NAN,NAN,NAN,NAN,NAN,NAN,NAN,NAN,NAN
  206,  2026/03/17,10:45:03,123.89E+00,124.59E+00,112.17E+00,37.891E-03,123.89E+00,8.9812E+00,8.8316E+00,7.9513E+00,-234.83E-06,8.9812E+00,-1.1092E+03,1.1127E+03,-88.136E+00,-0.9969E+00,-175.46E+00,50.007E+00,NAN,173.97E+00,-174.02E+00,13.391E+00,-13.381E+00,1.405E+00,1.491E+00,NAN,NAN,NAN,NAN,NAN,NAN,NAN,NAN,NAN,0.000E+00,0.000E+00,0.000E+00,-11.020E-03,0.000E+00,0.0000E+00,0.0000E+00,0.0000E+00,45.634E-06,0.0000E+00,-3.2655E-06,0.000E+00,0.000E+00,Error,Error,Error,NAN,81.720E-03,-97.841E-03,6.1240E-03,-5.7663E-03,Error,Error,NAN,NAN,NAN,NAN,NAN,NAN,NAN,NAN,NAN,NAN,NAN
  207,  2026/03/17,10:45:03,123.36E+00,124.06E+00,111.69E+00,7.6003E-03,123.36E+00,9.1731E+00,9.0231E+00,8.1236E+00,-13.841E-03,9.1731E+00,-1.1279E+03,1.1316E+03,-91.019E+00,-0.9968E+00,-175.39E+00,49.996E+00,NAN,173.78E+00,-173.74E+00,13.940E+00,-13.881E+00,1.409E+00,1.520E+00,NAN,NAN,NAN,NAN,NAN,NAN,NAN,NAN,NAN,0.000E+00,0.000E+00,0.000E+00,-10.482E-03,0.000E+00,0.0000E+00,0.0000E+00,0.0000E+00,84.020E-06,0.0000E+00,-2.8949E-06,0.000E+00,0.000E+00,Error,Error,Error,NAN,78.542E-03,-99.430E-03,6.7338E-03,-5.8679E-03,Error,Error,NAN,NAN,NAN,NAN,NAN,NAN,NAN,NAN,NAN,NAN,NAN
  208,  2026/03/17,10:45:04,122.84E+00,123.53E+00,111.22E+00,37.059E-03,122.84E+00,9.4822E+00,9.3349E+00,8.4043E+00,632.67E-06,9.4822E+00,-1.1616E+03,1.1648E+03,-85.361E+00,-0.9973E+00,-175.80E+00,50.004E+00,NAN,172.57E+00,-172.50E+00,14.054E+00,-14.061E+00,1.405E+00,1.483E+00,NAN,NAN,NAN,NAN,NAN,NAN,NAN,NAN,NAN,0.000E+00,0.000E+00,0.000E+00,-10.711E-03,0.000E+00,0.0000E+00,0.0000E+00,0.0000E+00,97.297E-06,0.0000E+00,-3.0904E-06,0.000E+00,0.000E+00,Error,Error,Error,NAN,89.665E-03,-97.841E-03,5.7175E-03,-5.6646E-03,Error,Error,NAN,NAN,NAN,NAN,NAN,NAN,NAN,NAN,NAN,NAN,NAN
  209,  2026/03/17,10:45:04,122.81E+00,123.50E+00,111.19E+00,46.234E-03,122.81E+00,9.4735E+00,9.3259E+00,8.3963E+00,3.8626E-03,9.4735E+00,-1.1603E+03,1.1634E+03,-85.288E+00,-0.9973E+00,-175.80E+00,50.004E+00,NAN,172.60E+00,-172.62E+00,14.059E+00,-14.049E+00,1.406E+00,1.484E+00,NAN,NAN,NAN,NAN,NAN,NAN,NAN,NAN,NAN,0.000E+00,0.000E+00,0.000E+00,-11.157E-03,0.000E+00,0.0000E+00,0.0000E+00,0.0000E+00,149.97E-06,0.0000E+00,-3.3836E-06,0.000E+00,0.000E+00,Error,Error,Error,NAN,84.898E-03,-101.02E-03,6.8354E-03,-6.6809E-03,Error,Error,NAN,NAN,NAN,NAN,NAN,NAN,NAN,NAN,NAN,NAN,NAN
  210,  2026/03/17,10:45:04,122.82E+00,123.52E+00,111.21E+00,61.564E-03,122.82E+00,9.4105E+00,9.2629E+00,8.3395E+00,13.644E-03,9.4105E+00,-1.1526E+03,1.1558E+03,-85.961E+00,-0.9972E+00,-175.73E+00,50.012E+00,NAN,172.76E+00,-172.62E+00,14.113E+00,-14.073E+00,1.407E+00,1.500E+00,NAN,NAN,NAN,NAN,NAN,NAN,NAN,NAN,NAN,0.000E+00,0.000E+00,0.000E+00,-10.606E-03,0.000E+00,0.0000E+00,0.0000E+00,0.0000E+00,75.275E-06,0.0000E+00,-2.7948E-06,0.000E+00,0.000E+00,Error,Error,Error,NAN,88.076E-03,-99.430E-03,6.5306E-03,-8.8151E-03,Error,Error,NAN,NAN,NAN,NAN,NAN,NAN,NAN,NAN,NAN,NAN,NAN
  211,  2026/03/17,10:45:05,122.92E+00,123.61E+00,111.29E+00,33.444E-03,122.92E+00,9.3676E+00,9.2188E+00,8.2999E+00,-773.37E-06,9.3676E+00,-1.1483E+03,1.1515E+03,-85.855E+00,-0.9972E+00,-175.72E+00,50.005E+00,NAN,172.57E+00,-172.78E+00,13.895E+00,-13.890E+00,1.406E+00,1.483E+00,NAN,NAN,NAN,NAN,NAN,NAN,NAN,NAN,NAN,0.000E+00,0.000E+00,0.000E+00,-11.158E-03,0.000E+00,0.0000E+00,0.0000E+00,0.0000E+00,102.60E-06,0.0000E+00,-2.8371E-06,0.000E+00,0.000E+00,Error,Error,Error,NAN,76.953E-03,-99.430E-03,6.2257E-03,-5.9695E-03,Error,Error,NAN,NAN,NAN,NAN,NAN,NAN,NAN,NAN,NAN,NAN,NAN
  212,  2026/03/17,10:45:05,123.03E+00,123.71E+00,111.38E+00,40.911E-03,123.03E+00,9.3257E+00,9.1765E+00,8.2618E+00,2.3294E-03,9.3257E+00,-1.1441E+03,1.1473E+03,-85.996E+00,-0.9972E+00,-175.70E+00,50.005E+00,NAN,172.79E+00,-172.72E+00,13.818E+00,-13.819E+00,1.404E+00,1.482E+00,NAN,NAN,NAN,NAN,NAN,NAN,NAN,NAN,NAN,0.000E+00,0.000E+00,0.000E+00,-10.845E-03,0.000E+00,0.0000E+00,0.0000E+00,0.0000E+00,116.52E-06,0.0000E+00,-3.4673E-06,0.000E+00,0.000E+00,Error,Error,Error,NAN,67.418E-03,-96.252E-03,6.9371E-03,-5.7663E-03,Error,Error,NAN,NAN,NAN,NAN,NAN,NAN,NAN,NAN,NAN,NAN,NAN
  213,  2026/03/17,10:45:05,123.04E+00,123.72E+00,111.39E+00,42.984E-03,123.04E+00,9.3664E+00,9.2169E+00,8.2981E+00,1.7618E-03,9.3664E+00,-1.1492E+03,1.1524E+03,-85.855E+00,-0.9972E+00,-175.73E+00,50.003E+00,NAN,172.76E+00,-172.66E+00,13.877E+00,-13.871E+00,1.404E+00,1.482E+00,NAN,NAN,NAN,NAN,NAN,NAN,NAN,NAN,NAN,0.000E+00,0.000E+00,0.000E+00,-10.536E-03,0.000E+00,0.0000E+00,0.0000E+00,0.0000E+00,156.53E-06,0.0000E+00,-3.8255E-06,0.000E+00,0.000E+00,Error,Error,Error,NAN,78.542E-03,-99.430E-03,6.3273E-03,-5.5630E-03,Error,Error,NAN,NAN,NAN,NAN,NAN,NAN,NAN,NAN,NAN,NAN,NAN
  214,  2026/03/17,10:45:05,123.12E+00,123.81E+00,111.47E+00,35.878E-03,123.12E+00,9.3133E+00,9.1645E+00,8.2510E+00,-349.94E-06,9.3133E+00,-1.1434E+03,1.1466E+03,-86.295E+00,-0.9972E+00,-175.68E+00,50.002E+00,NAN,172.86E+00,-172.78E+00,13.808E+00,-13.811E+00,1.404E+00,1.483E+00,NAN,NAN,NAN,NAN,NAN,NAN,NAN,NAN,NAN,0.000E+00,0.000E+00,0.000E+00,-10.599E-03,0.000E+00,0.0000E+00,0.0000E+00,0.0000E+00,118.45E-06,0.0000E+00,-5.0069E-06,0.000E+00,0.000E+00,Error,Error,Error,NAN,83.309E-03,-102.61E-03,7.1403E-03,-5.4614E-03,Error,Error,NAN,NAN,NAN,NAN,NAN,NAN,NAN,NAN,NAN,NAN,NAN
  215,  2026/03/17,10:45:05,123.05E+00,123.75E+00,111.41E+00,44.815E-03,123.05E+00,9.3396E+00,9.1913E+00,8.2751E+00,1.1989E-03,9.3396E+00,-1.1460E+03,1.1493E+03,-86.033E+00,-0.9972E+00,-175.71E+00,50.007E+00,NAN,172.70E+00,-172.66E+00,13.859E+00,-13.845E+00,1.403E+00,1.484E+00,NAN,NAN,NAN,NAN,NAN,NAN,NAN,NAN,NAN,0.000E+00,0.000E+00,0.000E+00,-10.453E-03,0.000E+00,0.0000E+00,0.0000E+00,0.0000E+00,117.94E-06,0.0000E+00,-3.5888E-06,0.000E+00,0.000E+00,Error,Error,Error,NAN,81.720E-03,-102.61E-03,7.1403E-03,-6.4777E-03,Error,Error,NAN,NAN,NAN,NAN,NAN,NAN,NAN,NAN,NAN,NAN,NAN
  216,  2026/03/17,10:45:06,121.97E+00,122.66E+00,110.43E+00,-14.764E-03,121.97E+00,9.8593E+00,9.7140E+00,8.7456E+00,-25.620E-03,9.8593E+00,-1.1993E+03,1.2025E+03,-87.911E+00,-0.9973E+00,-175.81E+00,49.997E+00,NAN,172.00E+00,-172.18E+00,14.800E+00,-14.796E+00,1.412E+00,1.501E+00,NAN,NAN,NAN,NAN,NAN,NAN,NAN,NAN,NAN,0.000E+00,0.000E+00,0.000E+00,-10.725E-03,0.000E+00,0.0000E+00,0.0000E+00,0.0000E+00,110.84E-06,0.0000E+00,-3.6115E-06,0.000E+00,0.000E+00,Error,Error,Error,NAN,78.542E-03,-97.841E-03,6.1240E-03,-7.0874E-03,Error,Error,NAN,NAN,NAN,NAN,NAN,NAN,NAN,NAN,NAN,NAN,NAN
  217,  2026/03/17,10:45:06,121.94E+00,122.64E+00,110.41E+00,38.815E-03,121.94E+00,9.8962E+00,9.7522E+00,8.7801E+00,-990.48E-06,9.8962E+00,-1.2038E+03,1.2067E+03,-83.190E+00,-0.9976E+00,-176.05E+00,50.009E+00,NAN,171.26E+00,-171.29E+00,14.682E+00,-14.686E+00,1.405E+00,1.484E+00,NAN,NAN,NAN,NAN,NAN,NAN,NAN,NAN,NAN,0.000E+00,0.000E+00,0.000E+00,-10.723E-03,0.000E+00,0.0000E+00,0.0000E+00,0.0000E+00,108.48E-06,0.0000E+00,-3.2045E-06,0.000E+00,0.000E+00,Error,Error,Error,NAN,75.364E-03,-101.02E-03,6.5306E-03,-6.3760E-03,Error,Error,NAN,NAN,NAN,NAN,NAN,NAN,NAN,NAN,NAN,NAN,NAN
  218,  2026/03/17,10:45:06,121.73E+00,122.43E+00,110.22E+00,15.351E-03,121.73E+00,10.046E+00,9.9025E+00,8.9154E+00,-9.7674E-03,10.046E+00,-1.2200E+03,1.2229E+03,-83.585E+00,-0.9977E+00,-176.08E+00,50.005E+00,NAN,171.30E+00,-171.32E+00,14.948E+00,-14.935E+00,1.407E+00,1.488E+00,NAN,NAN,NAN,NAN,NAN,NAN,NAN,NAN,NAN,0.000E+00,0.000E+00,0.000E+00,-10.685E-03,0.000E+00,0.0000E+00,0.0000E+00,0.0000E+00,111.22E-06,0.0000E+00,-4.7471E-06,0.000E+00,0.000E+00,Error,Error,Error,NAN,81.720E-03,-105.79E-03,5.6159E-03,-5.8679E-03,Error,Error,NAN,NAN,NAN,NAN,NAN,NAN,NAN,NAN,NAN,NAN,NAN
  219,  2026/03/17,10:45:06,121.67E+00,122.37E+00,110.17E+00,45.994E-03,121.67E+00,10.084E+00,9.9411E+00,8.9501E+00,547.70E-06,10.084E+00,-1.2242E+03,1.2270E+03,-82.546E+00,-0.9977E+00,-176.14E+00,50.009E+00,NAN,170.95E+00,-170.90E+00,14.914E+00,-14.905E+00,1.405E+00,1.479E+00,NAN,NAN,NAN,NAN,NAN,NAN,NAN,NAN,NAN,0.000E+00,0.000E+00,0.000E+00,-10.687E-03,0.000E+00,0.0000E+00,0.0000E+00,0.0000E+00,102.89E-06,0.0000E+00,-3.3082E-06,0.000E+00,0.000E+00,Error,Error,Error,NAN,73.774E-03,-104.20E-03,5.8192E-03,-6.4777E-03,Error,Error,NAN,NAN,NAN,NAN,NAN,NAN,NAN,NAN,NAN,NAN,NAN
  220,  2026/03/17,10:45:06,121.55E+00,122.25E+00,110.06E+00,33.952E-03,121.55E+00,10.168E+00,10.026E+00,9.0262E+00,-4.5852E-03,10.168E+00,-1.2332E+03,1.2360E+03,-82.576E+00,-0.9978E+00,-176.17E+00,50.009E+00,NAN,170.82E+00,-170.81E+00,15.086E+00,-15.077E+00,1.405E+00,1.484E+00,NAN,NAN,NAN,NAN,NAN,NAN,NAN,NAN,NAN,0.000E+00,0.000E+00,0.000E+00,-10.713E-03,0.000E+00,0.0000E+00,0.0000E+00,0.0000E+00,64.936E-06,0.0000E+00,-3.8881E-06,0.000E+00,0.000E+00,Error,Error,Error,NAN,105.56E-03,-94.663E-03,6.0224E-03,-6.0711E-03,Error,Error,NAN,NAN,NAN,NAN,NAN,NAN,NAN,NAN,NAN,NAN,NAN
  221,  2026/03/17,10:45:07,121.59E+00,122.29E+00,110.10E+00,26.641E-03,121.59E+00,10.172E+00,10.029E+00,9.0292E+00,-1.8609E-03,10.172E+00,-1.2340E+03,1.2368E+03,-82.542E+00,-0.9978E+00,-176.17E+00,50.011E+00,NAN,170.85E+00,-170.94E+00,15.095E+00,-15.089E+00,1.406E+00,1.484E+00,NAN,NAN,NAN,NAN,NAN,NAN,NAN,NAN,NAN,0.000E+00,0.000E+00,0.000E+00,-10.651E-03,0.000E+00,0.0000E+00,0.0000E+00,0.0000E+00,46.613E-06,0.0000E+00,-4.3279E-06,0.000E+00,0.000E+00,Error,Error,Error,NAN,75.364E-03,-108.96E-03,6.1240E-03,-5.6646E-03,Error,Error,NAN,NAN,NAN,NAN,NAN,NAN,NAN,NAN,NAN,NAN,NAN
  222,  2026/03/17,10:45:07,121.56E+00,122.26E+00,110.07E+00,43.619E-03,121.56E+00,10.146E+00,10.003E+00,9.0061E+00,2.2819E-03,10.146E+00,-1.2305E+03,1.2333E+03,-82.389E+00,-0.9978E+00,-176.17E+00,50.015E+00,NAN,170.79E+00,-170.78E+00,15.005E+00,-14.981E+00,1.405E+00,1.479E+00,NAN,NAN,NAN,NAN,NAN,NAN,NAN,NAN,NAN,0.000E+00,0.000E+00,0.000E+00,-10.720E-03,0.000E+00,0.0000E+00,0.0000E+00,0.0000E+00,73.927E-06,0.0000E+00,-3.7415E-06,0.000E+00,0.000E+00,Error,Error,Error,NAN,84.898E-03,-112.14E-03,6.5306E-03,-7.4939E-03,Error,Error,NAN,NAN,NAN,NAN,NAN,NAN,NAN,NAN,NAN,NAN,NAN
  223,  2026/03/17,10:45:07,121.58E+00,122.29E+00,110.10E+00,39.205E-03,121.58E+00,10.123E+00,9.9807E+00,8.9858E+00,-1.7187E-03,10.123E+00,-1.2280E+03,1.2307E+03,-82.585E+00,-0.9977E+00,-176.15E+00,50.010E+00,NAN,170.98E+00,-170.90E+00,15.005E+00,-15.008E+00,1.406E+00,1.483E+00,NAN,NAN,NAN,NAN,NAN,NAN,NAN,NAN,NAN,0.000E+00,0.000E+00,0.000E+00,-10.797E-03,0.000E+00,0.0000E+00,0.0000E+00,0.0000E+00,127.89E-06,0.0000E+00,-3.3444E-06,0.000E+00,0.000E+00,Error,Error,Error,NAN,89.665E-03,-116.91E-03,6.6322E-03,-7.2907E-03,Error,Error,NAN,NAN,NAN,NAN,NAN,NAN,NAN,NAN,NAN,NAN,NAN
  224,  2026/03/17,10:45:07,121.57E+00,122.27E+00,110.09E+00,36.155E-03,121.57E+00,10.117E+00,9.9737E+00,8.9795E+00,1.0865E-03,10.117E+00,-1.2271E+03,1.2299E+03,-82.474E+00,-0.9977E+00,-176.15E+00,50.011E+00,NAN,170.82E+00,-170.78E+00,14.964E+00,-14.950E+00,1.405E+00,1.479E+00,NAN,NAN,NAN,NAN,NAN,NAN,NAN,NAN,NAN,0.000E+00,0.000E+00,0.000E+00,-10.834E-03,0.000E+00,0.0000E+00,0.0000E+00,0.0000E+00,139.16E-06,0.0000E+00,-3.4914E-06,0.000E+00,0.000E+00,Error,Error,Error,NAN,78.542E-03,-96.252E-03,6.3273E-03,-5.8679E-03,Error,Error,NAN,NAN,NAN,NAN,NAN,NAN,NAN,NAN,NAN,NAN,NAN
  225,  2026/03/17,10:45:08,121.61E+00,122.31E+00,110.12E+00,33.161E-03,121.61E+00,10.143E+00,9.9991E+00,9.0024E+00,-1.3095E-03,10.143E+00,-1.2307E+03,1.2335E+03,-82.565E+00,-0.9978E+00,-176.16E+00,50.007E+00,NAN,171.07E+00,-170.87E+00,15.011E+00,-15.007E+00,1.407E+00,1.480E+00,NAN,NAN,NAN,NAN,NAN,NAN,NAN,NAN,NAN,0.000E+00,0.000E+00,0.000E+00,-10.800E-03,0.000E+00,0.0000E+00,0.0000E+00,0.0000E+00,184.05E-06,0.0000E+00,-5.3504E-06,0.000E+00,0.000E+00,Error,Error,Error,NAN,80.131E-03,-96.252E-03,6.2257E-03,-6.1728E-03,Error,Error,NAN,NAN,NAN,NAN,NAN,NAN,NAN,NAN,NAN,NAN,NAN
  226,  2026/03/17,10:45:08,122.77E+00,123.46E+00,111.16E+00,41.355E-03,122.77E+00,9.5868E+00,9.4390E+00,8.4981E+00,3.7734E-03,9.5868E+00,-1.1739E+03,1.1770E+03,-85.510E+00,-0.9974E+00,-175.83E+00,50.013E+00,NAN,172.47E+00,-172.40E+00,14.235E+00,-14.244E+00,1.405E+00,1.486E+00,NAN,NAN,NAN,NAN,NAN,NAN,NAN,NAN,NAN,0.000E+00,0.000E+00,0.000E+00,-10.688E-03,0.000E+00,0.0000E+00,0.0000E+00,0.0000E+00,122.98E-06,0.0000E+00,-3.3110E-06,0.000E+00,0.000E+00,Error,Error,Error,NAN,78.542E-03,-104.20E-03,7.0387E-03,-6.1728E-03,Error,Error,NAN,NAN,NAN,NAN,NAN,NAN,NAN,NAN,NAN,NAN,NAN
  227,  2026/03/17,10:45:08,123.40E+00,124.10E+00,111.73E+00,71.421E-03,123.40E+00,9.2885E+00,9.1390E+00,8.2280E+00,12.418E-03,9.2884E+00,-1.1428E+03,1.1462E+03,-87.433E+00,-0.9971E+00,-175.63E+00,50.019E+00,NAN,173.59E+00,-173.48E+00,13.898E+00,-13.872E+00,1.407E+00,1.496E+00,NAN,NAN,NAN,NAN,NAN,NAN,NAN,NAN,NAN,0.000E+00,0.000E+00,0.000E+00,-10.459E-03,0.000E+00,0.0000E+00,0.0000E+00,0.0000E+00,138.48E-06,0.0000E+00,-4.0565E-06,0.000E+00,0.000E+00,Error,Error,Error,NAN,94.432E-03,-101.02E-03,6.5306E-03,-6.3760E-03,Error,Error,NAN,NAN,NAN,NAN,NAN,NAN,NAN,NAN,NAN,NAN,NAN
  228,  2026/03/17,10:45:09,123.57E+00,124.27E+00,111.89E+00,45.815E-03,123.57E+00,9.1400E+00,8.9910E+00,8.0948E+00,1.9365E-03,9.1400E+00,-1.1261E+03,1.1294E+03,-87.341E+00,-0.9970E+00,-175.56E+00,50.006E+00,NAN,173.43E+00,-173.42E+00,13.580E+00,-13.571E+00,1.403E+00,1.486E+00,NAN,NAN,NAN,NAN,NAN,NAN,NAN,NAN,NAN,0.000E+00,0.000E+00,0.000E+00,-10.846E-03,0.000E+00,0.0000E+00,0.0000E+00,0.0000E+00,143.88E-06,0.0000E+00,-2.9390E-06,0.000E+00,0.000E+00,Error,Error,Error,NAN,78.542E-03,-104.20E-03,6.7338E-03,-6.2744E-03,Error,Error,NAN,NAN,NAN,NAN,NAN,NAN,NAN,NAN,NAN,NAN,NAN
  229,  2026/03/17,10:45:09,123.10E+00,123.79E+00,111.45E+00,-400.77E-06,123.10E+00,9.3735E+00,9.2238E+00,8.3043E+00,-20.003E-03,9.3734E+00,-1.1502E+03,1.1538E+03,-92.036E+00,-0.9968E+00,-175.42E+00,49.993E+00,NAN,173.40E+00,-173.36E+00,14.276E+00,-14.217E+00,1.409E+00,1.523E+00,NAN,NAN,NAN,NAN,NAN,NAN,NAN,NAN,NAN,0.000E+00,0.000E+00,0.000E+00,-10.765E-03,0.000E+00,0.0000E+00,0.0000E+00,0.0000E+00,99.643E-06,0.0000E+00,-3.0841E-06,0.000E+00,0.000E+00,Error,Error,Error,NAN,76.953E-03,-102.61E-03,5.8192E-03,-5.9695E-03,Error,Error,NAN,NAN,NAN,NAN,NAN,NAN,NAN,NAN,NAN,NAN,NAN
  230,  2026/03/17,10:45:09,123.39E+00,124.10E+00,111.73E+00,46.323E-03,123.39E+00,9.2507E+00,9.1026E+00,8.1952E+00,4.3297E-03,9.2507E+00,-1.1381E+03,1.1414E+03,-86.815E+00,-0.9971E+00,-175.64E+00,50.008E+00,NAN,173.24E+00,-173.26E+00,13.778E+00,-13.746E+00,1.404E+00,1.489E+00,NAN,NAN,NAN,NAN,NAN,NAN,NAN,NAN,NAN,0.000E+00,0.000E+00,0.000E+00,-10.930E-03,0.000E+00,0.0000E+00,0.0000E+00,0.0000E+00,79.351E-06,0.0000E+00,-3.6583E-06,0.000E+00,0.000E+00,Error,Error,Error,NAN,75.364E-03,-97.841E-03,6.4289E-03,-6.5793E-03,Error,Error,NAN,NAN,NAN,NAN,NAN,NAN,NAN,NAN,NAN,NAN,NAN
  231,  2026/03/17,10:45:10,123.50E+00,124.20E+00,111.82E+00,41.790E-03,123.50E+00,9.2413E+00,9.0927E+00,8.1863E+00,-1.3600E-03,9.2413E+00,-1.1380E+03,1.1413E+03,-87.047E+00,-0.9971E+00,-175.63E+00,50.003E+00,NAN,173.40E+00,-173.23E+00,13.713E+00,-13.709E+00,1.404E+00,1.484E+00,NAN,NAN,NAN,NAN,NAN,NAN,NAN,NAN,NAN,0.000E+00,0.000E+00,0.000E+00,-10.942E-03,0.000E+00,0.0000E+00,0.0000E+00,0.0000E+00,91.041E-06,0.0000E+00,-3.5530E-06,0.000E+00,0.000E+00,Error,Error,Error,NAN,72.185E-03,-105.79E-03,6.5306E-03,-6.7825E-03,Error,Error,NAN,NAN,NAN,NAN,NAN,NAN,NAN,NAN,NAN,NAN,NAN
  232,  2026/03/17,10:45:10,123.25E+00,123.94E+00,111.58E+00,36.053E-03,123.25E+00,9.3713E+00,9.2229E+00,8.3035E+00,-1.4676E-03,9.3713E+00,-1.1517E+03,1.1550E+03,-86.262E+00,-0.9972E+00,-175.72E+00,50.004E+00,NAN,173.05E+00,-173.04E+00,13.932E+00,-13.929E+00,1.404E+00,1.487E+00,NAN,NAN,NAN,NAN,NAN,NAN,NAN,NAN,NAN,0.000E+00,0.000E+00,0.000E+00,-10.783E-03,0.000E+00,0.0000E+00,0.0000E+00,0.0000E+00,72.538E-06,0.0000E+00,-3.0747E-06,0.000E+00,0.000E+00,Error,Error,Error,NAN,75.364E-03,-97.841E-03,6.8354E-03,-6.2744E-03,Error,Error,NAN,NAN,NAN,NAN,NAN,NAN,NAN,NAN,NAN,NAN,NAN
  233,  2026/03/17,10:45:10,123.30E+00,123.99E+00,111.63E+00,36.838E-03,123.30E+00,9.2798E+00,9.1298E+00,8.2197E+00,-870.61E-06,9.2798E+00,-1.1409E+03,1.1442E+03,-86.665E+00,-0.9971E+00,-175.66E+00,50.003E+00,NAN,173.17E+00,-173.20E+00,13.765E+00,-13.774E+00,1.405E+00,1.484E+00,NAN,NAN,NAN,NAN,NAN,NAN,NAN,NAN,NAN,0.000E+00,0.000E+00,0.000E+00,-10.609E-03,0.000E+00,0.0000E+00,0.0000E+00,0.0000E+00,61.003E-06,0.0000E+00,-2.3746E-06,0.000E+00,0.000E+00,Error,Error,Error,NAN,83.309E-03,-97.841E-03,6.4289E-03,-6.3760E-03,Error,Error,NAN,NAN,NAN,NAN,NAN,NAN,NAN,NAN,NAN,NAN,NAN
  234,  2026/03/17,10:45:10,123.33E+00,124.02E+00,111.66E+00,33.502E-03,123.33E+00,9.2646E+00,9.1147E+00,8.2061E+00,-318.12E-06,9.2646E+00,-1.1393E+03,1.1426E+03,-86.755E+00,-0.9971E+00,-175.65E+00,50.006E+00,NAN,173.08E+00,-173.29E+00,13.745E+00,-13.751E+00,1.405E+00,1.484E+00,NAN,NAN,NAN,NAN,NAN,NAN,NAN,NAN,NAN,0.000E+00,0.000E+00,0.000E+00,-10.589E-03,0.000E+00,0.0000E+00,0.0000E+00,0.0000E+00,39.832E-06,0.0000E+00,-2.6549E-06,0.000E+00,0.000E+00,Error,Error,Error,NAN,89.665E-03,-97.841E-03,6.1240E-03,-6.2744E-03,Error,Error,NAN,NAN,NAN,NAN,NAN,NAN,NAN,NAN,NAN,NAN,NAN
  235,  2026/03/17,10:45:10,123.26E+00,123.95E+00,111.60E+00,45.947E-03,123.26E+00,9.3012E+00,9.1508E+00,8.2386E+00,3.1284E-03,9.3012E+00,-1.1431E+03,1.1464E+03,-86.923E+00,-0.9971E+00,-175.65E+00,50.002E+00,NAN,173.08E+00,-173.04E+00,13.849E+00,-13.853E+00,1.404E+00,1.489E+00,NAN,NAN,NAN,NAN,NAN,NAN,NAN,NAN,NAN,0.000E+00,0.000E+00,0.000E+00,-10.700E-03,0.000E+00,0.0000E+00,0.0000E+00,0.0000E+00,36.749E-06,0.0000E+00,-2.8663E-06,0.000E+00,0.000E+00,Error,Error,Error,NAN,78.542E-03,-96.252E-03,5.9208E-03,-6.6809E-03,Error,Error,NAN,NAN,NAN,NAN,NAN,NAN,NAN,NAN,NAN,NAN,NAN
  236,  2026/03/17,10:45:11,123.29E+00,123.99E+00,111.63E+00,45.037E-03,123.29E+00,9.3072E+00,9.1581E+00,8.2452E+00,2.8618E-03,9.3072E+00,-1.1442E+03,1.1475E+03,-86.584E+00,-0.9971E+00,-175.67E+00,50.004E+00,NAN,173.14E+00,-173.04E+00,13.827E+00,-13.813E+00,1.404E+00,1.486E+00,NAN,NAN,NAN,NAN,NAN,NAN,NAN,NAN,NAN,0.000E+00,0.000E+00,0.000E+00,-10.673E-03,0.000E+00,0.0000E+00,0.0000E+00,0.0000E+00,117.90E-06,0.0000E+00,-3.0123E-06,0.000E+00,0.000E+00,Error,Error,Error,NAN,83.309E-03,-110.55E-03,5.5143E-03,-7.0874E-03,Error,Error,NAN,NAN,NAN,NAN,NAN,NAN,NAN,NAN,NAN,NAN,NAN
  237,  2026/03/17,10:45:11,123.25E+00,123.94E+00,111.58E+00,37.841E-03,123.25E+00,9.2911E+00,9.1413E+00,8.2301E+00,3.8881E-03,9.2911E+00,-1.1418E+03,1.1451E+03,-86.413E+00,-0.9971E+00,-175.67E+00,50.002E+00,NAN,173.08E+00,-172.94E+00,13.774E+00,-13.761E+00,1.404E+00,1.482E+00,NAN,NAN,NAN,NAN,NAN,NAN,NAN,NAN,NAN,0.000E+00,0.000E+00,0.000E+00,-10.645E-03,0.000E+00,0.0000E+00,0.0000E+00,0.0000E+00,86.587E-06,0.0000E+00,-2.3458E-06,0.000E+00,0.000E+00,Error,Error,Error,NAN,86.487E-03,-104.20E-03,6.9371E-03,-6.4777E-03,Error,Error,NAN,NAN,NAN,NAN,NAN,NAN,NAN,NAN,NAN,NAN,NAN
  238,  2026/03/17,10:45:11,123.06E+00,123.76E+00,111.43E+00,31.153E-03,123.06E+00,9.3808E+00,9.2330E+00,8.3126E+00,-4.7484E-03,9.3808E+00,-1.1512E+03,1.1545E+03,-86.489E+00,-0.9972E+00,-175.70E+00,50.000E+00,NAN,172.89E+00,-172.91E+00,13.994E+00,-13.985E+00,1.405E+00,1.492E+00,NAN,NAN,NAN,NAN,NAN,NAN,NAN,NAN,NAN,0.000E+00,0.000E+00,0.000E+00,-10.970E-03,0.000E+00,0.0000E+00,0.0000E+00,0.0000E+00,81.962E-06,0.0000E+00,-2.7752E-06,0.000E+00,0.000E+00,Error,Error,Error,NAN,72.185E-03,-97.841E-03,5.8192E-03,-6.2744E-03,Error,Error,NAN,NAN,NAN,NAN,NAN,NAN,NAN,NAN,NAN,NAN,NAN
  239,  2026/03/17,10:45:11,123.04E+00,123.75E+00,111.41E+00,36.907E-03,123.04E+00,9.4582E+00,9.3115E+00,8.3833E+00,-5.1561E-03,9.4582E+00,-1.1605E+03,1.1637E+03,-86.035E+00,-0.9973E+00,-175.76E+00,50.003E+00,NAN,172.98E+00,-172.81E+00,14.081E+00,-14.083E+00,1.406E+00,1.489E+00,NAN,NAN,NAN,NAN,NAN,NAN,NAN,NAN,NAN,0.000E+00,0.000E+00,0.000E+00,-10.809E-03,0.000E+00,0.0000E+00,0.0000E+00,0.0000E+00,103.75E-06,0.0000E+00,-2.9599E-06,0.000E+00,0.000E+00,Error,Error,Error,NAN,83.309E-03,-102.61E-03,5.9208E-03,-5.8679E-03,Error,Error,NAN,NAN,NAN,NAN,NAN,NAN,NAN,NAN,NAN,NAN,NAN
  240,  2026/03/17,10:45:12,123.21E+00,123.91E+00,111.56E+00,41.376E-03,123.21E+00,9.3327E+00,9.1841E+00,8.2686E+00,7.6321E-03,9.3327E+00,-1.1466E+03,1.1499E+03,-86.572E+00,-0.9972E+00,-175.68E+00,50.009E+00,NAN,173.17E+00,-173.07E+00,13.962E+00,-13.896E+00,1.406E+00,1.496E+00,NAN,NAN,NAN,NAN,NAN,NAN,NAN,NAN,NAN,0.000E+00,0.000E+00,0.000E+00,-10.590E-03,0.000E+00,0.0000E+00,0.0000E+00,0.0000E+00,42.756E-06,0.0000E+00,-2.7466E-06,0.000E+00,0.000E+00,Error,Error,Error,NAN,78.542E-03,-94.663E-03,6.6322E-03,-7.3923E-03,Error,Error,NAN,NAN,NAN,NAN,NAN,NAN,NAN,NAN,NAN,NAN,NAN
  241,  2026/03/17,10:45:12,123.28E+00,123.99E+00,111.63E+00,40.984E-03,123.28E+00,9.3047E+00,9.1560E+00,8.2433E+00,-2.0607E-03,9.3047E+00,-1.1438E+03,1.1471E+03,-86.787E+00,-0.9971E+00,-175.66E+00,50.001E+00,NAN,173.21E+00,-173.07E+00,13.840E+00,-13.831E+00,1.405E+00,1.487E+00,NAN,NAN,NAN,NAN,NAN,NAN,NAN,NAN,NAN,0.000E+00,0.000E+00,0.000E+00,-10.951E-03,0.000E+00,0.0000E+00,0.0000E+00,0.0000E+00,91.019E-06,0.0000E+00,-4.0722E-06,0.000E+00,0.000E+00,Error,Error,Error,NAN,83.309E-03,-110.55E-03,6.6322E-03,-5.8679E-03,Error,Error,NAN,NAN,NAN,NAN,NAN,NAN,NAN,NAN,NAN,NAN,NAN
  242,  2026/03/17,10:45:12,123.15E+00,123.85E+00,111.50E+00,31.607E-03,123.15E+00,9.3146E+00,9.1659E+00,8.2522E+00,-3.0270E-03,9.3146E+00,-1.1438E+03,1.1471E+03,-86.554E+00,-0.9971E+00,-175.67E+00,50.003E+00,NAN,173.08E+00,-173.04E+00,13.883E+00,-13.873E+00,1.405E+00,1.491E+00,NAN,NAN,NAN,NAN,NAN,NAN,NAN,NAN,NAN,0.000E+00,0.000E+00,0.000E+00,-10.851E-03,0.000E+00,0.0000E+00,0.0000E+00,0.0000E+00,64.878E-06,0.0000E+00,-3.5961E-06,0.000E+00,0.000E+00,Error,Error,Error,NAN,78.542E-03,-99.430E-03,7.1403E-03,-6.0711E-03,Error,Error,NAN,NAN,NAN,NAN,NAN,NAN,NAN,NAN,NAN,NAN,NAN
  243,  2026/03/17,10:45:12,123.22E+00,123.91E+00,111.56E+00,45.738E-03,123.22E+00,9.3079E+00,9.1590E+00,8.2460E+00,-573.34E-06,9.3079E+00,-1.1436E+03,1.1469E+03,-86.447E+00,-0.9972E+00,-175.68E+00,50.000E+00,NAN,173.11E+00,-172.97E+00,13.823E+00,-13.830E+00,1.405E+00,1.486E+00,NAN,NAN,NAN,NAN,NAN,NAN,NAN,NAN,NAN,0.000E+00,0.000E+00,0.000E+00,-11.051E-03,0.000E+00,0.0000E+00,0.0000E+00,0.0000E+00,56.729E-06,0.0000E+00,-2.5789E-06,0.000E+00,0.000E+00,Error,Error,Error,NAN,84.898E-03,-108.96E-03,6.3273E-03,-7.5955E-03,Error,Error,NAN,NAN,NAN,NAN,NAN,NAN,NAN,NAN,NAN,NAN,NAN
  244,  2026/03/17,10:45:12,123.26E+00,123.97E+00,111.61E+00,43.208E-03,123.26E+00,9.3356E+00,9.1875E+00,8.2717E+00,2.1342E-03,9.3356E+00,-1.1475E+03,1.1507E+03,-86.363E+00,-0.9972E+00,-175.70E+00,49.998E+00,NAN,173.27E+00,-173.13E+00,13.878E+00,-13.865E+00,1.406E+00,1.487E+00,NAN,NAN,NAN,NAN,NAN,NAN,NAN,NAN,NAN,0.000E+00,0.000E+00,0.000E+00,-10.935E-03,0.000E+00,0.0000E+00,0.0000E+00,0.0000E+00,35.976E-06,0.0000E+00,-3.0009E-06,0.000E+00,0.000E+00,Error,Error,Error,NAN,84.898E-03,-105.79E-03,6.5306E-03,-7.1890E-03,Error,Error,NAN,NAN,NAN,NAN,NAN,NAN,NAN,NAN,NAN,NAN,NAN
  245,  2026/03/17,10:45:13,123.19E+00,123.89E+00,111.54E+00,39.863E-03,123.19E+00,9.3152E+00,9.1671E+00,8.2533E+00,-488.71E-06,9.3152E+00,-1.1443E+03,1.1475E+03,-86.332E+00,-0.9972E+00,-175.69E+00,50.004E+00,NAN,173.05E+00,-172.94E+00,13.836E+00,-13.845E+00,1.405E+00,1.486E+00,NAN,NAN,NAN,NAN,NAN,NAN,NAN,NAN,NAN,0.000E+00,0.000E+00,0.000E+00,-10.962E-03,0.000E+00,0.0000E+00,0.0000E+00,0.0000E+00,15.120E-06,0.0000E+00,-1.3352E-06,0.000E+00,0.000E+00,Error,Error,Error,NAN,73.774E-03,-104.20E-03,6.1240E-03,-7.6972E-03,Error,Error,NAN,NAN,NAN,NAN,NAN,NAN,NAN,NAN,NAN,NAN,NAN
  246,  2026/03/17,10:45:13,123.19E+00,123.90E+00,111.55E+00,33.733E-03,123.19E+00,9.4027E+00,9.2554E+00,8.3328E+00,-4.2999E-03,9.4027E+00,-1.1551E+03,1.1583E+03,-86.380E+00,-0.9972E+00,-175.72E+00,49.996E+00,NAN,172.98E+00,-173.07E+00,13.994E+00,-13.996E+00,1.405E+00,1.488E+00,NAN,NAN,NAN,NAN,NAN,NAN,NAN,NAN,NAN,0.000E+00,0.000E+00,0.000E+00,-10.535E-03,0.000E+00,0.0000E+00,0.0000E+00,0.0000E+00,169.02E-06,0.0000E+00,-3.8252E-06,0.000E+00,0.000E+00,Error,Error,Error,NAN,73.774E-03,-93.074E-03,5.8192E-03,-6.6809E-03,Error,Error,NAN,NAN,NAN,NAN,NAN,NAN,NAN,NAN,NAN,NAN,NAN
  247,  2026/03/17,10:45:14,123.35E+00,124.06E+00,111.70E+00,38.303E-03,123.35E+00,9.3389E+00,9.1910E+00,8.2748E+00,-237.54E-06,9.3389E+00,-1.1487E+03,1.1520E+03,-86.595E+00,-0.9972E+00,-175.69E+00,50.000E+00,NAN,173.11E+00,-173.13E+00,13.865E+00,-13.869E+00,1.404E+00,1.485E+00,NAN,NAN,NAN,NAN,NAN,NAN,NAN,NAN,NAN,0.000E+00,0.000E+00,0.000E+00,-10.510E-03,0.000E+00,0.0000E+00,0.0000E+00,0.0000E+00,120.54E-06,0.0000E+00,-2.8633E-06,0.000E+00,0.000E+00,Error,Error,Error,NAN,86.487E-03,-113.73E-03,6.5306E-03,-6.1728E-03,Error,Error,NAN,NAN,NAN,NAN,NAN,NAN,NAN,NAN,NAN,NAN,NAN
  248,  2026/03/17,10:45:14,123.51E+00,124.21E+00,111.82E+00,51.016E-03,123.51E+00,9.2537E+00,9.1046E+00,8.1970E+00,1.3042E-03,9.2537E+00,-1.1396E+03,1.1429E+03,-87.032E+00,-0.9971E+00,-175.63E+00,49.998E+00,NAN,173.33E+00,-173.26E+00,13.751E+00,-13.754E+00,1.403E+00,1.486E+00,NAN,NAN,NAN,NAN,NAN,NAN,NAN,NAN,NAN,0.000E+00,0.000E+00,0.000E+00,-10.795E-03,0.000E+00,0.0000E+00,0.0000E+00,0.0000E+00,102.12E-06,0.0000E+00,-3.3026E-06,0.000E+00,0.000E+00,Error,Error,Error,NAN,75.364E-03,-104.20E-03,6.5306E-03,-6.0711E-03,Error,Error,NAN,NAN,NAN,NAN,NAN,NAN,NAN,NAN,NAN,NAN,NAN
  249,  2026/03/17,10:45:14,123.68E+00,124.39E+00,111.99E+00,45.315E-03,123.68E+00,9.1696E+00,9.0209E+00,8.1217E+00,1.2606E-03,9.1696E+00,-1.1307E+03,1.1341E+03,-87.431E+00,-0.9970E+00,-175.58E+00,50.002E+00,NAN,173.59E+00,-173.61E+00,13.609E+00,-13.609E+00,1.404E+00,1.484E+00,NAN,NAN,NAN,NAN,NAN,NAN,NAN,NAN,NAN,0.000E+00,0.000E+00,0.000E+00,-11.109E-03,0.000E+00,0.0000E+00,0.0000E+00,0.0000E+00,123.25E-06,0.0000E+00,-3.6500E-06,0.000E+00,0.000E+00,Error,Error,Error,NAN,73.774E-03,-102.61E-03,6.1240E-03,-6.0711E-03,Error,Error,NAN,NAN,NAN,NAN,NAN,NAN,NAN,NAN,NAN,NAN,NAN
  250,  2026/03/17,10:45:14,123.63E+00,124.33E+00,111.94E+00,44.963E-03,123.63E+00,9.1570E+00,9.0071E+00,8.1092E+00,539.41E-06,9.1570E+00,-1.1287E+03,1.1321E+03,-87.373E+00,-0.9970E+00,-175.57E+00,50.002E+00,NAN,173.78E+00,-173.64E+00,13.618E+00,-13.604E+00,1.406E+00,1.487E+00,NAN,NAN,NAN,NAN,NAN,NAN,NAN,NAN,NAN,0.000E+00,0.000E+00,0.000E+00,-10.540E-03,0.000E+00,0.0000E+00,0.0000E+00,0.0000E+00,88.196E-06,0.0000E+00,-3.0092E-06,0.000E+00,0.000E+00,Error,Error,Error,NAN,86.487E-03,-104.20E-03,6.4289E-03,-6.2744E-03,Error,Error,NAN,NAN,NAN,NAN,NAN,NAN,NAN,NAN,NAN,NAN,NAN
  251,  2026/03/17,10:45:15,123.57E+00,124.27E+00,111.89E+00,39.375E-03,123.57E+00,9.1499E+00,9.0006E+00,8.1034E+00,-2.4875E-03,9.1499E+00,-1.1273E+03,1.1306E+03,-87.391E+00,-0.9970E+00,-175.57E+00,49.999E+00,NAN,173.56E+00,-173.58E+00,13.616E+00,-13.620E+00,1.405E+00,1.489E+00,NAN,NAN,NAN,NAN,NAN,NAN,NAN,NAN,NAN,0.000E+00,0.000E+00,0.000E+00,-10.731E-03,0.000E+00,0.0000E+00,0.0000E+00,0.0000E+00,55.849E-06,0.0000E+00,-2.8964E-06,0.000E+00,0.000E+00,Error,Error,Error,NAN,89.665E-03,-102.61E-03,6.6322E-03,-7.5955E-03,Error,Error,NAN,NAN,NAN,NAN,NAN,NAN,NAN,NAN,NAN,NAN,NAN
  252,  2026/03/17,10:45:15,123.68E+00,124.38E+00,111.98E+00,47.575E-03,123.68E+00,9.1349E+00,8.9852E+00,8.0896E+00,-57.753E-06,9.1349E+00,-1.1264E+03,1.1298E+03,-87.523E+00,-0.9970E+00,-175.56E+00,50.004E+00,NAN,173.62E+00,-173.64E+00,13.612E+00,-13.598E+00,1.404E+00,1.490E+00,NAN,NAN,NAN,NAN,NAN,NAN,NAN,NAN,NAN,0.000E+00,0.000E+00,0.000E+00,-10.947E-03,0.000E+00,0.0000E+00,0.0000E+00,0.0000E+00,99.104E-06,0.0000E+00,-4.2431E-06,0.000E+00,0.000E+00,Error,Error,Error,NAN,83.309E-03,-102.61E-03,6.6322E-03,-6.3760E-03,Error,Error,NAN,NAN,NAN,NAN,NAN,NAN,NAN,NAN,NAN,NAN,NAN
  253,  2026/03/17,10:45:16,123.17E+00,123.86E+00,111.51E+00,88.938E-03,123.17E+00,9.3841E+00,9.2331E+00,8.3127E+00,26.959E-03,9.3841E+00,-1.1524E+03,1.1558E+03,-89.435E+00,-0.9970E+00,-175.56E+00,50.011E+00,NAN,173.43E+00,-173.58E+00,14.269E+00,-14.244E+00,1.409E+00,1.521E+00,NAN,NAN,NAN,NAN,NAN,NAN,NAN,NAN,NAN,0.000E+00,0.000E+00,0.000E+00,-10.859E-03,0.000E+00,0.0000E+00,0.0000E+00,0.0000E+00,77.343E-06,0.0000E+00,-3.1712E-06,0.000E+00,0.000E+00,Error,Error,Error,NAN,70.596E-03,-96.252E-03,6.8354E-03,-6.2744E-03,Error,Error,NAN,NAN,NAN,NAN,NAN,NAN,NAN,NAN,NAN,NAN,NAN
  254,  2026/03/17,10:45:16,123.46E+00,124.14E+00,111.77E+00,44.055E-03,123.46E+00,9.2648E+00,9.1142E+00,8.2057E+00,4.0874E-03,9.2648E+00,-1.1405E+03,1.1438E+03,-86.759E+00,-0.9971E+00,-175.65E+00,50.002E+00,NAN,173.30E+00,-173.32E+00,13.760E+00,-13.761E+00,1.404E+00,1.485E+00,NAN,NAN,NAN,NAN,NAN,NAN,NAN,NAN,NAN,0.000E+00,0.000E+00,0.000E+00,-10.860E-03,0.000E+00,0.0000E+00,0.0000E+00,0.0000E+00,121.33E-06,0.0000E+00,-3.9173E-06,0.000E+00,0.000E+00,Error,Error,Error,NAN,91.254E-03,-99.430E-03,6.0224E-03,-5.7663E-03,Error,Error,NAN,NAN,NAN,NAN,NAN,NAN,NAN,NAN,NAN,NAN,NAN
  255,  2026/03/17,10:45:16,123.71E+00,124.42E+00,112.02E+00,71.496E-03,123.71E+00,9.1780E+00,9.0274E+00,8.1275E+00,12.973E-03,9.1780E+00,-1.1320E+03,1.1355E+03,-87.955E+00,-0.9970E+00,-175.56E+00,50.010E+00,NAN,173.94E+00,-173.80E+00,13.749E+00,-13.727E+00,1.406E+00,1.498E+00,NAN,NAN,NAN,NAN,NAN,NAN,NAN,NAN,NAN,0.000E+00,0.000E+00,0.000E+00,-10.283E-03,0.000E+00,0.0000E+00,0.0000E+00,0.0000E+00,74.047E-06,0.0000E+00,-2.7193E-06,0.000E+00,0.000E+00,Error,Error,Error,NAN,75.364E-03,-102.61E-03,6.4289E-03,-5.8679E-03,Error,Error,NAN,NAN,NAN,NAN,NAN,NAN,NAN,NAN,NAN,NAN,NAN
  256,  2026/03/17,10:45:16,123.82E+00,124.52E+00,112.11E+00,45.858E-03,123.82E+00,9.0888E+00,8.9384E+00,8.0474E+00,2.1190E-03,9.0888E+00,-1.1220E+03,1.1254E+03,-87.799E+00,-0.9970E+00,-175.53E+00,50.007E+00,NAN,173.84E+00,-173.83E+00,13.522E+00,-13.544E+00,1.404E+00,1.490E+00,NAN,NAN,NAN,NAN,NAN,NAN,NAN,NAN,NAN,0.000E+00,0.000E+00,0.000E+00,-10.861E-03,0.000E+00,0.0000E+00,0.0000E+00,0.0000E+00,5.2588E-06,0.0000E+00,-2.7870E-06,0.000E+00,0.000E+00,Error,Error,Error,NAN,83.309E-03,-97.841E-03,7.2419E-03,-6.2744E-03,Error,Error,NAN,NAN,NAN,NAN,NAN,NAN,NAN,NAN,NAN,NAN,NAN
  257,  2026/03/17,10:45:16,123.01E+00,123.68E+00,111.35E+00,49.578E-03,123.01E+00,9.5297E+00,9.3822E+00,8.4469E+00,3.9265E-03,9.5297E+00,-1.1681E+03,1.1723E+03,-98.733E+00,-0.9964E+00,-175.17E+00,49.992E+00,NAN,173.75E+00,-173.67E+00,14.565E+00,-14.691E+00,1.412E+00,1.542E+00,NAN,NAN,NAN,NAN,NAN,NAN,NAN,NAN,NAN,0.000E+00,0.000E+00,0.000E+00,-10.472E-03,0.000E+00,0.0000E+00,0.0000E+00,0.0000E+00,63.614E-06,0.0000E+00,-3.0672E-06,0.000E+00,0.000E+00,Error,Error,Error,NAN,116.68E-03,-104.20E-03,5.9208E-03,-5.6646E-03,Error,Error,NAN,NAN,NAN,NAN,NAN,NAN,NAN,NAN,NAN,NAN,NAN
  258,  2026/03/17,10:45:17,123.86E+00,124.55E+00,112.14E+00,42.470E-03,123.86E+00,9.1173E+00,8.9668E+00,8.0730E+00,1.2291E-03,9.1173E+00,-1.1258E+03,1.1292E+03,-87.815E+00,-0.9970E+00,-175.54E+00,50.006E+00,NAN,173.94E+00,-173.93E+00,13.544E+00,-13.537E+00,1.404E+00,1.486E+00,NAN,NAN,NAN,NAN,NAN,NAN,NAN,NAN,NAN,0.000E+00,0.000E+00,0.000E+00,-10.591E-03,0.000E+00,0.0000E+00,0.0000E+00,0.0000E+00,114.11E-06,0.0000E+00,-4.0553E-06,0.000E+00,0.000E+00,Error,Error,Error,NAN,80.131E-03,-99.430E-03,6.2257E-03,-7.5955E-03,Error,Error,NAN,NAN,NAN,NAN,NAN,NAN,NAN,NAN,NAN,NAN,NAN
  259,  2026/03/17,10:45:17,123.53E+00,124.22E+00,111.84E+00,38.798E-03,123.53E+00,9.2424E+00,9.0928E+00,8.1864E+00,932.42E-06,9.2424E+00,-1.1384E+03,1.1417E+03,-86.817E+00,-0.9971E+00,-175.64E+00,50.004E+00,NAN,173.49E+00,-173.39E+00,13.747E+00,-13.730E+00,1.404E+00,1.487E+00,NAN,NAN,NAN,NAN,NAN,NAN,NAN,NAN,NAN,0.000E+00,0.000E+00,0.000E+00,-11.144E-03,0.000E+00,0.0000E+00,0.0000E+00,0.0000E+00,120.63E-06,0.0000E+00,-3.6582E-06,0.000E+00,0.000E+00,Error,Error,Error,NAN,73.774E-03,-104.20E-03,6.5306E-03,-5.7663E-03,Error,Error,NAN,NAN,NAN,NAN,NAN,NAN,NAN,NAN,NAN,NAN,NAN
  260,  2026/03/17,10:45:17,123.01E+00,123.70E+00,111.37E+00,7.5126E-03,123.01E+00,9.4909E+00,9.3413E+00,8.4102E+00,-15.677E-03,9.4909E+00,-1.1640E+03,1.1675E+03,-90.633E+00,-0.9970E+00,-175.55E+00,50.000E+00,NAN,173.43E+00,-173.42E+00,14.330E+00,-14.397E+00,1.410E+00,1.517E+00,NAN,NAN,NAN,NAN,NAN,NAN,NAN,NAN,NAN,0.000E+00,0.000E+00,0.000E+00,-10.902E-03,0.000E+00,0.0000E+00,0.0000E+00,0.0000E+00,125.11E-06,0.0000E+00,-3.7405E-06,0.000E+00,0.000E+00,Error,Error,Error,NAN,97.610E-03,-96.252E-03,6.9371E-03,-6.4777E-03,Error,Error,NAN,NAN,NAN,NAN,NAN,NAN,NAN,NAN,NAN,NAN,NAN
  261,  2026/03/17,10:45:17,123.33E+00,124.03E+00,111.66E+00,42.973E-03,123.33E+00,9.3455E+00,9.1970E+00,8.2802E+00,-643.19E-06,9.3455E+00,-1.1493E+03,1.1526E+03,-86.416E+00,-0.9972E+00,-175.70E+00,50.007E+00,NAN,173.24E+00,-173.13E+00,13.909E+00,-13.906E+00,1.405E+00,1.488E+00,NAN,NAN,NAN,NAN,NAN,NAN,NAN,NAN,NAN,0.000E+00,0.000E+00,0.000E+00,-10.780E-03,0.000E+00,0.0000E+00,0.0000E+00,0.0000E+00,58.346E-06,0.0000E+00,-3.3429E-06,0.000E+00,0.000E+00,Error,Error,Error,NAN,84.898E-03,-94.663E-03,6.1240E-03,-6.6809E-03,Error,Error,NAN,NAN,NAN,NAN,NAN,NAN,NAN,NAN,NAN,NAN,NAN
  262,  2026/03/17,10:45:18,123.19E+00,123.89E+00,111.54E+00,56.503E-03,123.19E+00,9.3628E+00,9.2147E+00,8.2961E+00,3.7692E-06,9.3628E+00,-1.1502E+03,1.1534E+03,-86.147E+00,-0.9972E+00,-175.72E+00,50.006E+00,NAN,173.08E+00,-172.94E+00,13.944E+00,-13.929E+00,1.405E+00,1.489E+00,NAN,NAN,NAN,NAN,NAN,NAN,NAN,NAN,NAN,0.000E+00,0.000E+00,0.000E+00,-10.653E-03,0.000E+00,0.0000E+00,0.0000E+00,0.0000E+00,104.48E-06,0.0000E+00,-3.5382E-06,0.000E+00,0.000E+00,Error,Error,Error,NAN,75.364E-03,-96.252E-03,5.9208E-03,-5.5630E-03,Error,Error,NAN,NAN,NAN,NAN,NAN,NAN,NAN,NAN,NAN,NAN,NAN
  263,  2026/03/17,10:45:18,123.11E+00,123.82E+00,111.47E+00,27.767E-03,123.11E+00,9.3704E+00,9.2233E+00,8.3039E+00,-655.84E-06,9.3704E+00,-1.1503E+03,1.1535E+03,-86.062E+00,-0.9972E+00,-175.72E+00,50.007E+00,NAN,173.05E+00,-172.94E+00,13.939E+00,-13.958E+00,1.406E+00,1.490E+00,NAN,NAN,NAN,NAN,NAN,NAN,NAN,NAN,NAN,0.000E+00,0.000E+00,0.000E+00,-10.637E-03,0.000E+00,0.0000E+00,0.0000E+00,0.0000E+00,113.71E-06,0.0000E+00,-2.9746E-06,0.000E+00,0.000E+00,Error,Error,Error,NAN,76.953E-03,-102.61E-03,5.9208E-03,-6.6809E-03,Error,Error,NAN,NAN,NAN,NAN,NAN,NAN,NAN,NAN,NAN,NAN,NAN
  264,  2026/03/17,10:45:18,123.41E+00,124.11E+00,111.74E+00,47.662E-03,123.41E+00,9.2871E+00,9.1383E+00,8.2274E+00,-1.3987E-03,9.2871E+00,-1.1428E+03,1.1461E+03,-86.801E+00,-0.9971E+00,-175.66E+00,50.008E+00,NAN,173.33E+00,-173.16E+00,13.793E+00,-13.797E+00,1.405E+00,1.486E+00,NAN,NAN,NAN,NAN,NAN,NAN,NAN,NAN,NAN,0.000E+00,0.000E+00,0.000E+00,-10.821E-03,0.000E+00,0.0000E+00,0.0000E+00,0.0000E+00,134.85E-06,0.0000E+00,-4.1422E-06,0.000E+00,0.000E+00,Error,Error,Error,NAN,80.131E-03,-104.20E-03,6.1240E-03,-6.4777E-03,Error,Error,NAN,NAN,NAN,NAN,NAN,NAN,NAN,NAN,NAN,NAN,NAN
  265,  2026/03/17,10:45:18,123.55E+00,124.25E+00,111.87E+00,41.754E-03,123.55E+00,9.2765E+00,9.1278E+00,8.2180E+00,-822.28E-06,9.2765E+00,-1.1428E+03,1.1461E+03,-87.014E+00,-0.9971E+00,-175.65E+00,50.003E+00,NAN,173.49E+00,-173.42E+00,13.784E+00,-13.787E+00,1.404E+00,1.486E+00,NAN,NAN,NAN,NAN,NAN,NAN,NAN,NAN,NAN,0.000E+00,0.000E+00,0.000E+00,-11.078E-03,0.000E+00,0.0000E+00,0.0000E+00,0.0000E+00,122.82E-06,0.0000E+00,-2.8266E-06,0.000E+00,0.000E+00,Error,Error,Error,NAN,84.898E-03,-104.20E-03,5.9208E-03,-5.8679E-03,Error,Error,NAN,NAN,NAN,NAN,NAN,NAN,NAN,NAN,NAN,NAN,NAN
  266,  2026/03/17,10:45:18,122.69E+00,123.34E+00,111.04E+00,99.168E-03,122.69E+00,9.7345E+00,9.5904E+00,8.6344E+00,30.093E-03,9.7345E+00,-1.1900E+03,1.1943E+03,-101.33E+00,-0.9964E+00,-175.13E+00,49.993E+00,NAN,173.87E+00,-173.42E+00,15.111E+00,-15.051E+00,1.417E+00,1.552E+00,NAN,NAN,NAN,NAN,NAN,NAN,NAN,NAN,NAN,0.000E+00,0.000E+00,0.000E+00,-10.713E-03,0.000E+00,0.0000E+00,0.0000E+00,0.0000E+00,150.80E-06,0.0000E+00,-4.0899E-06,0.000E+00,0.000E+00,Error,Error,Error,NAN,100.79E-03,-115.32E-03,6.4289E-03,-5.8679E-03,Error,Error,NAN,NAN,NAN,NAN,NAN,NAN,NAN,NAN,NAN,NAN,NAN
  267,  2026/03/17,10:45:19,123.67E+00,124.37E+00,111.97E+00,50.288E-03,123.67E+00,9.2145E+00,9.0644E+00,8.1609E+00,9.5281E-03,9.2145E+00,-1.1362E+03,1.1396E+03,-87.371E+00,-0.9971E+00,-175.60E+00,50.007E+00,NAN,173.91E+00,-173.74E+00,13.783E+00,-13.733E+00,1.406E+00,1.496E+00,NAN,NAN,NAN,NAN,NAN,NAN,NAN,NAN,NAN,0.000E+00,0.000E+00,0.000E+00,-10.715E-03,0.000E+00,0.0000E+00,0.0000E+00,0.0000E+00,141.58E-06,0.0000E+00,-4.1046E-06,0.000E+00,0.000E+00,Error,Error,Error,NAN,72.185E-03,-99.430E-03,6.4289E-03,-5.5630E-03,Error,Error,NAN,NAN,NAN,NAN,NAN,NAN,NAN,NAN,NAN,NAN,NAN
  268,  2026/03/17,10:45:19,123.93E+00,124.64E+00,112.21E+00,34.441E-03,123.93E+00,9.0944E+00,8.9443E+00,8.0527E+00,2.2028E-03,9.0944E+00,-1.1237E+03,1.1271E+03,-88.037E+00,-0.9969E+00,-175.52E+00,50.008E+00,NAN,174.07E+00,-174.02E+00,13.548E+00,-13.535E+00,1.404E+00,1.490E+00,NAN,NAN,NAN,NAN,NAN,NAN,NAN,NAN,NAN,0.000E+00,0.000E+00,0.000E+00,-10.866E-03,0.000E+00,0.0000E+00,0.0000E+00,0.0000E+00,102.46E-06,0.0000E+00,-2.4116E-06,0.000E+00,0.000E+00,Error,Error,Error,NAN,78.542E-03,-97.841E-03,6.0224E-03,-5.9695E-03,Error,Error,NAN,NAN,NAN,NAN,NAN,NAN,NAN,NAN,NAN,NAN,NAN
  269,  2026/03/17,10:45:19,123.47E+00,124.16E+00,111.78E+00,25.501E-03,123.47E+00,9.1898E+00,9.0401E+00,8.1389E+00,-5.2955E-03,9.1898E+00,-1.1312E+03,1.1346E+03,-87.419E+00,-0.9970E+00,-175.58E+00,50.004E+00,NAN,173.62E+00,-173.52E+00,13.734E+00,-13.738E+00,1.406E+00,1.495E+00,NAN,NAN,NAN,NAN,NAN,NAN,NAN,NAN,NAN,0.000E+00,0.000E+00,0.000E+00,-10.820E-03,0.000E+00,0.0000E+00,0.0000E+00,0.0000E+00,65.531E-06,0.0000E+00,-4.2247E-06,0.000E+00,0.000E+00,Error,Error,Error,NAN,81.720E-03,-104.20E-03,7.0387E-03,-6.2744E-03,Error,Error,NAN,NAN,NAN,NAN,NAN,NAN,NAN,NAN,NAN,NAN,NAN
  270,  2026/03/17,10:45:19,123.46E+00,124.15E+00,111.77E+00,23.837E-03,123.46E+00,9.2068E+00,9.0567E+00,8.1539E+00,-1.9412E-03,9.2068E+00,-1.1333E+03,1.1366E+03,-87.108E+00,-0.9971E+00,-175.60E+00,50.008E+00,NAN,173.46E+00,-173.32E+00,13.752E+00,-13.749E+00,1.405E+00,1.494E+00,NAN,NAN,NAN,NAN,NAN,NAN,NAN,NAN,NAN,0.000E+00,0.000E+00,0.000E+00,-11.048E-03,0.000E+00,0.0000E+00,0.0000E+00,0.0000E+00,68.142E-06,0.0000E+00,-3.1899E-06,0.000E+00,0.000E+00,Error,Error,Error,NAN,81.720E-03,-101.02E-03,6.4289E-03,-6.6809E-03,Error,Error,NAN,NAN,NAN,NAN,NAN,NAN,NAN,NAN,NAN,NAN,NAN
  271,  2026/03/17,10:45:19,123.38E+00,124.08E+00,111.71E+00,38.250E-03,123.38E+00,9.2558E+00,9.1074E+00,8.1995E+00,-1.0770E-03,9.2558E+00,-1.1386E+03,1.1419E+03,-86.870E+00,-0.9971E+00,-175.64E+00,50.003E+00,NAN,173.27E+00,-173.20E+00,13.778E+00,-13.773E+00,1.404E+00,1.489E+00,NAN,NAN,NAN,NAN,NAN,NAN,NAN,NAN,NAN,0.000E+00,0.000E+00,0.000E+00,-10.427E-03,0.000E+00,0.0000E+00,0.0000E+00,0.0000E+00,38.618E-06,0.0000E+00,-2.4485E-06,0.000E+00,0.000E+00,Error,Error,Error,NAN,76.953E-03,-99.430E-03,6.1240E-03,-6.3760E-03,Error,Error,NAN,NAN,NAN,NAN,NAN,NAN,NAN,NAN,NAN,NAN,NAN
  272,  2026/03/17,10:45:20,123.42E+00,124.12E+00,111.74E+00,44.947E-03,123.42E+00,9.3031E+00,9.1534E+00,8.2410E+00,2.1766E-03,9.3031E+00,-1.1450E+03,1.1482E+03,-86.634E+00,-0.9971E+00,-175.67E+00,50.009E+00,NAN,173.37E+00,-173.26E+00,13.834E+00,-13.833E+00,1.405E+00,1.487E+00,NAN,NAN,NAN,NAN,NAN,NAN,NAN,NAN,NAN,0.000E+00,0.000E+00,0.000E+00,-10.901E-03,0.000E+00,0.0000E+00,0.0000E+00,0.0000E+00,37.748E-06,0.0000E+00,-3.2316E-06,0.000E+00,0.000E+00,Error,Error,Error,NAN,70.596E-03,-94.663E-03,6.3273E-03,-6.4777E-03,Error,Error,NAN,NAN,NAN,NAN,NAN,NAN,NAN,NAN,NAN,NAN,NAN
  273,  2026/03/17,10:45:20,123.57E+00,124.25E+00,111.87E+00,49.309E-03,123.57E+00,9.2473E+00,9.0966E+00,8.1898E+00,1.9105E-03,9.2473E+00,-1.1394E+03,1.1427E+03,-86.999E+00,-0.9971E+00,-175.63E+00,50.007E+00,NAN,173.52E+00,-173.55E+00,13.753E+00,-13.736E+00,1.404E+00,1.487E+00,NAN,NAN,NAN,NAN,NAN,NAN,NAN,NAN,NAN,0.000E+00,0.000E+00,0.000E+00,-10.915E-03,0.000E+00,0.0000E+00,0.0000E+00,0.0000E+00,99.990E-06,0.0000E+00,-3.0294E-06,0.000E+00,0.000E+00,Error,Error,Error,NAN,73.774E-03,-99.430E-03,5.6159E-03,-7.6972E-03,Error,Error,NAN,NAN,NAN,NAN,NAN,NAN,NAN,NAN,NAN,NAN,NAN
  274,  2026/03/17,10:45:20,123.52E+00,124.21E+00,111.83E+00,39.360E-03,123.52E+00,9.2854E+00,9.1354E+00,8.2247E+00,1.7425E-03,9.2854E+00,-1.1437E+03,1.1470E+03,-86.805E+00,-0.9971E+00,-175.66E+00,50.007E+00,NAN,173.49E+00,-173.45E+00,13.809E+00,-13.802E+00,1.405E+00,1.487E+00,NAN,NAN,NAN,NAN,NAN,NAN,NAN,NAN,NAN,0.000E+00,0.000E+00,0.000E+00,-11.049E-03,0.000E+00,0.0000E+00,0.0000E+00,0.0000E+00,80.004E-06,0.0000E+00,-2.8123E-06,0.000E+00,0.000E+00,Error,Error,Error,NAN,83.309E-03,-105.79E-03,6.6322E-03,-6.1728E-03,Error,Error,NAN,NAN,NAN,NAN,NAN,NAN,NAN,NAN,NAN,NAN,NAN
  275,  2026/03/17,10:45:20,123.65E+00,124.34E+00,111.95E+00,34.721E-03,123.65E+00,9.2521E+00,9.1021E+00,8.1948E+00,189.94E-06,9.2521E+00,-1.1407E+03,1.1440E+03,-87.151E+00,-0.9971E+00,-175.63E+00,50.014E+00,NAN,173.62E+00,-173.52E+00,13.765E+00,-13.752E+00,1.404E+00,1.488E+00,NAN,NAN,NAN,NAN,NAN,NAN,NAN,NAN,NAN,0.000E+00,0.000E+00,0.000E+00,-10.899E-03,0.000E+00,0.0000E+00,0.0000E+00,0.0000E+00,105.30E-06,0.0000E+00,-3.2546E-06,0.000E+00,0.000E+00,Error,Error,Error,NAN,78.542E-03,-102.61E-03,6.9371E-03,-6.4777E-03,Error,Error,NAN,NAN,NAN,NAN,NAN,NAN,NAN,NAN,NAN,NAN,NAN
  276,  2026/03/17,10:45:21,122.41E+00,123.10E+00,110.83E+00,-31.588E-03,122.41E+00,9.8177E+00,9.6693E+00,8.7055E+00,-33.317E-03,9.8176E+00,-1.1983E+03,1.2018E+03,-91.490E+00,-0.9971E+00,-175.63E+00,49.996E+00,NAN,172.70E+00,-172.85E+00,14.880E+00,-14.841E+00,1.412E+00,1.516E+00,NAN,NAN,NAN,NAN,NAN,NAN,NAN,NAN,NAN,0.000E+00,0.000E+00,0.000E+00,-10.692E-03,0.000E+00,0.0000E+00,0.0000E+00,0.0000E+00,100.18E-06,0.0000E+00,-3.6753E-06,0.000E+00,0.000E+00,Error,Error,Error,NAN,86.487E-03,-102.61E-03,6.4289E-03,-5.9695E-03,Error,Error,NAN,NAN,NAN,NAN,NAN,NAN,NAN,NAN,NAN,NAN,NAN
  277,  2026/03/17,10:45:21,121.84E+00,122.53E+00,110.31E+00,48.612E-03,121.84E+00,10.084E+00,9.9393E+00,8.9485E+00,6.4155E-03,10.084E+00,-1.2259E+03,1.2287E+03,-82.555E+00,-0.9977E+00,-176.15E+00,50.012E+00,NAN,171.14E+00,-170.97E+00,15.008E+00,-14.981E+00,1.405E+00,1.488E+00,NAN,NAN,NAN,NAN,NAN,NAN,NAN,NAN,NAN,0.000E+00,0.000E+00,0.000E+00,-10.900E-03,0.000E+00,0.0000E+00,0.0000E+00,0.0000E+00,103.02E-06,0.0000E+00,-3.3124E-06,0.000E+00,0.000E+00,Error,Error,Error,NAN,81.720E-03,-101.02E-03,6.4289E-03,-5.8679E-03,Error,Error,NAN,NAN,NAN,NAN,NAN,NAN,NAN,NAN,NAN,NAN,NAN
  278,  2026/03/17,10:45:22,121.83E+00,122.53E+00,110.32E+00,50.834E-03,121.83E+00,10.148E+00,10.004E+00,9.0069E+00,529.54E-06,10.148E+00,-1.2336E+03,1.2363E+03,-82.626E+00,-0.9978E+00,-176.17E+00,50.009E+00,NAN,171.10E+00,-171.03E+00,15.001E+00,-14.989E+00,1.404E+00,1.478E+00,NAN,NAN,NAN,NAN,NAN,NAN,NAN,NAN,NAN,0.000E+00,0.000E+00,0.000E+00,-10.673E-03,0.000E+00,0.0000E+00,0.0000E+00,0.0000E+00,165.39E-06,0.0000E+00,-4.2567E-06,0.000E+00,0.000E+00,Error,Error,Error,NAN,96.021E-03,-97.841E-03,6.3273E-03,-5.9695E-03,Error,Error,NAN,NAN,NAN,NAN,NAN,NAN,NAN,NAN,NAN,NAN,NAN
  279,  2026/03/17,10:45:22,121.71E+00,122.41E+00,110.21E+00,31.930E-03,121.71E+00,10.195E+00,10.052E+00,9.0502E+00,-4.1338E-03,10.195E+00,-1.2382E+03,1.2409E+03,-82.495E+00,-0.9978E+00,-176.19E+00,50.008E+00,NAN,170.98E+00,-170.87E+00,15.112E+00,-15.109E+00,1.405E+00,1.482E+00,NAN,NAN,NAN,NAN,NAN,NAN,NAN,NAN,NAN,0.000E+00,0.000E+00,0.000E+00,-10.786E-03,0.000E+00,0.0000E+00,0.0000E+00,0.0000E+00,105.46E-06,0.0000E+00,-3.4504E-06,0.000E+00,0.000E+00,Error,Error,Error,NAN,88.076E-03,-115.32E-03,5.7175E-03,-6.4777E-03,Error,Error,NAN,NAN,NAN,NAN,NAN,NAN,NAN,NAN,NAN,NAN,NAN
  280,  2026/03/17,10:45:22,121.69E+00,122.37E+00,110.18E+00,31.035E-03,121.69E+00,10.135E+00,9.9902E+00,8.9944E+00,1.6686E-03,10.135E+00,-1.2306E+03,1.2334E+03,-82.351E+00,-0.9978E+00,-176.17E+00,50.010E+00,NAN,170.88E+00,-170.78E+00,14.978E+00,-14.997E+00,1.404E+00,1.480E+00,NAN,NAN,NAN,NAN,NAN,NAN,NAN,NAN,NAN,0.000E+00,0.000E+00,0.000E+00,-11.003E-03,0.000E+00,0.0000E+00,0.0000E+00,0.0000E+00,139.95E-06,0.0000E+00,-3.7614E-06,0.000E+00,0.000E+00,Error,Error,Error,NAN,80.131E-03,-99.430E-03,5.9208E-03,-6.1728E-03,Error,Error,NAN,NAN,NAN,NAN,NAN,NAN,NAN,NAN,NAN,NAN,NAN
  281,  2026/03/17,10:45:22,121.90E+00,122.59E+00,110.37E+00,50.623E-03,121.90E+00,10.037E+00,9.8918E+00,8.9058E+00,-107.88E-06,10.037E+00,-1.2207E+03,1.2235E+03,-82.977E+00,-0.9977E+00,-176.11E+00,50.009E+00,NAN,171.23E+00,-171.16E+00,14.826E+00,-14.823E+00,1.405E+00,1.477E+00,NAN,NAN,NAN,NAN,NAN,NAN,NAN,NAN,NAN,0.000E+00,0.000E+00,0.000E+00,-10.748E-03,0.000E+00,0.0000E+00,0.0000E+00,0.0000E+00,138.23E-06,0.0000E+00,-3.3978E-06,0.000E+00,0.000E+00,Error,Error,Error,NAN,80.131E-03,-99.430E-03,6.4289E-03,-5.9695E-03,Error,Error,NAN,NAN,NAN,NAN,NAN,NAN,NAN,NAN,NAN,NAN,NAN
  282,  2026/03/17,10:45:23,122.64E+00,123.34E+00,111.05E+00,109.56E-03,122.64E+00,9.7896E+00,9.6403E+00,8.6793E+00,36.624E-03,9.7895E+00,-1.1972E+03,1.2006E+03,-89.621E+00,-0.9972E+00,-175.72E+00,50.025E+00,NAN,172.92E+00,-172.91E+00,14.797E+00,-14.777E+00,1.410E+00,1.512E+00,NAN,NAN,NAN,NAN,NAN,NAN,NAN,NAN,NAN,0.000E+00,0.000E+00,0.000E+00,-10.973E-03,0.000E+00,0.0000E+00,0.0000E+00,0.0000E+00,131.51E-06,0.0000E+00,-3.4439E-06,0.000E+00,0.000E+00,Error,Error,Error,NAN,81.720E-03,-107.37E-03,6.4289E-03,-6.1728E-03,Error,Error,NAN,NAN,NAN,NAN,NAN,NAN,NAN,NAN,NAN,NAN,NAN
  283,  2026/03/17,10:45:24,123.36E+00,124.06E+00,111.69E+00,43.970E-03,123.36E+00,9.3385E+00,9.1893E+00,8.2733E+00,3.4354E-03,9.3385E+00,-1.1487E+03,1.1520E+03,-86.454E+00,-0.9972E+00,-175.70E+00,50.017E+00,NAN,173.11E+00,-173.13E+00,13.877E+00,-13.879E+00,1.404E+00,1.486E+00,NAN,NAN,NAN,NAN,NAN,NAN,NAN,NAN,NAN,0.000E+00,0.000E+00,0.000E+00,-10.846E-03,0.000E+00,0.0000E+00,0.0000E+00,0.0000E+00,183.52E-06,0.0000E+00,-5.1031E-06,0.000E+00,0.000E+00,Error,Error,Error,NAN,89.665E-03,-94.663E-03,7.2419E-03,-5.9695E-03,Error,Error,NAN,NAN,NAN,NAN,NAN,NAN,NAN,NAN,NAN,NAN,NAN
  284,  2026/03/17,10:45:24,123.33E+00,124.03E+00,111.67E+00,50.252E-03,123.33E+00,9.3575E+00,9.2084E+00,8.2905E+00,1.8589E-03,9.3575E+00,-1.1508E+03,1.1541E+03,-86.380E+00,-0.9972E+00,-175.71E+00,50.018E+00,NAN,173.27E+00,-173.23E+00,13.913E+00,-13.910E+00,1.405E+00,1.487E+00,NAN,NAN,NAN,NAN,NAN,NAN,NAN,NAN,NAN,0.000E+00,0.000E+00,0.000E+00,-10.689E-03,0.000E+00,0.0000E+00,0.0000E+00,0.0000E+00,179.03E-06,0.0000E+00,-4.3014E-06,0.000E+00,0.000E+00,Error,Error,Error,NAN,80.131E-03,-123.27E-03,6.2257E-03,-5.9695E-03,Error,Error,NAN,NAN,NAN,NAN,NAN,NAN,NAN,NAN,NAN,NAN,NAN
  285,  2026/03/17,10:45:24,123.43E+00,124.16E+00,111.78E+00,58.398E-03,123.43E+00,9.3222E+00,9.1748E+00,8.2602E+00,7.7269E-03,9.3222E+00,-1.1474E+03,1.1507E+03,-87.031E+00,-0.9971E+00,-175.66E+00,50.016E+00,NAN,173.59E+00,-173.39E+00,13.954E+00,-13.941E+00,1.406E+00,1.497E+00,NAN,NAN,NAN,NAN,NAN,NAN,NAN,NAN,NAN,0.000E+00,0.000E+00,0.000E+00,-11.327E-03,0.000E+00,0.0000E+00,0.0000E+00,0.0000E+00,149.80E-06,0.0000E+00,-3.6025E-06,0.000E+00,0.000E+00,Error,Error,Error,NAN,91.254E-03,-104.20E-03,6.1240E-03,-6.0711E-03,Error,Error,NAN,NAN,NAN,NAN,NAN,NAN,NAN,NAN,NAN,NAN,NAN
  286,  2026/03/17,10:45:24,123.43E+00,124.13E+00,111.75E+00,57.416E-03,123.43E+00,9.3193E+00,9.1698E+00,8.2557E+00,3.1293E-03,9.3193E+00,-1.1470E+03,1.1503E+03,-86.654E+00,-0.9972E+00,-175.68E+00,50.014E+00,NAN,173.49E+00,-173.32E+00,13.871E+00,-13.883E+00,1.406E+00,1.490E+00,NAN,NAN,NAN,NAN,NAN,NAN,NAN,NAN,NAN,0.000E+00,0.000E+00,0.000E+00,-11.315E-03,0.000E+00,0.0000E+00,0.0000E+00,0.0000E+00,178.06E-06,0.0000E+00,-3.2815E-06,0.000E+00,0.000E+00,Error,Error,Error,NAN,89.665E-03,-91.485E-03,6.3273E-03,-7.0874E-03,Error,Error,NAN,NAN,NAN,NAN,NAN,NAN,NAN,NAN,NAN,NAN,NAN
  287,  2026/03/17,10:45:24,123.46E+00,124.17E+00,111.80E+00,52.335E-03,123.46E+00,9.3711E+00,9.2230E+00,8.3036E+00,-57.259E-06,9.3711E+00,-1.1537E+03,1.1570E+03,-86.473E+00,-0.9972E+00,-175.71E+00,50.014E+00,NAN,173.27E+00,-173.32E+00,13.907E+00,-13.899E+00,1.404E+00,1.484E+00,NAN,NAN,NAN,NAN,NAN,NAN,NAN,NAN,NAN,0.000E+00,0.000E+00,0.000E+00,-10.991E-03,0.000E+00,0.0000E+00,0.0000E+00,0.0000E+00,155.25E-06,0.0000E+00,-4.0943E-06,0.000E+00,0.000E+00,Error,Error,Error,NAN,78.542E-03,-96.252E-03,7.1403E-03,-5.8679E-03,Error,Error,NAN,NAN,NAN,NAN,NAN,NAN,NAN,NAN,NAN,NAN,NAN
  288,  2026/03/17,10:45:25,123.45E+00,124.15E+00,111.77E+00,38.098E-03,123.45E+00,9.3233E+00,9.1728E+00,8.2584E+00,-2.9361E-03,9.3233E+00,-1.1477E+03,1.1510E+03,-87.121E+00,-0.9971E+00,-175.66E+00,50.005E+00,NAN,173.37E+00,-173.39E+00,13.912E+00,-13.905E+00,1.404E+00,1.492E+00,NAN,NAN,NAN,NAN,NAN,NAN,NAN,NAN,NAN,0.000E+00,0.000E+00,0.000E+00,-11.017E-03,0.000E+00,0.0000E+00,0.0000E+00,0.0000E+00,86.781E-06,0.0000E+00,-2.5242E-06,0.000E+00,0.000E+00,Error,Error,Error,NAN,81.720E-03,-99.430E-03,5.8192E-03,-6.6809E-03,Error,Error,NAN,NAN,NAN,NAN,NAN,NAN,NAN,NAN,NAN,NAN,NAN
  289,  2026/03/17,10:45:25,123.52E+00,124.21E+00,111.83E+00,34.925E-03,123.52E+00,9.2831E+00,9.1330E+00,8.2226E+00,3.4110E-03,9.2831E+00,-1.1433E+03,1.1466E+03,-86.963E+00,-0.9971E+00,-175.65E+00,50.015E+00,NAN,173.46E+00,-173.48E+00,13.810E+00,-13.809E+00,1.405E+00,1.488E+00,NAN,NAN,NAN,NAN,NAN,NAN,NAN,NAN,NAN,0.000E+00,0.000E+00,0.000E+00,-11.190E-03,0.000E+00,0.0000E+00,0.0000E+00,0.0000E+00,89.312E-06,0.0000E+00,-3.3874E-06,0.000E+00,0.000E+00,Error,Error,Error,NAN,105.56E-03,-99.430E-03,6.9371E-03,-6.1728E-03,Error,Error,NAN,NAN,NAN,NAN,NAN,NAN,NAN,NAN,NAN,NAN,NAN
  290,  2026/03/17,10:45:25,123.37E+00,124.06E+00,111.69E+00,33.697E-03,123.37E+00,9.2975E+00,9.1478E+00,8.2359E+00,1.9013E-03,9.2975E+00,-1.1437E+03,1.1470E+03,-86.559E+00,-0.9971E+00,-175.67E+00,50.012E+00,NAN,173.33E+00,-173.23E+00,13.815E+00,-13.815E+00,1.405E+00,1.486E+00,NAN,NAN,NAN,NAN,NAN,NAN,NAN,NAN,NAN,0.000E+00,0.000E+00,0.000E+00,-11.131E-03,0.000E+00,0.0000E+00,0.0000E+00,0.0000E+00,108.95E-06,0.0000E+00,-3.3117E-06,0.000E+00,0.000E+00,Error,Error,Error,NAN,76.953E-03,-97.841E-03,7.0387E-03,-5.5630E-03,Error,Error,NAN,NAN,NAN,NAN,NAN,NAN,NAN,NAN,NAN,NAN,NAN
  291,  2026/03/17,10:45:25,122.97E+00,123.66E+00,111.33E+00,47.216E-03,122.97E+00,9.4690E+00,9.3204E+00,8.3913E+00,2.9964E-03,9.4690E+00,-1.1613E+03,1.1644E+03,-85.452E+00,-0.9973E+00,-175.79E+00,50.010E+00,NAN,172.79E+00,-172.72E+00,14.074E+00,-14.073E+00,1.405E+00,1.486E+00,NAN,NAN,NAN,NAN,NAN,NAN,NAN,NAN,NAN,0.000E+00,0.000E+00,0.000E+00,-10.919E-03,0.000E+00,0.0000E+00,0.0000E+00,0.0000E+00,181.17E-06,0.0000E+00,-5.1662E-06,0.000E+00,0.000E+00,Error,Error,Error,NAN,83.309E-03,-101.02E-03,8.3598E-03,-5.5630E-03,Error,Error,NAN,NAN,NAN,NAN,NAN,NAN,NAN,NAN,NAN,NAN,NAN
  292,  2026/03/17,10:45:25,123.40E+00,124.11E+00,111.74E+00,52.341E-03,123.40E+00,9.3380E+00,9.1896E+00,8.2736E+00,6.8207E-03,9.3380E+00,-1.1491E+03,1.1523E+03,-86.642E+00,-0.9972E+00,-175.69E+00,50.011E+00,NAN,173.37E+00,-173.36E+00,13.882E+00,-13.874E+00,1.405E+00,1.487E+00,NAN,NAN,NAN,NAN,NAN,NAN,NAN,NAN,NAN,0.000E+00,0.000E+00,0.000E+00,-11.041E-03,0.000E+00,0.0000E+00,0.0000E+00,0.0000E+00,74.161E-06,0.0000E+00,-1.7686E-06,0.000E+00,0.000E+00,Error,Error,Error,NAN,69.007E-03,-108.96E-03,6.7338E-03,-6.2744E-03,Error,Error,NAN,NAN,NAN,NAN,NAN,NAN,NAN,NAN,NAN,NAN,NAN
  293,  2026/03/17,10:45:26,123.47E+00,124.17E+00,111.79E+00,39.582E-03,123.47E+00,9.2719E+00,9.1222E+00,8.2129E+00,2.6219E-03,9.2719E+00,-1.1415E+03,1.1448E+03,-86.856E+00,-0.9971E+00,-175.65E+00,50.007E+00,NAN,173.37E+00,-173.45E+00,13.775E+00,-13.775E+00,1.405E+00,1.486E+00,NAN,NAN,NAN,NAN,NAN,NAN,NAN,NAN,NAN,0.000E+00,0.000E+00,0.000E+00,-10.944E-03,0.000E+00,0.0000E+00,0.0000E+00,0.0000E+00,73.376E-06,0.0000E+00,-4.1043E-06,0.000E+00,0.000E+00,Error,Error,Error,NAN,96.021E-03,-105.79E-03,6.6322E-03,-6.0711E-03,Error,Error,NAN,NAN,NAN,NAN,NAN,NAN,NAN,NAN,NAN,NAN,NAN
  294,  2026/03/17,10:45:26,124.07E+00,124.75E+00,112.32E+00,54.007E-03,124.07E+00,8.9823E+00,8.8292E+00,7.9491E+00,7.7677E-03,8.9823E+00,-1.1109E+03,1.1144E+03,-88.745E+00,-0.9968E+00,-175.43E+00,50.004E+00,NAN,174.42E+00,-174.28E+00,13.440E+00,-13.443E+00,1.406E+00,1.497E+00,NAN,NAN,NAN,NAN,NAN,NAN,NAN,NAN,NAN,0.000E+00,0.000E+00,0.000E+00,-10.647E-03,0.000E+00,0.0000E+00,0.0000E+00,0.0000E+00,57.586E-06,0.0000E+00,-2.4460E-06,0.000E+00,0.000E+00,Error,Error,Error,NAN,72.185E-03,-97.841E-03,7.1403E-03,-5.4614E-03,Error,Error,NAN,NAN,NAN,NAN,NAN,NAN,NAN,NAN,NAN,NAN,NAN
  295,  2026/03/17,10:45:26,124.20E+00,124.89E+00,112.44E+00,56.791E-03,124.20E+00,8.9196E+00,8.7671E+00,7.8932E+00,3.6970E-03,8.9196E+00,-1.1042E+03,1.1078E+03,-88.770E+00,-0.9968E+00,-175.40E+00,50.007E+00,NAN,174.42E+00,-174.31E+00,13.288E+00,-13.276E+00,1.404E+00,1.490E+00,NAN,NAN,NAN,NAN,NAN,NAN,NAN,NAN,NAN,0.000E+00,0.000E+00,0.000E+00,-10.712E-03,0.000E+00,0.0000E+00,0.0000E+00,0.0000E+00,31.912E-06,0.0000E+00,-3.0764E-06,0.000E+00,0.000E+00,Error,Error,Error,NAN,80.131E-03,-97.841E-03,7.0387E-03,-6.6809E-03,Error,Error,NAN,NAN,NAN,NAN,NAN,NAN,NAN,NAN,NAN,NAN,NAN
  296,  2026/03/17,10:45:26,124.25E+00,124.93E+00,112.48E+00,43.512E-03,124.25E+00,8.8512E+00,8.6978E+00,7.8308E+00,3.6002E-03,8.8512E+00,-1.0961E+03,1.0997E+03,-88.919E+00,-0.9967E+00,-175.36E+00,50.003E+00,NAN,174.51E+00,-174.57E+00,13.188E+00,-13.192E+00,1.405E+00,1.490E+00,NAN,NAN,NAN,NAN,NAN,NAN,NAN,NAN,NAN,0.000E+00,0.000E+00,0.000E+00,-10.994E-03,0.000E+00,0.0000E+00,0.0000E+00,0.0000E+00,69.393E-06,0.0000E+00,-2.8414E-06,0.000E+00,0.000E+00,Error,Error,Error,NAN,86.487E-03,-108.96E-03,6.4289E-03,-6.3760E-03,Error,Error,NAN,NAN,NAN,NAN,NAN,NAN,NAN,NAN,NAN,NAN,NAN
  297,  2026/03/17,10:45:27,124.31E+00,124.99E+00,112.53E+00,32.971E-03,124.31E+00,8.8565E+00,8.7026E+00,7.8351E+00,448.61E-06,8.8565E+00,-1.0973E+03,1.1009E+03,-89.224E+00,-0.9967E+00,-175.35E+00,50.002E+00,NAN,174.67E+00,-174.57E+00,13.198E+00,-13.192E+00,1.405E+00,1.490E+00,NAN,NAN,NAN,NAN,NAN,NAN,NAN,NAN,NAN,0.000E+00,0.000E+00,0.000E+00,-10.954E-03,0.000E+00,0.0000E+00,0.0000E+00,0.0000E+00,79.187E-06,0.0000E+00,-3.4536E-06,0.000E+00,0.000E+00,Error,Error,Error,NAN,75.364E-03,-102.61E-03,6.4289E-03,-6.0711E-03,Error,Error,NAN,NAN,NAN,NAN,NAN,NAN,NAN,NAN,NAN,NAN,NAN
  298,  2026/03/17,10:45:27,124.14E+00,124.84E+00,112.39E+00,57.381E-03,124.14E+00,8.9431E+00,8.7916E+00,7.9152E+00,8.2350E-03,8.9431E+00,-1.1066E+03,1.1102E+03,-88.798E+00,-0.9968E+00,-175.41E+00,50.008E+00,NAN,174.54E+00,-174.53E+00,13.391E+00,-13.384E+00,1.406E+00,1.497E+00,NAN,NAN,NAN,NAN,NAN,NAN,NAN,NAN,NAN,0.000E+00,0.000E+00,0.000E+00,-10.853E-03,0.000E+00,0.0000E+00,0.0000E+00,0.0000E+00,117.50E-06,0.0000E+00,-4.4258E-06,0.000E+00,0.000E+00,Error,Error,Error,NAN,88.076E-03,-94.663E-03,6.2257E-03,-6.1728E-03,Error,Error,NAN,NAN,NAN,NAN,NAN,NAN,NAN,NAN,NAN,NAN,NAN
  299,  2026/03/17,10:45:27,123.72E+00,124.41E+00,112.01E+00,34.199E-03,123.72E+00,9.1149E+00,8.9643E+00,8.0707E+00,-5.4978E-03,9.1149E+00,-1.1242E+03,1.1277E+03,-89.046E+00,-0.9969E+00,-175.47E+00,50.004E+00,NAN,174.22E+00,-174.25E+00,13.710E+00,-13.769E+00,1.408E+00,1.511E+00,NAN,NAN,NAN,NAN,NAN,NAN,NAN,NAN,NAN,0.000E+00,0.000E+00,0.000E+00,-10.730E-03,0.000E+00,0.0000E+00,0.0000E+00,0.0000E+00,54.442E-06,0.0000E+00,-3.3724E-06,0.000E+00,0.000E+00,Error,Error,Error,NAN,67.418E-03,-110.55E-03,6.6322E-03,-6.8842E-03,Error,Error,NAN,NAN,NAN,NAN,NAN,NAN,NAN,NAN,NAN,NAN,NAN
  300,  2026/03/17,10:45:27,123.82E+00,124.52E+00,112.10E+00,39.776E-03,123.82E+00,9.0423E+00,8.8916E+00,8.0052E+00,-43.647E-06,9.0423E+00,-1.1162E+03,1.1196E+03,-87.781E+00,-0.9969E+00,-175.50E+00,50.005E+00,NAN,173.94E+00,-173.90E+00,13.446E+00,-13.450E+00,1.405E+00,1.488E+00,NAN,NAN,NAN,NAN,NAN,NAN,NAN,NAN,NAN,0.000E+00,0.000E+00,0.000E+00,-10.772E-03,0.000E+00,0.0000E+00,0.0000E+00,0.0000E+00,69.551E-06,0.0000E+00,-4.2705E-06,0.000E+00,0.000E+00,Error,Error,Error,NAN,89.665E-03,-94.663E-03,5.8192E-03,-5.9695E-03,Error,Error,NAN,NAN,NAN,NAN,NAN,NAN,NAN,NAN,NAN,NAN,NAN
  301,  2026/03/17,10:45:27,123.85E+00,124.55E+00,112.13E+00,43.807E-03,123.85E+00,9.0772E+00,8.9269E+00,8.0370E+00,252.00E-06,9.0772E+00,-1.1207E+03,1.1242E+03,-87.792E+00,-0.9969E+00,-175.52E+00,50.005E+00,NAN,173.94E+00,-173.87E+00,13.495E+00,-13.499E+00,1.404E+00,1.487E+00,NAN,NAN,NAN,NAN,NAN,NAN,NAN,NAN,NAN,0.000E+00,0.000E+00,0.000E+00,-10.973E-03,0.000E+00,0.0000E+00,0.0000E+00,0.0000E+00,63.994E-06,0.0000E+00,-3.0572E-06,0.000E+00,0.000E+00,Error,Error,Error,NAN,72.185E-03,-108.96E-03,6.2257E-03,-6.6809E-03,Error,Error,NAN,NAN,NAN,NAN,NAN,NAN,NAN,NAN,NAN,NAN,NAN
  302,  2026/03/17,10:45:28,123.82E+00,124.52E+00,112.11E+00,24.644E-03,123.82E+00,9.1190E+00,8.9690E+00,8.0749E+00,-6.6291E-03,9.1190E+00,-1.1256E+03,1.1291E+03,-88.141E+00,-0.9969E+00,-175.52E+00,50.008E+00,NAN,173.94E+00,-173.93E+00,13.680E+00,-13.671E+00,1.405E+00,1.500E+00,NAN,NAN,NAN,NAN,NAN,NAN,NAN,NAN,NAN,0.000E+00,0.000E+00,0.000E+00,-11.024E-03,0.000E+00,0.0000E+00,0.0000E+00,0.0000E+00,130.40E-06,0.0000E+00,-4.4660E-06,0.000E+00,0.000E+00,Error,Error,Error,NAN,83.309E-03,-105.79E-03,7.1403E-03,-6.2744E-03,Error,Error,NAN,NAN,NAN,NAN,NAN,NAN,NAN,NAN,NAN,NAN,NAN
  303,  2026/03/17,10:45:29,123.68E+00,124.40E+00,112.00E+00,36.917E-03,123.68E+00,9.2136E+00,9.0652E+00,8.1615E+00,226.88E-06,9.2136E+00,-1.1362E+03,1.1395E+03,-87.283E+00,-0.9971E+00,-175.61E+00,50.017E+00,NAN,173.72E+00,-173.64E+00,13.696E+00,-13.703E+00,1.405E+00,1.487E+00,NAN,NAN,NAN,NAN,NAN,NAN,NAN,NAN,NAN,0.000E+00,0.000E+00,0.000E+00,-10.672E-03,0.000E+00,0.0000E+00,0.0000E+00,0.0000E+00,104.32E-06,0.0000E+00,-3.1964E-06,0.000E+00,0.000E+00,Error,Error,Error,NAN,76.953E-03,-97.841E-03,6.2257E-03,-5.8679E-03,Error,Error,NAN,NAN,NAN,NAN,NAN,NAN,NAN,NAN,NAN,NAN,NAN
  304,  2026/03/17,10:45:29,123.69E+00,124.41E+00,112.01E+00,48.181E-03,123.69E+00,9.2111E+00,9.0625E+00,8.1592E+00,118.74E-06,9.2111E+00,-1.1360E+03,1.1393E+03,-87.278E+00,-0.9971E+00,-175.61E+00,50.019E+00,NAN,173.75E+00,-173.71E+00,13.706E+00,-13.713E+00,1.405E+00,1.489E+00,NAN,NAN,NAN,NAN,NAN,NAN,NAN,NAN,NAN,0.000E+00,0.000E+00,0.000E+00,-10.446E-03,0.000E+00,0.0000E+00,0.0000E+00,0.0000E+00,139.30E-06,0.0000E+00,-3.7426E-06,0.000E+00,0.000E+00,Error,Error,Error,NAN,86.487E-03,-101.02E-03,6.0224E-03,-5.7663E-03,Error,Error,NAN,NAN,NAN,NAN,NAN,NAN,NAN,NAN,NAN,NAN,NAN
  305,  2026/03/17,10:45:29,123.65E+00,124.36E+00,111.96E+00,45.290E-03,123.65E+00,9.2038E+00,9.0541E+00,8.1516E+00,2.6456E-03,9.2038E+00,-1.1347E+03,1.1381E+03,-87.181E+00,-0.9971E+00,-175.61E+00,50.016E+00,NAN,173.65E+00,-173.61E+00,13.693E+00,-13.701E+00,1.404E+00,1.489E+00,NAN,NAN,NAN,NAN,NAN,NAN,NAN,NAN,NAN,0.000E+00,0.000E+00,0.000E+00,-11.119E-03,0.000E+00,0.0000E+00,0.0000E+00,0.0000E+00,123.13E-06,0.0000E+00,-3.3497E-06,0.000E+00,0.000E+00,Error,Error,Error,NAN,80.131E-03,-99.430E-03,6.4289E-03,-6.2744E-03,Error,Error,NAN,NAN,NAN,NAN,NAN,NAN,NAN,NAN,NAN,NAN,NAN
  306,  2026/03/17,10:45:29,123.50E+00,124.20E+00,111.82E+00,51.596E-03,123.50E+00,9.1966E+00,9.0474E+00,8.1455E+00,2.8875E-03,9.1966E+00,-1.1325E+03,1.1358E+03,-86.956E+00,-0.9971E+00,-175.61E+00,50.015E+00,NAN,173.49E+00,-173.55E+00,13.697E+00,-13.695E+00,1.405E+00,1.489E+00,NAN,NAN,NAN,NAN,NAN,NAN,NAN,NAN,NAN,0.000E+00,0.000E+00,0.000E+00,-10.544E-03,0.000E+00,0.0000E+00,0.0000E+00,0.0000E+00,150.82E-06,0.0000E+00,-3.6529E-06,0.000E+00,0.000E+00,Error,Error,Error,NAN,76.953E-03,-96.252E-03,6.5306E-03,-6.7825E-03,Error,Error,NAN,NAN,NAN,NAN,NAN,NAN,NAN,NAN,NAN,NAN,NAN
  307,  2026/03/17,10:45:29,123.46E+00,124.17E+00,111.79E+00,47.304E-03,123.46E+00,9.2201E+00,9.0710E+00,8.1668E+00,3.3856E-03,9.2201E+00,-1.1350E+03,1.1383E+03,-86.811E+00,-0.9971E+00,-175.63E+00,50.017E+00,NAN,173.56E+00,-173.45E+00,13.705E+00,-13.710E+00,1.406E+00,1.487E+00,NAN,NAN,NAN,NAN,NAN,NAN,NAN,NAN,NAN,0.000E+00,0.000E+00,0.000E+00,-10.895E-03,0.000E+00,0.0000E+00,0.0000E+00,0.0000E+00,141.78E-06,0.0000E+00,-4.4166E-06,0.000E+00,0.000E+00,Error,Error,Error,NAN,89.665E-03,-107.37E-03,6.1240E-03,-6.2744E-03,Error,Error,NAN,NAN,NAN,NAN,NAN,NAN,NAN,NAN,NAN,NAN,NAN
  308,  2026/03/17,10:45:30,123.74E+00,124.43E+00,112.03E+00,43.858E-03,123.74E+00,9.0752E+00,8.9242E+00,8.0346E+00,2.2272E-03,9.0752E+00,-1.1196E+03,1.1230E+03,-87.520E+00,-0.9970E+00,-175.53E+00,50.021E+00,NAN,173.84E+00,-173.71E+00,13.493E+00,-13.497E+00,1.405E+00,1.487E+00,NAN,NAN,NAN,NAN,NAN,NAN,NAN,NAN,NAN,0.000E+00,0.000E+00,0.000E+00,-11.173E-03,0.000E+00,0.0000E+00,0.0000E+00,0.0000E+00,93.855E-06,0.0000E+00,-3.8181E-06,0.000E+00,0.000E+00,Error,Error,Error,NAN,81.720E-03,-104.20E-03,6.2257E-03,-6.1728E-03,Error,Error,NAN,NAN,NAN,NAN,NAN,NAN,NAN,NAN,NAN,NAN,NAN
  309,  2026/03/17,10:45:31,123.77E+00,124.46E+00,112.06E+00,50.623E-03,123.77E+00,9.0818E+00,8.9313E+00,8.0410E+00,1.6715E-03,9.0818E+00,-1.1206E+03,1.1241E+03,-87.516E+00,-0.9970E+00,-175.53E+00,50.018E+00,NAN,173.84E+00,-173.77E+00,13.496E+00,-13.481E+00,1.405E+00,1.486E+00,NAN,NAN,NAN,NAN,NAN,NAN,NAN,NAN,NAN,0.000E+00,0.000E+00,0.000E+00,-10.675E-03,0.000E+00,0.0000E+00,0.0000E+00,0.0000E+00,121.75E-06,0.0000E+00,-3.5719E-06,0.000E+00,0.000E+00,Error,Error,Error,NAN,80.131E-03,-96.252E-03,6.9371E-03,-6.1728E-03,Error,Error,NAN,NAN,NAN,NAN,NAN,NAN,NAN,NAN,NAN,NAN,NAN
  310,  2026/03/17,10:45:31,123.80E+00,124.50E+00,112.09E+00,43.568E-03,123.80E+00,9.0255E+00,8.8754E+00,7.9907E+00,1.8734E-03,9.0255E+00,-1.1139E+03,1.1173E+03,-87.656E+00,-0.9969E+00,-175.50E+00,50.012E+00,NAN,173.75E+00,-173.67E+00,13.417E+00,-13.417E+00,1.403E+00,1.487E+00,NAN,NAN,NAN,NAN,NAN,NAN,NAN,NAN,NAN,0.000E+00,0.000E+00,0.000E+00,-11.082E-03,0.000E+00,0.0000E+00,0.0000E+00,0.0000E+00,141.80E-06,0.0000E+00,-4.1157E-06,0.000E+00,0.000E+00,Error,Error,Error,NAN,72.185E-03,-104.20E-03,6.2257E-03,-6.2744E-03,Error,Error,NAN,NAN,NAN,NAN,NAN,NAN,NAN,NAN,NAN,NAN,NAN
  311,  2026/03/17,10:45:31,123.81E+00,124.49E+00,112.08E+00,36.835E-03,123.81E+00,9.0248E+00,8.8738E+00,7.9892E+00,2.4354E-03,9.0248E+00,-1.1139E+03,1.1173E+03,-87.587E+00,-0.9969E+00,-175.50E+00,50.016E+00,NAN,173.84E+00,-173.71E+00,13.412E+00,-13.407E+00,1.404E+00,1.486E+00,NAN,NAN,NAN,NAN,NAN,NAN,NAN,NAN,NAN,0.000E+00,0.000E+00,0.000E+00,-10.974E-03,0.000E+00,0.0000E+00,0.0000E+00,0.0000E+00,149.59E-06,0.0000E+00,-3.3857E-06,0.000E+00,0.000E+00,Error,Error,Error,NAN,86.487E-03,-102.61E-03,7.2419E-03,-6.6809E-03,Error,Error,NAN,NAN,NAN,NAN,NAN,NAN,NAN,NAN,NAN,NAN,NAN
  312,  2026/03/17,10:45:31,123.31E+00,124.00E+00,111.64E+00,40.221E-03,123.31E+00,9.2417E+00,9.0917E+00,8.1854E+00,-767.28E-06,9.2417E+00,-1.1363E+03,1.1396E+03,-86.768E+00,-0.9971E+00,-175.63E+00,50.008E+00,NAN,173.37E+00,-173.42E+00,13.805E+00,-13.817E+00,1.406E+00,1.495E+00,NAN,NAN,NAN,NAN,NAN,NAN,NAN,NAN,NAN,0.000E+00,0.000E+00,0.000E+00,-11.273E-03,0.000E+00,0.0000E+00,0.0000E+00,0.0000E+00,166.31E-06,0.0000E+00,-4.5740E-06,0.000E+00,0.000E+00,Error,Error,Error,NAN,72.185E-03,-96.252E-03,6.9371E-03,-6.7825E-03,Error,Error,NAN,NAN,NAN,NAN,NAN,NAN,NAN,NAN,NAN,NAN,NAN
  313,  2026/03/17,10:45:31,123.36E+00,124.04E+00,111.68E+00,42.638E-03,123.36E+00,9.2328E+00,9.0823E+00,8.1770E+00,2.0334E-03,9.2328E+00,-1.1357E+03,1.1389E+03,-86.485E+00,-0.9971E+00,-175.65E+00,50.007E+00,NAN,173.14E+00,-173.16E+00,13.700E+00,-13.692E+00,1.404E+00,1.484E+00,NAN,NAN,NAN,NAN,NAN,NAN,NAN,NAN,NAN,0.000E+00,0.000E+00,0.000E+00,-10.486E-03,0.000E+00,0.0000E+00,0.0000E+00,0.0000E+00,135.35E-06,0.0000E+00,-3.9914E-06,0.000E+00,0.000E+00,Error,Error,Error,NAN,83.309E-03,-96.252E-03,6.1240E-03,-8.1037E-03,Error,Error,NAN,NAN,NAN,NAN,NAN,NAN,NAN,NAN,NAN,NAN,NAN
  314,  2026/03/17,10:45:32,123.33E+00,124.02E+00,111.65E+00,32.159E-03,123.33E+00,9.2242E+00,9.0739E+00,8.1694E+00,1.0598E-03,9.2242E+00,-1.1343E+03,1.1376E+03,-86.572E+00,-0.9971E+00,-175.64E+00,50.009E+00,NAN,173.24E+00,-173.29E+00,13.707E+00,-13.692E+00,1.405E+00,1.486E+00,NAN,NAN,NAN,NAN,NAN,NAN,NAN,NAN,NAN,0.000E+00,0.000E+00,0.000E+00,-11.003E-03,0.000E+00,0.0000E+00,0.0000E+00,0.0000E+00,141.67E-06,0.0000E+00,-4.1738E-06,0.000E+00,0.000E+00,Error,Error,Error,NAN,89.665E-03,-102.61E-03,6.8354E-03,-6.2744E-03,Error,Error,NAN,NAN,NAN,NAN,NAN,NAN,NAN,NAN,NAN,NAN,NAN
  315,  2026/03/17,10:45:32,123.28E+00,123.96E+00,111.61E+00,41.933E-03,123.28E+00,9.2377E+00,9.0867E+00,8.1809E+00,514.71E-06,9.2377E+00,-1.1356E+03,1.1388E+03,-86.483E+00,-0.9971E+00,-175.64E+00,49.997E+00,NAN,173.24E+00,-173.13E+00,13.716E+00,-13.719E+00,1.405E+00,1.485E+00,NAN,NAN,NAN,NAN,NAN,NAN,NAN,NAN,NAN,0.000E+00,0.000E+00,0.000E+00,-10.869E-03,0.000E+00,0.0000E+00,0.0000E+00,0.0000E+00,99.897E-06,0.0000E+00,-2.5142E-06,0.000E+00,0.000E+00,Error,Error,Error,NAN,81.720E-03,-99.430E-03,6.9371E-03,-6.5793E-03,Error,Error,NAN,NAN,NAN,NAN,NAN,NAN,NAN,NAN,NAN,NAN,NAN
  316,  2026/03/17,10:45:32,123.68E+00,124.38E+00,111.98E+00,48.666E-03,123.68E+00,9.0872E+00,8.9372E+00,8.0463E+00,2.6354E-03,9.0872E+00,-1.1205E+03,1.1239E+03,-87.519E+00,-0.9970E+00,-175.53E+00,49.998E+00,NAN,173.84E+00,-173.67E+00,13.519E+00,-13.509E+00,1.406E+00,1.488E+00,NAN,NAN,NAN,NAN,NAN,NAN,NAN,NAN,NAN,0.000E+00,0.000E+00,0.000E+00,-11.184E-03,0.000E+00,0.0000E+00,0.0000E+00,0.0000E+00,74.055E-06,0.0000E+00,-2.8360E-06,0.000E+00,0.000E+00,Error,Error,Error,NAN,83.309E-03,-99.430E-03,6.8354E-03,-6.5793E-03,Error,Error,NAN,NAN,NAN,NAN,NAN,NAN,NAN,NAN,NAN,NAN,NAN
  317,  2026/03/17,10:45:32,123.90E+00,124.60E+00,112.18E+00,44.479E-03,123.90E+00,9.0242E+00,8.8734E+00,7.9888E+00,2.4456E-03,9.0242E+00,-1.1147E+03,1.1181E+03,-87.967E+00,-0.9969E+00,-175.49E+00,49.997E+00,NAN,174.00E+00,-173.87E+00,13.420E+00,-13.417E+00,1.404E+00,1.487E+00,NAN,NAN,NAN,NAN,NAN,NAN,NAN,NAN,NAN,0.000E+00,0.000E+00,0.000E+00,-10.770E-03,0.000E+00,0.0000E+00,0.0000E+00,0.0000E+00,144.62E-06,0.0000E+00,-3.9838E-06,0.000E+00,0.000E+00,Error,Error,Error,NAN,73.774E-03,-104.20E-03,6.6322E-03,-5.8679E-03,Error,Error,NAN,NAN,NAN,NAN,NAN,NAN,NAN,NAN,NAN,NAN,NAN
  318,  2026/03/17,10:45:32,123.94E+00,124.63E+00,112.21E+00,40.381E-03,123.94E+00,9.0179E+00,8.8668E+00,7.9829E+00,2.5127E-03,9.0179E+00,-1.1142E+03,1.1177E+03,-87.958E+00,-0.9969E+00,-175.49E+00,49.999E+00,NAN,174.19E+00,-173.99E+00,13.397E+00,-13.400E+00,1.405E+00,1.486E+00,NAN,NAN,NAN,NAN,NAN,NAN,NAN,NAN,NAN,0.000E+00,0.000E+00,0.000E+00,-11.340E-03,0.000E+00,0.0000E+00,0.0000E+00,0.0000E+00,67.002E-06,0.0000E+00,-3.0997E-06,0.000E+00,0.000E+00,Error,Error,Error,NAN,73.774E-03,-96.252E-03,7.3436E-03,-6.5793E-03,Error,Error,NAN,NAN,NAN,NAN,NAN,NAN,NAN,NAN,NAN,NAN,NAN
  319,  2026/03/17,10:45:33,123.76E+00,124.44E+00,112.04E+00,32.103E-03,123.76E+00,9.0940E+00,8.9421E+00,8.0507E+00,-2.1931E-03,9.0940E+00,-1.1221E+03,1.1255E+03,-87.961E+00,-0.9969E+00,-175.52E+00,49.996E+00,NAN,174.13E+00,-173.96E+00,13.595E+00,-13.599E+00,1.407E+00,1.495E+00,NAN,NAN,NAN,NAN,NAN,NAN,NAN,NAN,NAN,0.000E+00,0.000E+00,0.000E+00,-11.250E-03,0.000E+00,0.0000E+00,0.0000E+00,0.0000E+00,133.99E-06,0.0000E+00,-3.3703E-06,0.000E+00,0.000E+00,Error,Error,Error,NAN,76.953E-03,-97.841E-03,6.2257E-03,-6.0711E-03,Error,Error,NAN,NAN,NAN,NAN,NAN,NAN,NAN,NAN,NAN,NAN,NAN
  320,  2026/03/17,10:45:33,123.86E+00,124.55E+00,112.13E+00,36.377E-03,123.86E+00,9.0388E+00,8.8872E+00,8.0013E+00,1.8834E-03,9.0388E+00,-1.1161E+03,1.1195E+03,-87.833E+00,-0.9969E+00,-175.50E+00,49.998E+00,NAN,174.35E+00,-174.02E+00,13.451E+00,-13.448E+00,1.408E+00,1.488E+00,NAN,NAN,NAN,NAN,NAN,NAN,NAN,NAN,NAN,0.000E+00,0.000E+00,0.000E+00,-10.690E-03,0.000E+00,0.0000E+00,0.0000E+00,0.0000E+00,122.33E-06,0.0000E+00,-3.9308E-06,0.000E+00,0.000E+00,Error,Error,Error,NAN,76.953E-03,-105.79E-03,6.5306E-03,-6.3760E-03,Error,Error,NAN,NAN,NAN,NAN,NAN,NAN,NAN,NAN,NAN,NAN,NAN
  321,  2026/03/17,10:45:33,124.08E+00,124.77E+00,112.33E+00,41.110E-03,124.08E+00,8.9189E+00,8.7668E+00,7.8929E+00,1.5950E-03,8.9189E+00,-1.1031E+03,1.1067E+03,-88.556E+00,-0.9968E+00,-175.41E+00,49.997E+00,NAN,174.29E+00,-174.31E+00,13.280E+00,-13.277E+00,1.405E+00,1.489E+00,NAN,NAN,NAN,NAN,NAN,NAN,NAN,NAN,NAN,0.000E+00,0.000E+00,0.000E+00,-10.622E-03,0.000E+00,0.0000E+00,0.0000E+00,0.0000E+00,107.47E-06,0.0000E+00,-3.2756E-06,0.000E+00,0.000E+00,Error,Error,Error,NAN,76.953E-03,-99.430E-03,7.1403E-03,-6.1728E-03,Error,Error,NAN,NAN,NAN,NAN,NAN,NAN,NAN,NAN,NAN,NAN,NAN
  322,  2026/03/17,10:45:33,124.10E+00,124.78E+00,112.34E+00,39.831E-03,124.10E+00,8.9005E+00,8.7481E+00,7.8760E+00,949.40E-06,8.9005E+00,-1.1010E+03,1.1045E+03,-88.566E+00,-0.9968E+00,-175.40E+00,49.997E+00,NAN,174.35E+00,-174.47E+00,13.251E+00,-13.257E+00,1.406E+00,1.490E+00,NAN,NAN,NAN,NAN,NAN,NAN,NAN,NAN,NAN,0.000E+00,0.000E+00,0.000E+00,-11.033E-03,0.000E+00,0.0000E+00,0.0000E+00,0.0000E+00,80.611E-06,0.0000E+00,-3.8127E-06,0.000E+00,0.000E+00,Error,Error,Error,NAN,83.309E-03,-96.252E-03,6.1240E-03,-6.3760E-03,Error,Error,NAN,NAN,NAN,NAN,NAN,NAN,NAN,NAN,NAN,NAN,NAN
  323,  2026/03/17,10:45:34,124.13E+00,124.82E+00,112.37E+00,41.944E-03,124.13E+00,8.9017E+00,8.7496E+00,7.8774E+00,-1.0983E-03,8.9017E+00,-1.1014E+03,1.1049E+03,-88.668E+00,-0.9968E+00,-175.40E+00,49.995E+00,NAN,174.32E+00,-174.28E+00,13.264E+00,-13.263E+00,1.404E+00,1.490E+00,NAN,NAN,NAN,NAN,NAN,NAN,NAN,NAN,NAN,0.000E+00,0.000E+00,0.000E+00,-10.696E-03,0.000E+00,0.0000E+00,0.0000E+00,0.0000E+00,89.448E-06,0.0000E+00,-2.2910E-06,0.000E+00,0.000E+00,Error,Error,Error,NAN,78.542E-03,-112.14E-03,6.3273E-03,-5.7663E-03,Error,Error,NAN,NAN,NAN,NAN,NAN,NAN,NAN,NAN,NAN,NAN,NAN
  324,  2026/03/17,10:45:34,124.15E+00,124.84E+00,112.40E+00,44.792E-03,124.15E+00,8.8909E+00,8.7390E+00,7.8678E+00,825.80E-06,8.8909E+00,-1.1002E+03,1.1038E+03,-88.608E+00,-0.9968E+00,-175.40E+00,49.999E+00,NAN,174.29E+00,-174.22E+00,13.215E+00,-13.211E+00,1.404E+00,1.486E+00,NAN,NAN,NAN,NAN,NAN,NAN,NAN,NAN,NAN,0.000E+00,0.000E+00,0.000E+00,-10.682E-03,0.000E+00,0.0000E+00,0.0000E+00,0.0000E+00,77.127E-06,0.0000E+00,-2.6900E-06,0.000E+00,0.000E+00,Error,Error,Error,NAN,80.131E-03,-102.61E-03,6.7338E-03,-6.1728E-03,Error,Error,NAN,NAN,NAN,NAN,NAN,NAN,NAN,NAN,NAN,NAN,NAN
  325,  2026/03/17,10:45:34,124.22E+00,124.91E+00,112.46E+00,32.444E-03,124.22E+00,8.8862E+00,8.7337E+00,7.8631E+00,880.80E-06,8.8862E+00,-1.1003E+03,1.1039E+03,-88.712E+00,-0.9968E+00,-175.39E+00,49.999E+00,NAN,174.45E+00,-174.28E+00,13.211E+00,-13.206E+00,1.404E+00,1.487E+00,NAN,NAN,NAN,NAN,NAN,NAN,NAN,NAN,NAN,0.000E+00,0.000E+00,0.000E+00,-10.704E-03,0.000E+00,0.0000E+00,0.0000E+00,0.0000E+00,96.322E-06,0.0000E+00,-3.0100E-06,0.000E+00,0.000E+00,Error,Error,Error,NAN,80.131E-03,-102.61E-03,6.0224E-03,-5.9695E-03,Error,Error,NAN,NAN,NAN,NAN,NAN,NAN,NAN,NAN,NAN,NAN,NAN
  326,  2026/03/17,10:45:34,124.17E+00,124.86E+00,112.41E+00,36.590E-03,124.17E+00,8.8858E+00,8.7339E+00,7.8633E+00,1.0000E-03,8.8858E+00,-1.0998E+03,1.1033E+03,-88.636E+00,-0.9968E+00,-175.39E+00,49.999E+00,NAN,174.42E+00,-174.31E+00,13.217E+00,-13.223E+00,1.405E+00,1.488E+00,NAN,NAN,NAN,NAN,NAN,NAN,NAN,NAN,NAN,0.000E+00,0.000E+00,0.000E+00,-10.746E-03,0.000E+00,0.0000E+00,0.0000E+00,0.0000E+00,95.881E-06,0.0000E+00,-3.5503E-06,0.000E+00,0.000E+00,Error,Error,Error,NAN,80.131E-03,-108.96E-03,6.9371E-03,-6.5793E-03,Error,Error,NAN,NAN,NAN,NAN,NAN,NAN,NAN,NAN,NAN,NAN,NAN
  327,  2026/03/17,10:45:34,124.18E+00,124.87E+00,112.42E+00,47.125E-03,124.18E+00,8.8866E+00,8.7351E+00,7.8643E+00,708.38E-06,8.8866E+00,-1.0999E+03,1.1035E+03,-88.638E+00,-0.9968E+00,-175.39E+00,50.001E+00,NAN,174.38E+00,-174.28E+00,13.218E+00,-13.216E+00,1.404E+00,1.487E+00,NAN,NAN,NAN,NAN,NAN,NAN,NAN,NAN,NAN,0.000E+00,0.000E+00,0.000E+00,-10.910E-03,0.000E+00,0.0000E+00,0.0000E+00,0.0000E+00,115.60E-06,0.0000E+00,-3.2477E-06,0.000E+00,0.000E+00,Error,Error,Error,NAN,83.309E-03,-104.20E-03,6.5306E-03,-6.1728E-03,Error,Error,NAN,NAN,NAN,NAN,NAN,NAN,NAN,NAN,NAN,NAN,NAN
  328,  2026/03/17,10:45:35,123.85E+00,124.55E+00,112.14E+00,44.698E-03,123.85E+00,9.0452E+00,8.8945E+00,8.0078E+00,3.1911E-03,9.0452E+00,-1.1168E+03,1.1203E+03,-87.765E+00,-0.9969E+00,-175.51E+00,50.009E+00,NAN,174.16E+00,-173.99E+00,13.458E+00,-13.461E+00,1.406E+00,1.488E+00,NAN,NAN,NAN,NAN,NAN,NAN,NAN,NAN,NAN,0.000E+00,0.000E+00,0.000E+00,-10.543E-03,0.000E+00,0.0000E+00,0.0000E+00,0.0000E+00,86.837E-06,0.0000E+00,-3.3827E-06,0.000E+00,0.000E+00,Error,Error,Error,NAN,89.665E-03,-96.252E-03,6.2257E-03,-6.6809E-03,Error,Error,NAN,NAN,NAN,NAN,NAN,NAN,NAN,NAN,NAN,NAN,NAN
  329,  2026/03/17,10:45:35,123.81E+00,124.50E+00,112.09E+00,38.996E-03,123.81E+00,9.0498E+00,8.8991E+00,8.0120E+00,591.64E-06,9.0498E+00,-1.1170E+03,1.1204E+03,-87.640E+00,-0.9969E+00,-175.51E+00,50.012E+00,NAN,173.91E+00,-173.87E+00,13.457E+00,-13.462E+00,1.405E+00,1.487E+00,NAN,NAN,NAN,NAN,NAN,NAN,NAN,NAN,NAN,0.000E+00,0.000E+00,0.000E+00,-10.661E-03,0.000E+00,0.0000E+00,0.0000E+00,0.0000E+00,79.296E-06,0.0000E+00,-3.0981E-06,0.000E+00,0.000E+00,Error,Error,Error,NAN,84.898E-03,-115.32E-03,6.2257E-03,-6.0711E-03,Error,Error,NAN,NAN,NAN,NAN,NAN,NAN,NAN,NAN,NAN,NAN,NAN
  330,  2026/03/17,10:45:36,123.84E+00,124.53E+00,112.11E+00,43.868E-03,123.84E+00,9.0582E+00,8.9072E+00,8.0193E+00,1.5658E-03,9.0582E+00,-1.1183E+03,1.1217E+03,-87.665E+00,-0.9969E+00,-175.52E+00,50.011E+00,NAN,173.97E+00,-173.96E+00,13.473E+00,-13.474E+00,1.405E+00,1.487E+00,NAN,NAN,NAN,NAN,NAN,NAN,NAN,NAN,NAN,0.000E+00,0.000E+00,0.000E+00,-10.550E-03,0.000E+00,0.0000E+00,0.0000E+00,0.0000E+00,30.264E-06,0.0000E+00,-2.8646E-06,0.000E+00,0.000E+00,Error,Error,Error,NAN,76.953E-03,-102.61E-03,6.2257E-03,-5.7663E-03,Error,Error,NAN,NAN,NAN,NAN,NAN,NAN,NAN,NAN,NAN,NAN,NAN
  331,  2026/03/17,10:45:36,123.97E+00,124.67E+00,112.24E+00,41.608E-03,123.97E+00,9.0592E+00,8.9079E+00,8.0199E+00,1.5576E-03,9.0592E+00,-1.1197E+03,1.1231E+03,-87.911E+00,-0.9969E+00,-175.51E+00,50.014E+00,NAN,174.19E+00,-174.06E+00,13.467E+00,-13.487E+00,1.405E+00,1.489E+00,NAN,NAN,NAN,NAN,NAN,NAN,NAN,NAN,NAN,0.000E+00,0.000E+00,0.000E+00,-10.647E-03,0.000E+00,0.0000E+00,0.0000E+00,0.0000E+00,60.576E-06,0.0000E+00,-2.6196E-06,0.000E+00,0.000E+00,Error,Error,Error,NAN,89.665E-03,-104.20E-03,5.4127E-03,-6.8842E-03,Error,Error,NAN,NAN,NAN,NAN,NAN,NAN,NAN,NAN,NAN,NAN,NAN
  332,  2026/03/17,10:45:36,124.01E+00,124.71E+00,112.28E+00,43.100E-03,124.01E+00,9.0575E+00,8.9067E+00,8.0188E+00,2.9806E-03,9.0575E+00,-1.1198E+03,1.1233E+03,-87.957E+00,-0.9969E+00,-175.51E+00,50.011E+00,NAN,174.26E+00,-174.15E+00,13.475E+00,-13.465E+00,1.405E+00,1.488E+00,NAN,NAN,NAN,NAN,NAN,NAN,NAN,NAN,NAN,0.000E+00,0.000E+00,0.000E+00,-10.677E-03,0.000E+00,0.0000E+00,0.0000E+00,0.0000E+00,54.083E-06,0.0000E+00,-3.5501E-06,0.000E+00,0.000E+00,Error,Error,Error,NAN,83.309E-03,-96.252E-03,6.5306E-03,-6.4777E-03,Error,Error,NAN,NAN,NAN,NAN,NAN,NAN,NAN,NAN,NAN,NAN,NAN
  333,  2026/03/17,10:45:36,122.86E+00,123.56E+00,111.24E+00,-7.4185E-03,122.86E+00,9.5516E+00,9.4032E+00,8.4659E+00,-22.211E-03,9.5516E+00,-1.1701E+03,1.1735E+03,-88.817E+00,-0.9971E+00,-175.66E+00,50.001E+00,NAN,173.08E+00,-173.52E+00,14.395E+00,-14.347E+00,1.412E+00,1.507E+00,NAN,NAN,NAN,NAN,NAN,NAN,NAN,NAN,NAN,0.000E+00,0.000E+00,0.000E+00,-10.775E-03,0.000E+00,0.0000E+00,0.0000E+00,0.0000E+00,80.556E-06,0.0000E+00,-3.4795E-06,0.000E+00,0.000E+00,Error,Error,Error,NAN,84.898E-03,-101.02E-03,5.8192E-03,-6.1728E-03,Error,Error,NAN,NAN,NAN,NAN,NAN,NAN,NAN,NAN,NAN,NAN,NAN
  334,  2026/03/17,10:45:37,122.94E+00,123.63E+00,111.30E+00,32.704E-03,122.94E+00,9.4941E+00,9.3454E+00,8.4138E+00,-519.87E-06,9.4941E+00,-1.1641E+03,1.1672E+03,-85.251E+00,-0.9973E+00,-175.81E+00,50.014E+00,NAN,172.82E+00,-172.62E+00,14.092E+00,-14.087E+00,1.406E+00,1.484E+00,NAN,NAN,NAN,NAN,NAN,NAN,NAN,NAN,NAN,0.000E+00,0.000E+00,0.000E+00,-10.894E-03,0.000E+00,0.0000E+00,0.0000E+00,0.0000E+00,107.99E-06,0.0000E+00,-3.3850E-06,0.000E+00,0.000E+00,Error,Error,Error,NAN,78.542E-03,-89.896E-03,5.9208E-03,-6.1728E-03,Error,Error,NAN,NAN,NAN,NAN,NAN,NAN,NAN,NAN,NAN,NAN,NAN
  335,  2026/03/17,10:45:37,123.12E+00,123.79E+00,111.45E+00,34.255E-03,123.12E+00,9.4134E+00,9.2632E+00,8.3398E+00,1.6279E-03,9.4134E+00,-1.1558E+03,1.1589E+03,-85.766E+00,-0.9973E+00,-175.76E+00,50.013E+00,NAN,173.08E+00,-172.88E+00,13.970E+00,-13.984E+00,1.406E+00,1.485E+00,NAN,NAN,NAN,NAN,NAN,NAN,NAN,NAN,NAN,0.000E+00,0.000E+00,0.000E+00,-10.633E-03,0.000E+00,0.0000E+00,0.0000E+00,0.0000E+00,119.11E-06,0.0000E+00,-4.1839E-06,0.000E+00,0.000E+00,Error,Error,Error,NAN,83.309E-03,-99.430E-03,6.5306E-03,-6.2744E-03,Error,Error,NAN,NAN,NAN,NAN,NAN,NAN,NAN,NAN,NAN,NAN,NAN
  336,  2026/03/17,10:45:37,123.14E+00,123.82E+00,111.47E+00,34.937E-03,123.14E+00,9.4074E+00,9.2573E+00,8.3345E+00,1.0936E-03,9.4074E+00,-1.1552E+03,1.1584E+03,-85.750E+00,-0.9973E+00,-175.75E+00,50.017E+00,NAN,172.92E+00,-172.81E+00,13.950E+00,-13.945E+00,1.404E+00,1.483E+00,NAN,NAN,NAN,NAN,NAN,NAN,NAN,NAN,NAN,0.000E+00,0.000E+00,0.000E+00,-10.795E-03,0.000E+00,0.0000E+00,0.0000E+00,0.0000E+00,120.24E-06,0.0000E+00,-3.3845E-06,0.000E+00,0.000E+00,Error,Error,Error,NAN,80.131E-03,-104.20E-03,6.7338E-03,-5.8679E-03,Error,Error,NAN,NAN,NAN,NAN,NAN,NAN,NAN,NAN,NAN,NAN,NAN
  337,  2026/03/17,10:45:37,123.09E+00,123.77E+00,111.44E+00,37.526E-03,123.09E+00,9.4169E+00,9.2674E+00,8.3436E+00,2.4765E-03,9.4169E+00,-1.1560E+03,1.1592E+03,-85.616E+00,-0.9973E+00,-175.76E+00,50.017E+00,NAN,172.86E+00,-172.81E+00,13.971E+00,-13.976E+00,1.404E+00,1.484E+00,NAN,NAN,NAN,NAN,NAN,NAN,NAN,NAN,NAN,0.000E+00,0.000E+00,0.000E+00,-10.553E-03,0.000E+00,0.0000E+00,0.0000E+00,0.0000E+00,104.41E-06,0.0000E+00,-4.0108E-06,0.000E+00,0.000E+00,Error,Error,Error,NAN,89.665E-03,-105.79E-03,7.1403E-03,-6.3760E-03,Error,Error,NAN,NAN,NAN,NAN,NAN,NAN,NAN,NAN,NAN,NAN,NAN
  338,  2026/03/17,10:45:37,123.09E+00,123.77E+00,111.44E+00,38.754E-03,123.09E+00,9.4125E+00,9.2637E+00,8.3402E+00,2.1605E-03,9.4125E+00,-1.1554E+03,1.1586E+03,-85.568E+00,-0.9973E+00,-175.76E+00,50.012E+00,NAN,172.82E+00,-172.81E+00,13.950E+00,-13.950E+00,1.404E+00,1.482E+00,NAN,NAN,NAN,NAN,NAN,NAN,NAN,NAN,NAN,0.000E+00,0.000E+00,0.000E+00,-11.016E-03,0.000E+00,0.0000E+00,0.0000E+00,0.0000E+00,133.90E-06,0.0000E+00,-3.5634E-06,0.000E+00,0.000E+00,Error,Error,Error,NAN,72.185E-03,-108.96E-03,7.2419E-03,-6.2744E-03,Error,Error,NAN,NAN,NAN,NAN,NAN,NAN,NAN,NAN,NAN,NAN,NAN
  339,  2026/03/17,10:45:38,122.99E+00,123.66E+00,111.33E+00,36.105E-03,122.99E+00,9.3969E+00,9.2474E+00,8.3256E+00,-161.91E-06,9.3969E+00,-1.1526E+03,1.1557E+03,-85.501E+00,-0.9973E+00,-175.76E+00,50.015E+00,NAN,172.63E+00,-172.75E+00,13.945E+00,-13.942E+00,1.405E+00,1.484E+00,NAN,NAN,NAN,NAN,NAN,NAN,NAN,NAN,NAN,0.000E+00,0.000E+00,0.000E+00,-10.899E-03,0.000E+00,0.0000E+00,0.0000E+00,0.0000E+00,113.51E-06,0.0000E+00,-3.8354E-06,0.000E+00,0.000E+00,Error,Error,Error,NAN,86.487E-03,-105.79E-03,6.0224E-03,-5.6646E-03,Error,Error,NAN,NAN,NAN,NAN,NAN,NAN,NAN,NAN,NAN,NAN,NAN
  340,  2026/03/17,10:45:38,122.92E+00,123.58E+00,111.26E+00,30.528E-03,122.92E+00,9.4075E+00,9.2572E+00,8.3344E+00,678.06E-06,9.4075E+00,-1.1532E+03,1.1563E+03,-85.377E+00,-0.9973E+00,-175.77E+00,50.013E+00,NAN,172.51E+00,-172.50E+00,13.962E+00,-13.951E+00,1.403E+00,1.484E+00,NAN,NAN,NAN,NAN,NAN,NAN,NAN,NAN,NAN,0.000E+00,0.000E+00,0.000E+00,-10.526E-03,0.000E+00,0.0000E+00,0.0000E+00,0.0000E+00,93.472E-06,0.0000E+00,-3.1487E-06,0.000E+00,0.000E+00,Error,Error,Error,NAN,76.953E-03,-108.96E-03,5.6159E-03,-6.1728E-03,Error,Error,NAN,NAN,NAN,NAN,NAN,NAN,NAN,NAN,NAN,NAN,NAN
  341,  2026/03/17,10:45:38,122.80E+00,123.47E+00,111.16E+00,48.041E-03,122.80E+00,9.4048E+00,9.2562E+00,8.3335E+00,629.48E-06,9.4048E+00,-1.1517E+03,1.1549E+03,-85.150E+00,-0.9973E+00,-175.77E+00,50.016E+00,NAN,172.44E+00,-172.50E+00,13.956E+00,-13.953E+00,1.405E+00,1.484E+00,NAN,NAN,NAN,NAN,NAN,NAN,NAN,NAN,NAN,0.000E+00,0.000E+00,0.000E+00,-11.137E-03,0.000E+00,0.0000E+00,0.0000E+00,0.0000E+00,100.50E-06,0.0000E+00,-3.6593E-06,0.000E+00,0.000E+00,Error,Error,Error,NAN,84.898E-03,-101.02E-03,7.1403E-03,-6.5793E-03,Error,Error,NAN,NAN,NAN,NAN,NAN,NAN,NAN,NAN,NAN,NAN,NAN
  342,  2026/03/17,10:45:38,123.59E+00,124.27E+00,111.88E+00,-12.342E-03,123.59E+00,9.0629E+00,8.9100E+00,8.0218E+00,-24.404E-03,9.0628E+00,-1.1164E+03,1.1200E+03,-90.459E+00,-0.9967E+00,-175.37E+00,50.029E+00,NAN,173.78E+00,-173.77E+00,13.921E+00,-13.871E+00,1.406E+00,1.536E+00,NAN,NAN,NAN,NAN,NAN,NAN,NAN,NAN,NAN,0.000E+00,0.000E+00,0.000E+00,-11.010E-03,0.000E+00,0.0000E+00,0.0000E+00,0.0000E+00,138.48E-06,0.0000E+00,-4.7342E-06,0.000E+00,0.000E+00,Error,Error,Error,NAN,73.774E-03,-108.96E-03,6.8354E-03,-7.9004E-03,Error,Error,NAN,NAN,NAN,NAN,NAN,NAN,NAN,NAN,NAN,NAN,NAN
  343,  2026/03/17,10:45:39,123.83E+00,124.50E+00,112.09E+00,40.863E-03,123.83E+00,9.0211E+00,8.8697E+00,7.9856E+00,-465.69E-06,9.0211E+00,-1.1136E+03,1.1170E+03,-87.773E+00,-0.9969E+00,-175.49E+00,50.016E+00,NAN,173.87E+00,-173.83E+00,13.411E+00,-13.409E+00,1.404E+00,1.487E+00,NAN,NAN,NAN,NAN,NAN,NAN,NAN,NAN,NAN,0.000E+00,0.000E+00,0.000E+00,-10.668E-03,0.000E+00,0.0000E+00,0.0000E+00,0.0000E+00,186.15E-06,0.0000E+00,-4.8576E-06,0.000E+00,0.000E+00,Error,Error,Error,NAN,75.364E-03,-99.430E-03,6.1240E-03,-5.9695E-03,Error,Error,NAN,NAN,NAN,NAN,NAN,NAN,NAN,NAN,NAN,NAN,NAN
  344,  2026/03/17,10:45:39,123.95E+00,124.64E+00,112.22E+00,39.433E-03,123.95E+00,8.9781E+00,8.8278E+00,7.9478E+00,1.9382E-03,8.9781E+00,-1.1093E+03,1.1128E+03,-88.006E+00,-0.9969E+00,-175.46E+00,50.010E+00,NAN,174.07E+00,-173.99E+00,13.358E+00,-13.342E+00,1.404E+00,1.488E+00,NAN,NAN,NAN,NAN,NAN,NAN,NAN,NAN,NAN,0.000E+00,0.000E+00,0.000E+00,-10.404E-03,0.000E+00,0.0000E+00,0.0000E+00,0.0000E+00,160.65E-06,0.0000E+00,-3.9287E-06,0.000E+00,0.000E+00,Error,Error,Error,NAN,75.364E-03,-105.79E-03,5.6159E-03,-5.4614E-03,Error,Error,NAN,NAN,NAN,NAN,NAN,NAN,NAN,NAN,NAN,NAN,NAN
  345,  2026/03/17,10:45:40,122.80E+00,123.46E+00,111.15E+00,60.088E-03,122.80E+00,9.5062E+00,9.3555E+00,8.4229E+00,9.8070E-03,9.5062E+00,-1.1640E+03,1.1673E+03,-87.964E+00,-0.9972E+00,-175.68E+00,49.999E+00,NAN,172.98E+00,-172.94E+00,14.334E+00,-14.316E+00,1.409E+00,1.508E+00,NAN,NAN,NAN,NAN,NAN,NAN,NAN,NAN,NAN,0.000E+00,0.000E+00,0.000E+00,-10.565E-03,0.000E+00,0.0000E+00,0.0000E+00,0.0000E+00,98.152E-06,0.0000E+00,-3.1935E-06,0.000E+00,0.000E+00,Error,Error,Error,NAN,75.364E-03,-96.252E-03,5.7175E-03,-5.9695E-03,Error,Error,NAN,NAN,NAN,NAN,NAN,NAN,NAN,NAN,NAN,NAN,NAN
  346,  2026/03/17,10:45:40,123.10E+00,123.77E+00,111.43E+00,28.587E-03,123.10E+00,9.3463E+00,9.1957E+00,8.2791E+00,328.86E-06,9.3463E+00,-1.1473E+03,1.1505E+03,-85.854E+00,-0.9972E+00,-175.72E+00,50.015E+00,NAN,172.79E+00,-172.72E+00,13.906E+00,-13.859E+00,1.404E+00,1.488E+00,NAN,NAN,NAN,NAN,NAN,NAN,NAN,NAN,NAN,0.000E+00,0.000E+00,0.000E+00,-10.706E-03,0.000E+00,0.0000E+00,0.0000E+00,0.0000E+00,112.50E-06,0.0000E+00,-3.1702E-06,0.000E+00,0.000E+00,Error,Error,Error,NAN,78.542E-03,-105.79E-03,6.1240E-03,-5.5630E-03,Error,Error,NAN,NAN,NAN,NAN,NAN,NAN,NAN,NAN,NAN,NAN,NAN
  347,  2026/03/17,10:45:40,123.33E+00,124.01E+00,111.65E+00,24.306E-03,123.33E+00,9.2600E+00,9.1095E+00,8.2014E+00,-7.0030E-03,9.2600E+00,-1.1387E+03,1.1420E+03,-86.614E+00,-0.9971E+00,-175.65E+00,50.011E+00,NAN,173.27E+00,-173.16E+00,13.921E+00,-13.866E+00,1.405E+00,1.503E+00,NAN,NAN,NAN,NAN,NAN,NAN,NAN,NAN,NAN,0.000E+00,0.000E+00,0.000E+00,-11.051E-03,0.000E+00,0.0000E+00,0.0000E+00,0.0000E+00,95.793E-06,0.0000E+00,-3.2489E-06,0.000E+00,0.000E+00,Error,Error,Error,NAN,89.665E-03,-102.61E-03,6.5306E-03,-7.4939E-03,Error,Error,NAN,NAN,NAN,NAN,NAN,NAN,NAN,NAN,NAN,NAN,NAN
  348,  2026/03/17,10:45:40,123.32E+00,124.01E+00,111.65E+00,37.546E-03,123.32E+00,9.2264E+00,9.0772E+00,8.1723E+00,3.3445E-03,9.2264E+00,-1.1345E+03,1.1378E+03,-86.569E+00,-0.9971E+00,-175.64E+00,50.013E+00,NAN,173.27E+00,-173.10E+00,13.711E+00,-13.707E+00,1.405E+00,1.486E+00,NAN,NAN,NAN,NAN,NAN,NAN,NAN,NAN,NAN,0.000E+00,0.000E+00,0.000E+00,-10.567E-03,0.000E+00,0.0000E+00,0.0000E+00,0.0000E+00,86.379E-06,0.0000E+00,-3.7448E-06,0.000E+00,0.000E+00,Error,Error,Error,NAN,78.542E-03,-96.252E-03,7.3436E-03,-6.6809E-03,Error,Error,NAN,NAN,NAN,NAN,NAN,NAN,NAN,NAN,NAN,NAN,NAN
  349,  2026/03/17,10:45:40,123.42E+00,124.12E+00,111.75E+00,27.141E-03,123.42E+00,9.2188E+00,9.0696E+00,8.1655E+00,-1.4152E-03,9.2188E+00,-1.1345E+03,1.1378E+03,-86.686E+00,-0.9971E+00,-175.63E+00,50.010E+00,NAN,173.33E+00,-173.32E+00,13.688E+00,-13.698E+00,1.404E+00,1.486E+00,NAN,NAN,NAN,NAN,NAN,NAN,NAN,NAN,NAN,0.000E+00,0.000E+00,0.000E+00,-10.708E-03,0.000E+00,0.0000E+00,0.0000E+00,0.0000E+00,124.65E-06,0.0000E+00,-3.7435E-06,0.000E+00,0.000E+00,Error,Error,Error,NAN,80.131E-03,-99.430E-03,6.4289E-03,-5.9695E-03,Error,Error,NAN,NAN,NAN,NAN,NAN,NAN,NAN,NAN,NAN,NAN,NAN
  350,  2026/03/17,10:45:41,123.36E+00,124.05E+00,111.69E+00,35.103E-03,123.36E+00,9.2481E+00,9.0983E+00,8.1913E+00,315.19E-06,9.2481E+00,-1.1376E+03,1.1409E+03,-86.466E+00,-0.9971E+00,-175.65E+00,50.007E+00,NAN,173.21E+00,-173.16E+00,13.736E+00,-13.746E+00,1.404E+00,1.486E+00,NAN,NAN,NAN,NAN,NAN,NAN,NAN,NAN,NAN,0.000E+00,0.000E+00,0.000E+00,-10.693E-03,0.000E+00,0.0000E+00,0.0000E+00,0.0000E+00,99.118E-06,0.0000E+00,-2.4356E-06,0.000E+00,0.000E+00,Error,Error,Error,NAN,75.364E-03,-99.430E-03,6.4289E-03,-6.8842E-03,Error,Error,NAN,NAN,NAN,NAN,NAN,NAN,NAN,NAN,NAN,NAN,NAN
  351,  2026/03/17,10:45:41,123.35E+00,124.04E+00,111.68E+00,29.810E-03,123.35E+00,9.2163E+00,9.0673E+00,8.1634E+00,-795.18E-06,9.2163E+00,-1.1335E+03,1.1368E+03,-86.503E+00,-0.9971E+00,-175.64E+00,50.011E+00,NAN,173.21E+00,-173.20E+00,13.690E+00,-13.692E+00,1.404E+00,1.486E+00,NAN,NAN,NAN,NAN,NAN,NAN,NAN,NAN,NAN,0.000E+00,0.000E+00,0.000E+00,-10.380E-03,0.000E+00,0.0000E+00,0.0000E+00,0.0000E+00,77.528E-06,0.0000E+00,-3.1302E-06,0.000E+00,0.000E+00,Error,Error,Error,NAN,84.898E-03,-93.074E-03,6.0224E-03,-7.7988E-03,Error,Error,NAN,NAN,NAN,NAN,NAN,NAN,NAN,NAN,NAN,NAN,NAN
  352,  2026/03/17,10:45:41,123.32E+00,124.01E+00,111.65E+00,33.041E-03,123.32E+00,9.2535E+00,9.1045E+00,8.1969E+00,-871.02E-06,9.2535E+00,-1.1379E+03,1.1411E+03,-86.354E+00,-0.9971E+00,-175.66E+00,50.015E+00,NAN,173.27E+00,-173.23E+00,13.752E+00,-13.761E+00,1.405E+00,1.487E+00,NAN,NAN,NAN,NAN,NAN,NAN,NAN,NAN,NAN,0.000E+00,0.000E+00,0.000E+00,-10.701E-03,0.000E+00,0.0000E+00,0.0000E+00,0.0000E+00,33.155E-06,0.0000E+00,-3.2916E-06,0.000E+00,0.000E+00,Error,Error,Error,NAN,76.953E-03,-120.09E-03,6.0224E-03,-6.0711E-03,Error,Error,NAN,NAN,NAN,NAN,NAN,NAN,NAN,NAN,NAN,NAN,NAN
  353,  2026/03/17,10:45:42,122.98E+00,123.66E+00,111.33E+00,41.006E-03,122.98E+00,9.3915E+00,9.2419E+00,8.3206E+00,5.5269E-03,9.3915E+00,-1.1518E+03,1.1550E+03,-85.615E+00,-0.9972E+00,-175.75E+00,50.012E+00,NAN,172.70E+00,-172.59E+00,13.942E+00,-13.942E+00,1.404E+00,1.485E+00,NAN,NAN,NAN,NAN,NAN,NAN,NAN,NAN,NAN,0.000E+00,0.000E+00,0.000E+00,-10.780E-03,0.000E+00,0.0000E+00,0.0000E+00,0.0000E+00,40.891E-06,0.0000E+00,-3.2714E-06,0.000E+00,0.000E+00,Error,Error,Error,NAN,84.898E-03,-115.32E-03,5.8192E-03,-6.6809E-03,Error,Error,NAN,NAN,NAN,NAN,NAN,NAN,NAN,NAN,NAN,NAN,NAN
  354,  2026/03/17,10:45:42,123.05E+00,123.74E+00,111.40E+00,27.530E-03,123.05E+00,9.4084E+00,9.2590E+00,8.3360E+00,-2.4388E-03,9.4084E+00,-1.1546E+03,1.1577E+03,-85.490E+00,-0.9973E+00,-175.77E+00,50.022E+00,NAN,172.82E+00,-172.75E+00,13.958E+00,-13.951E+00,1.404E+00,1.484E+00,NAN,NAN,NAN,NAN,NAN,NAN,NAN,NAN,NAN,0.000E+00,0.000E+00,0.000E+00,-10.857E-03,0.000E+00,0.0000E+00,0.0000E+00,0.0000E+00,32.928E-06,0.0000E+00,-2.6091E-06,0.000E+00,0.000E+00,Error,Error,Error,NAN,81.720E-03,-108.96E-03,6.2257E-03,-6.0711E-03,Error,Error,NAN,NAN,NAN,NAN,NAN,NAN,NAN,NAN,NAN,NAN,NAN
  355,  2026/03/17,10:45:42,122.92E+00,123.60E+00,111.28E+00,38.363E-03,122.92E+00,9.4546E+00,9.3058E+00,8.3782E+00,2.9788E-03,9.4546E+00,-1.1590E+03,1.1621E+03,-85.256E+00,-0.9973E+00,-175.79E+00,50.017E+00,NAN,172.57E+00,-172.50E+00,14.029E+00,-14.024E+00,1.404E+00,1.484E+00,NAN,NAN,NAN,NAN,NAN,NAN,NAN,NAN,NAN,0.000E+00,0.000E+00,0.000E+00,-10.621E-03,0.000E+00,0.0000E+00,0.0000E+00,0.0000E+00,62.117E-06,0.0000E+00,-3.6600E-06,0.000E+00,0.000E+00,Error,Error,Error,NAN,84.898E-03,-99.430E-03,6.1240E-03,-5.9695E-03,Error,Error,NAN,NAN,NAN,NAN,NAN,NAN,NAN,NAN,NAN,NAN,NAN
  356,  2026/03/17,10:45:43,123.04E+00,123.71E+00,111.38E+00,36.964E-03,123.04E+00,9.3870E+00,9.2366E+00,8.3159E+00,-952.85E-06,9.3870E+00,-1.1518E+03,1.1549E+03,-85.580E+00,-0.9973E+00,-175.75E+00,50.021E+00,NAN,172.82E+00,-172.66E+00,13.918E+00,-13.907E+00,1.405E+00,1.483E+00,NAN,NAN,NAN,NAN,NAN,NAN,NAN,NAN,NAN,0.000E+00,0.000E+00,0.000E+00,-10.869E-03,0.000E+00,0.0000E+00,0.0000E+00,0.0000E+00,106.38E-06,0.0000E+00,-3.3796E-06,0.000E+00,0.000E+00,Error,Error,Error,NAN,78.542E-03,-105.79E-03,7.7501E-03,-5.6646E-03,Error,Error,NAN,NAN,NAN,NAN,NAN,NAN,NAN,NAN,NAN,NAN,NAN
  357,  2026/03/17,10:45:43,122.95E+00,123.64E+00,111.31E+00,43.553E-03,122.95E+00,9.3958E+00,9.2475E+00,8.3257E+00,7.5730E-03,9.3958E+00,-1.1520E+03,1.1552E+03,-85.860E+00,-0.9972E+00,-175.74E+00,50.017E+00,NAN,172.76E+00,-172.69E+00,14.013E+00,-13.992E+00,1.405E+00,1.491E+00,NAN,NAN,NAN,NAN,NAN,NAN,NAN,NAN,NAN,0.000E+00,0.000E+00,0.000E+00,-10.738E-03,0.000E+00,0.0000E+00,0.0000E+00,0.0000E+00,88.897E-06,0.0000E+00,-3.3771E-06,0.000E+00,0.000E+00,Error,Error,Error,NAN,75.364E-03,-97.841E-03,6.4289E-03,-6.2744E-03,Error,Error,NAN,NAN,NAN,NAN,NAN,NAN,NAN,NAN,NAN,NAN,NAN
  358,  2026/03/17,10:45:43,122.85E+00,123.53E+00,111.21E+00,39.635E-03,122.85E+00,9.3992E+00,9.2498E+00,8.3278E+00,2.6186E-03,9.3992E+00,-1.1515E+03,1.1547E+03,-85.405E+00,-0.9973E+00,-175.76E+00,50.019E+00,NAN,172.54E+00,-172.46E+00,13.958E+00,-13.955E+00,1.404E+00,1.485E+00,NAN,NAN,NAN,NAN,NAN,NAN,NAN,NAN,NAN,0.000E+00,0.000E+00,0.000E+00,-11.114E-03,0.000E+00,0.0000E+00,0.0000E+00,0.0000E+00,107.79E-06,0.0000E+00,-4.3111E-06,0.000E+00,0.000E+00,Error,Error,Error,NAN,75.364E-03,-104.20E-03,7.2419E-03,-6.6809E-03,Error,Error,NAN,NAN,NAN,NAN,NAN,NAN,NAN,NAN,NAN,NAN,NAN
  359,  2026/03/17,10:45:43,122.84E+00,123.51E+00,111.20E+00,33.188E-03,122.84E+00,9.4229E+00,9.2731E+00,8.3487E+00,2.4536E-03,9.4229E+00,-1.1544E+03,1.1575E+03,-85.349E+00,-0.9973E+00,-175.77E+00,50.017E+00,NAN,172.54E+00,-172.53E+00,13.989E+00,-13.986E+00,1.405E+00,1.485E+00,NAN,NAN,NAN,NAN,NAN,NAN,NAN,NAN,NAN,0.000E+00,0.000E+00,0.000E+00,-10.688E-03,0.000E+00,0.0000E+00,0.0000E+00,0.0000E+00,139.32E-06,0.0000E+00,-4.2416E-06,0.000E+00,0.000E+00,Error,Error,Error,NAN,76.953E-03,-99.430E-03,6.9371E-03,-5.7663E-03,Error,Error,NAN,NAN,NAN,NAN,NAN,NAN,NAN,NAN,NAN,NAN,NAN
  360,  2026/03/17,10:45:44,123.04E+00,123.73E+00,111.40E+00,9.6776E-03,123.04E+00,9.3689E+00,9.2195E+00,8.3005E+00,-9.2941E-03,9.3689E+00,-1.1496E+03,1.1528E+03,-85.962E+00,-0.9972E+00,-175.72E+00,50.015E+00,NAN,173.01E+00,-172.94E+00,14.036E+00,-13.999E+00,1.406E+00,1.498E+00,NAN,NAN,NAN,NAN,NAN,NAN,NAN,NAN,NAN,0.000E+00,0.000E+00,0.000E+00,-10.491E-03,0.000E+00,0.0000E+00,0.0000E+00,0.0000E+00,94.874E-06,0.0000E+00,-3.6097E-06,0.000E+00,0.000E+00,Error,Error,Error,NAN,81.720E-03,-99.430E-03,6.6322E-03,-6.0711E-03,Error,Error,NAN,NAN,NAN,NAN,NAN,NAN,NAN,NAN,NAN,NAN,NAN
  361,  2026/03/17,10:45:44,123.54E+00,124.22E+00,111.83E+00,15.707E-03,123.54E+00,9.1808E+00,9.0289E+00,8.1289E+00,-8.9160E-03,9.1808E+00,-1.1308E+03,1.1342E+03,-87.272E+00,-0.9970E+00,-175.59E+00,50.018E+00,NAN,173.72E+00,-173.58E+00,13.738E+00,-13.721E+00,1.406E+00,1.496E+00,NAN,NAN,NAN,NAN,NAN,NAN,NAN,NAN,NAN,0.000E+00,0.000E+00,0.000E+00,-10.669E-03,0.000E+00,0.0000E+00,0.0000E+00,0.0000E+00,94.377E-06,0.0000E+00,-3.7638E-06,0.000E+00,0.000E+00,Error,Error,Error,NAN,76.953E-03,-91.485E-03,6.5306E-03,-6.2744E-03,Error,Error,NAN,NAN,NAN,NAN,NAN,NAN,NAN,NAN,NAN,NAN,NAN
  362,  2026/03/17,10:45:44,123.64E+00,124.31E+00,111.92E+00,45.079E-03,123.64E+00,9.0884E+00,8.9363E+00,8.0455E+00,2.0739E-03,9.0884E+00,-1.1203E+03,1.1237E+03,-87.469E+00,-0.9970E+00,-175.54E+00,50.010E+00,NAN,173.78E+00,-173.83E+00,13.530E+00,-13.526E+00,1.406E+00,1.489E+00,NAN,NAN,NAN,NAN,NAN,NAN,NAN,NAN,NAN,0.000E+00,0.000E+00,0.000E+00,-11.009E-03,0.000E+00,0.0000E+00,0.0000E+00,0.0000E+00,90.902E-06,0.0000E+00,-3.4086E-06,0.000E+00,0.000E+00,Error,Error,Error,NAN,92.843E-03,-108.96E-03,6.3273E-03,-5.8679E-03,Error,Error,NAN,NAN,NAN,NAN,NAN,NAN,NAN,NAN,NAN,NAN,NAN
  363,  2026/03/17,10:45:44,123.56E+00,124.24E+00,111.86E+00,38.863E-03,123.56E+00,9.0732E+00,8.9220E+00,8.0326E+00,4.3492E-03,9.0732E+00,-1.1177E+03,1.1211E+03,-87.306E+00,-0.9970E+00,-175.53E+00,50.012E+00,NAN,173.52E+00,-173.61E+00,13.513E+00,-13.521E+00,1.405E+00,1.490E+00,NAN,NAN,NAN,NAN,NAN,NAN,NAN,NAN,NAN,0.000E+00,0.000E+00,0.000E+00,-10.648E-03,0.000E+00,0.0000E+00,0.0000E+00,0.0000E+00,114.10E-06,0.0000E+00,-3.9997E-06,0.000E+00,0.000E+00,Error,Error,Error,NAN,91.254E-03,-101.02E-03,6.5306E-03,-6.1728E-03,Error,Error,NAN,NAN,NAN,NAN,NAN,NAN,NAN,NAN,NAN,NAN,NAN
  364,  2026/03/17,10:45:44,123.54E+00,124.22E+00,111.84E+00,31.237E-03,123.54E+00,9.0812E+00,8.9291E+00,8.0390E+00,669.89E-06,9.0812E+00,-1.1185E+03,1.1219E+03,-87.869E+00,-0.9969E+00,-175.51E+00,50.006E+00,NAN,173.52E+00,-173.55E+00,13.726E+00,-13.571E+00,1.405E+00,1.511E+00,NAN,NAN,NAN,NAN,NAN,NAN,NAN,NAN,NAN,0.000E+00,0.000E+00,0.000E+00,-10.571E-03,0.000E+00,0.0000E+00,0.0000E+00,0.0000E+00,102.41E-06,0.0000E+00,-3.1582E-06,0.000E+00,0.000E+00,Error,Error,Error,NAN,89.665E-03,-105.79E-03,6.4289E-03,-5.9695E-03,Error,Error,NAN,NAN,NAN,NAN,NAN,NAN,NAN,NAN,NAN,NAN,NAN
  365,  2026/03/17,10:45:45,123.53E+00,124.21E+00,111.83E+00,38.875E-03,123.53E+00,9.1057E+00,8.9542E+00,8.0616E+00,3.1774E-03,9.1057E+00,-1.1214E+03,1.1248E+03,-87.266E+00,-0.9970E+00,-175.55E+00,50.011E+00,NAN,173.52E+00,-173.48E+00,13.563E+00,-13.558E+00,1.405E+00,1.489E+00,NAN,NAN,NAN,NAN,NAN,NAN,NAN,NAN,NAN,0.000E+00,0.000E+00,0.000E+00,-11.251E-03,0.000E+00,0.0000E+00,0.0000E+00,0.0000E+00,102.08E-06,0.0000E+00,-3.4654E-06,0.000E+00,0.000E+00,Error,Error,Error,NAN,81.720E-03,-107.37E-03,6.1240E-03,-5.7663E-03,Error,Error,NAN,NAN,NAN,NAN,NAN,NAN,NAN,NAN,NAN,NAN,NAN
  366,  2026/03/17,10:45:45,123.61E+00,124.30E+00,111.91E+00,39.360E-03,123.61E+00,9.0662E+00,8.9156E+00,8.0268E+00,110.42E-06,9.0662E+00,-1.1173E+03,1.1207E+03,-87.369E+00,-0.9970E+00,-175.53E+00,50.006E+00,NAN,173.52E+00,-173.48E+00,13.515E+00,-13.484E+00,1.404E+00,1.491E+00,NAN,NAN,NAN,NAN,NAN,NAN,NAN,NAN,NAN,0.000E+00,0.000E+00,0.000E+00,-10.751E-03,0.000E+00,0.0000E+00,0.0000E+00,0.0000E+00,115.17E-06,0.0000E+00,-3.9510E-06,0.000E+00,0.000E+00,Error,Error,Error,NAN,73.774E-03,-102.61E-03,6.4289E-03,-6.7825E-03,Error,Error,NAN,NAN,NAN,NAN,NAN,NAN,NAN,NAN,NAN,NAN,NAN
  367,  2026/03/17,10:45:45,123.47E+00,124.16E+00,111.78E+00,47.168E-03,123.47E+00,9.1644E+00,9.0139E+00,8.1154E+00,5.7114E-03,9.1644E+00,-1.1281E+03,1.1315E+03,-87.611E+00,-0.9970E+00,-175.56E+00,50.007E+00,NAN,173.52E+00,-173.52E+00,13.722E+00,-13.709E+00,1.405E+00,1.497E+00,NAN,NAN,NAN,NAN,NAN,NAN,NAN,NAN,NAN,0.000E+00,0.000E+00,0.000E+00,-10.774E-03,0.000E+00,0.0000E+00,0.0000E+00,0.0000E+00,128.93E-06,0.0000E+00,-4.2737E-06,0.000E+00,0.000E+00,Error,Error,Error,NAN,96.021E-03,-99.430E-03,6.0224E-03,-5.6646E-03,Error,Error,NAN,NAN,NAN,NAN,NAN,NAN,NAN,NAN,NAN,NAN,NAN
  368,  2026/03/17,10:45:45,123.45E+00,124.14E+00,111.77E+00,34.191E-03,123.45E+00,9.1678E+00,9.0178E+00,8.1188E+00,1.7438E-03,9.1678E+00,-1.1284E+03,1.1317E+03,-86.952E+00,-0.9970E+00,-175.59E+00,50.011E+00,NAN,173.40E+00,-173.39E+00,13.649E+00,-13.631E+00,1.405E+00,1.489E+00,NAN,NAN,NAN,NAN,NAN,NAN,NAN,NAN,NAN,0.000E+00,0.000E+00,0.000E+00,-10.963E-03,0.000E+00,0.0000E+00,0.0000E+00,0.0000E+00,138.72E-06,0.0000E+00,-4.0261E-06,0.000E+00,0.000E+00,Error,Error,Error,NAN,76.953E-03,-101.02E-03,6.6322E-03,-6.1728E-03,Error,Error,NAN,NAN,NAN,NAN,NAN,NAN,NAN,NAN,NAN,NAN,NAN
  369,  2026/03/17,10:45:45,123.08E+00,123.76E+00,111.42E+00,32.726E-03,123.08E+00,9.3247E+00,9.1744E+00,8.2599E+00,-1.8815E-03,9.3247E+00,-1.1444E+03,1.1476E+03,-85.742E+00,-0.9972E+00,-175.72E+00,50.007E+00,NAN,172.79E+00,-172.85E+00,13.889E+00,-13.863E+00,1.404E+00,1.489E+00,NAN,NAN,NAN,NAN,NAN,NAN,NAN,NAN,NAN,0.000E+00,0.000E+00,0.000E+00,-10.583E-03,0.000E+00,0.0000E+00,0.0000E+00,0.0000E+00,115.98E-06,0.0000E+00,-2.7548E-06,0.000E+00,0.000E+00,Error,Error,Error,NAN,80.131E-03,-101.02E-03,6.9371E-03,-7.0874E-03,Error,Error,NAN,NAN,NAN,NAN,NAN,NAN,NAN,NAN,NAN,NAN,NAN
  370,  2026/03/17,10:45:46,123.05E+00,123.73E+00,111.40E+00,43.463E-03,123.05E+00,9.3293E+00,9.1792E+00,8.2642E+00,4.8758E-03,9.3293E+00,-1.1448E+03,1.1480E+03,-85.924E+00,-0.9972E+00,-175.71E+00,50.011E+00,NAN,172.86E+00,-172.81E+00,13.878E+00,-13.884E+00,1.405E+00,1.488E+00,NAN,NAN,NAN,NAN,NAN,NAN,NAN,NAN,NAN,0.000E+00,0.000E+00,0.000E+00,-11.049E-03,0.000E+00,0.0000E+00,0.0000E+00,0.0000E+00,58.205E-06,0.0000E+00,-3.5398E-06,0.000E+00,0.000E+00,Error,Error,Error,NAN,80.131E-03,-102.61E-03,5.6159E-03,-6.6809E-03,Error,Error,NAN,NAN,NAN,NAN,NAN,NAN,NAN,NAN,NAN,NAN,NAN
  371,  2026/03/17,10:45:46,123.18E+00,123.86E+00,111.51E+00,39.757E-03,123.18E+00,9.2438E+00,9.0939E+00,8.1874E+00,2.0880E-03,9.2438E+00,-1.1353E+03,1.1386E+03,-86.342E+00,-0.9971E+00,-175.65E+00,50.003E+00,NAN,173.14E+00,-173.01E+00,13.725E+00,-13.724E+00,1.406E+00,1.485E+00,NAN,NAN,NAN,NAN,NAN,NAN,NAN,NAN,NAN,0.000E+00,0.000E+00,0.000E+00,-10.680E-03,0.000E+00,0.0000E+00,0.0000E+00,0.0000E+00,95.287E-06,0.0000E+00,-2.7055E-06,0.000E+00,0.000E+00,Error,Error,Error,NAN,83.309E-03,-99.430E-03,5.9208E-03,-6.3760E-03,Error,Error,NAN,NAN,NAN,NAN,NAN,NAN,NAN,NAN,NAN,NAN,NAN
  372,  2026/03/17,10:45:46,123.23E+00,123.91E+00,111.56E+00,41.239E-03,123.23E+00,9.2341E+00,9.0840E+00,8.1785E+00,664.64E-06,9.2341E+00,-1.1346E+03,1.1379E+03,-86.418E+00,-0.9971E+00,-175.64E+00,50.005E+00,NAN,173.05E+00,-173.07E+00,13.719E+00,-13.703E+00,1.404E+00,1.486E+00,NAN,NAN,NAN,NAN,NAN,NAN,NAN,NAN,NAN,0.000E+00,0.000E+00,0.000E+00,-10.450E-03,0.000E+00,0.0000E+00,0.0000E+00,0.0000E+00,118.62E-06,0.0000E+00,-3.4089E-06,0.000E+00,0.000E+00,Error,Error,Error,NAN,91.254E-03,-102.61E-03,5.4127E-03,-5.9695E-03,Error,Error,NAN,NAN,NAN,NAN,NAN,NAN,NAN,NAN,NAN,NAN,NAN
  373,  2026/03/17,10:45:46,123.32E+00,124.00E+00,111.64E+00,38.197E-03,123.32E+00,9.2348E+00,9.0834E+00,8.1779E+00,-1.1658E-03,9.2348E+00,-1.1355E+03,1.1388E+03,-86.977E+00,-0.9971E+00,-175.62E+00,49.996E+00,NAN,173.30E+00,-173.20E+00,13.973E+00,-13.780E+00,1.405E+00,1.513E+00,NAN,NAN,NAN,NAN,NAN,NAN,NAN,NAN,NAN,0.000E+00,0.000E+00,0.000E+00,-11.015E-03,0.000E+00,0.0000E+00,0.0000E+00,0.0000E+00,105.56E-06,0.0000E+00,-3.6012E-06,0.000E+00,0.000E+00,Error,Error,Error,NAN,73.774E-03,-104.20E-03,6.0224E-03,-5.8679E-03,Error,Error,NAN,NAN,NAN,NAN,NAN,NAN,NAN,NAN,NAN,NAN,NAN
  374,  2026/03/17,10:45:46,123.34E+00,124.02E+00,111.66E+00,42.210E-03,123.34E+00,9.2511E+00,9.1009E+00,8.1937E+00,2.3347E-03,9.2511E+00,-1.1377E+03,1.1410E+03,-86.683E+00,-0.9971E+00,-175.64E+00,50.001E+00,NAN,173.24E+00,-173.16E+00,13.772E+00,-13.767E+00,1.405E+00,1.489E+00,NAN,NAN,NAN,NAN,NAN,NAN,NAN,NAN,NAN,0.000E+00,0.000E+00,0.000E+00,-10.961E-03,0.000E+00,0.0000E+00,0.0000E+00,0.0000E+00,134.16E-06,0.0000E+00,-4.0933E-06,0.000E+00,0.000E+00,Error,Error,Error,NAN,78.542E-03,-102.61E-03,5.9208E-03,-6.7825E-03,Error,Error,NAN,NAN,NAN,NAN,NAN,NAN,NAN,NAN,NAN,NAN,NAN
  375,  2026/03/17,10:45:47,123.42E+00,124.11E+00,111.74E+00,45.608E-03,123.42E+00,9.2376E+00,9.0873E+00,8.1815E+00,878.80E-06,9.2376E+00,-1.1368E+03,1.1401E+03,-86.771E+00,-0.9971E+00,-175.64E+00,50.007E+00,NAN,173.30E+00,-173.26E+00,13.719E+00,-13.726E+00,1.404E+00,1.486E+00,NAN,NAN,NAN,NAN,NAN,NAN,NAN,NAN,NAN,0.000E+00,0.000E+00,0.000E+00,-10.770E-03,0.000E+00,0.0000E+00,0.0000E+00,0.0000E+00,130.75E-06,0.0000E+00,-3.6642E-06,0.000E+00,0.000E+00,Error,Error,Error,NAN,84.898E-03,-97.841E-03,6.0224E-03,-5.8679E-03,Error,Error,NAN,NAN,NAN,NAN,NAN,NAN,NAN,NAN,NAN,NAN,NAN
  376,  2026/03/17,10:45:47,123.14E+00,123.82E+00,111.48E+00,46.034E-03,123.14E+00,9.3302E+00,9.1800E+00,8.2649E+00,6.8707E-03,9.3302E+00,-1.1456E+03,1.1489E+03,-86.357E+00,-0.9972E+00,-175.69E+00,50.001E+00,NAN,173.05E+00,-172.97E+00,13.899E+00,-13.894E+00,1.405E+00,1.490E+00,NAN,NAN,NAN,NAN,NAN,NAN,NAN,NAN,NAN,0.000E+00,0.000E+00,0.000E+00,-11.148E-03,0.000E+00,0.0000E+00,0.0000E+00,0.0000E+00,99.651E-06,0.0000E+00,-3.2755E-06,0.000E+00,0.000E+00,Error,Error,Error,NAN,78.542E-03,-101.02E-03,7.3436E-03,-5.6646E-03,Error,Error,NAN,NAN,NAN,NAN,NAN,NAN,NAN,NAN,NAN,NAN,NAN
  377,  2026/03/17,10:45:47,123.05E+00,123.74E+00,111.41E+00,40.803E-03,123.05E+00,9.4133E+00,9.2639E+00,8.3404E+00,3.2200E-03,9.4133E+00,-1.1552E+03,1.1583E+03,-85.745E+00,-0.9973E+00,-175.75E+00,50.000E+00,NAN,172.82E+00,-172.72E+00,13.997E+00,-14.035E+00,1.404E+00,1.491E+00,NAN,NAN,NAN,NAN,NAN,NAN,NAN,NAN,NAN,0.000E+00,0.000E+00,0.000E+00,-10.878E-03,0.000E+00,0.0000E+00,0.0000E+00,0.0000E+00,70.360E-06,0.0000E+00,-2.8597E-06,0.000E+00,0.000E+00,Error,Error,Error,NAN,83.309E-03,-104.20E-03,6.7338E-03,-6.6809E-03,Error,Error,NAN,NAN,NAN,NAN,NAN,NAN,NAN,NAN,NAN,NAN,NAN
  378,  2026/03/17,10:45:48,123.28E+00,123.96E+00,111.60E+00,34.507E-03,123.28E+00,9.2429E+00,9.0930E+00,8.1866E+00,1.1168E-03,9.2429E+00,-1.1362E+03,1.1394E+03,-86.360E+00,-0.9971E+00,-175.65E+00,50.004E+00,NAN,173.08E+00,-173.04E+00,13.723E+00,-13.731E+00,1.404E+00,1.486E+00,NAN,NAN,NAN,NAN,NAN,NAN,NAN,NAN,NAN,0.000E+00,0.000E+00,0.000E+00,-10.978E-03,0.000E+00,0.0000E+00,0.0000E+00,0.0000E+00,124.67E-06,0.0000E+00,-3.3610E-06,0.000E+00,0.000E+00,Error,Error,Error,NAN,78.542E-03,-99.430E-03,6.1240E-03,-6.5793E-03,Error,Error,NAN,NAN,NAN,NAN,NAN,NAN,NAN,NAN,NAN,NAN,NAN
  379,  2026/03/17,10:45:48,123.35E+00,124.03E+00,111.67E+00,35.147E-03,123.35E+00,9.2440E+00,9.0934E+00,8.1870E+00,416.16E-06,9.2440E+00,-1.1370E+03,1.1403E+03,-86.557E+00,-0.9971E+00,-175.65E+00,50.010E+00,NAN,173.17E+00,-173.10E+00,13.733E+00,-13.745E+00,1.404E+00,1.487E+00,NAN,NAN,NAN,NAN,NAN,NAN,NAN,NAN,NAN,0.000E+00,0.000E+00,0.000E+00,-11.116E-03,0.000E+00,0.0000E+00,0.0000E+00,0.0000E+00,98.299E-06,0.0000E+00,-3.0459E-06,0.000E+00,0.000E+00,Error,Error,Error,NAN,80.131E-03,-107.37E-03,7.6484E-03,-6.0711E-03,Error,Error,NAN,NAN,NAN,NAN,NAN,NAN,NAN,NAN,NAN,NAN,NAN
  380,  2026/03/17,10:45:48,123.42E+00,124.10E+00,111.73E+00,21.563E-03,123.42E+00,9.2520E+00,9.1012E+00,8.1939E+00,-2.9862E-03,9.2520E+00,-1.1385E+03,1.1418E+03,-86.682E+00,-0.9971E+00,-175.65E+00,50.005E+00,NAN,173.46E+00,-173.39E+00,13.781E+00,-13.787E+00,1.405E+00,1.490E+00,NAN,NAN,NAN,NAN,NAN,NAN,NAN,NAN,NAN,0.000E+00,0.000E+00,0.000E+00,-11.304E-03,0.000E+00,0.0000E+00,0.0000E+00,0.0000E+00,128.59E-06,0.0000E+00,-3.7672E-06,0.000E+00,0.000E+00,Error,Error,Error,NAN,70.596E-03,-96.252E-03,6.7338E-03,-6.2744E-03,Error,Error,NAN,NAN,NAN,NAN,NAN,NAN,NAN,NAN,NAN,NAN,NAN
  381,  2026/03/17,10:45:49,123.38E+00,124.06E+00,111.69E+00,34.537E-03,123.38E+00,9.2497E+00,9.0994E+00,8.1923E+00,1.5295E-03,9.2497E+00,-1.1379E+03,1.1412E+03,-86.593E+00,-0.9971E+00,-175.65E+00,50.003E+00,NAN,173.37E+00,-173.32E+00,13.737E+00,-13.741E+00,1.405E+00,1.486E+00,NAN,NAN,NAN,NAN,NAN,NAN,NAN,NAN,NAN,0.000E+00,0.000E+00,0.000E+00,-11.015E-03,0.000E+00,0.0000E+00,0.0000E+00,0.0000E+00,89.408E-06,0.0000E+00,-2.9641E-06,0.000E+00,0.000E+00,Error,Error,Error,NAN,76.953E-03,-105.79E-03,7.0387E-03,-6.0711E-03,Error,Error,NAN,NAN,NAN,NAN,NAN,NAN,NAN,NAN,NAN,NAN,NAN
  382,  2026/03/17,10:45:49,123.34E+00,124.02E+00,111.66E+00,24.200E-03,123.34E+00,9.2584E+00,9.1076E+00,8.1997E+00,-1.8653E-03,9.2584E+00,-1.1387E+03,1.1420E+03,-86.495E+00,-0.9971E+00,-175.66E+00,50.001E+00,NAN,173.43E+00,-173.39E+00,13.778E+00,-13.774E+00,1.406E+00,1.488E+00,NAN,NAN,NAN,NAN,NAN,NAN,NAN,NAN,NAN,0.000E+00,0.000E+00,0.000E+00,-11.205E-03,0.000E+00,0.0000E+00,0.0000E+00,0.0000E+00,77.447E-06,0.0000E+00,-4.0870E-06,0.000E+00,0.000E+00,Error,Error,Error,NAN,81.720E-03,-99.430E-03,7.5468E-03,-5.7663E-03,Error,Error,NAN,NAN,NAN,NAN,NAN,NAN,NAN,NAN,NAN,NAN,NAN
  383,  2026/03/17,10:45:50,123.24E+00,123.92E+00,111.57E+00,29.954E-03,123.24E+00,9.2310E+00,9.0811E+00,8.1759E+00,-2.7472E-03,9.2310E+00,-1.1343E+03,1.1376E+03,-86.429E+00,-0.9971E+00,-175.64E+00,50.004E+00,NAN,173.14E+00,-173.16E+00,13.730E+00,-13.737E+00,1.405E+00,1.488E+00,NAN,NAN,NAN,NAN,NAN,NAN,NAN,NAN,NAN,0.000E+00,0.000E+00,0.000E+00,-11.496E-03,0.000E+00,0.0000E+00,0.0000E+00,0.0000E+00,77.341E-06,0.0000E+00,-3.9973E-06,0.000E+00,0.000E+00,Error,Error,Error,NAN,81.720E-03,-97.841E-03,6.9371E-03,-6.8842E-03,Error,Error,NAN,NAN,NAN,NAN,NAN,NAN,NAN,NAN,NAN,NAN,NAN
  384,  2026/03/17,10:45:50,123.50E+00,124.20E+00,111.82E+00,29.754E-03,123.50E+00,9.1566E+00,9.0062E+00,8.1084E+00,-1.6090E-03,9.1566E+00,-1.1275E+03,1.1309E+03,-87.034E+00,-0.9970E+00,-175.59E+00,50.001E+00,NAN,173.46E+00,-173.48E+00,13.608E+00,-13.620E+00,1.405E+00,1.487E+00,NAN,NAN,NAN,NAN,NAN,NAN,NAN,NAN,NAN,0.000E+00,0.000E+00,0.000E+00,-10.984E-03,0.000E+00,0.0000E+00,0.0000E+00,0.0000E+00,98.228E-06,0.0000E+00,-4.5060E-06,0.000E+00,0.000E+00,Error,Error,Error,NAN,89.665E-03,-101.02E-03,6.0224E-03,-6.1728E-03,Error,Error,NAN,NAN,NAN,NAN,NAN,NAN,NAN,NAN,NAN,NAN,NAN
  385,  2026/03/17,10:45:50,123.49E+00,124.18E+00,111.80E+00,25.167E-03,123.49E+00,9.1562E+00,9.0056E+00,8.1079E+00,291.86E-06,9.1562E+00,-1.1273E+03,1.1307E+03,-86.988E+00,-0.9970E+00,-175.59E+00,50.000E+00,NAN,173.52E+00,-173.52E+00,13.597E+00,-13.603E+00,1.405E+00,1.486E+00,NAN,NAN,NAN,NAN,NAN,NAN,NAN,NAN,NAN,0.000E+00,0.000E+00,0.000E+00,-10.816E-03,0.000E+00,0.0000E+00,0.0000E+00,0.0000E+00,85.750E-06,0.0000E+00,-2.8342E-06,0.000E+00,0.000E+00,Error,Error,Error,NAN,73.774E-03,-108.96E-03,6.1240E-03,-5.7663E-03,Error,Error,NAN,NAN,NAN,NAN,NAN,NAN,NAN,NAN,NAN,NAN,NAN
  386,  2026/03/17,10:45:50,123.64E+00,124.34E+00,111.94E+00,31.506E-03,123.64E+00,9.1390E+00,8.9889E+00,8.0929E+00,-345.62E-06,9.1390E+00,-1.1265E+03,1.1299E+03,-87.232E+00,-0.9970E+00,-175.57E+00,50.000E+00,NAN,173.62E+00,-173.58E+00,13.580E+00,-13.575E+00,1.404E+00,1.486E+00,NAN,NAN,NAN,NAN,NAN,NAN,NAN,NAN,NAN,0.000E+00,0.000E+00,0.000E+00,-10.564E-03,0.000E+00,0.0000E+00,0.0000E+00,0.0000E+00,121.92E-06,0.0000E+00,-3.3147E-06,0.000E+00,0.000E+00,Error,Error,Error,NAN,92.843E-03,-113.73E-03,6.8354E-03,-6.4777E-03,Error,Error,NAN,NAN,NAN,NAN,NAN,NAN,NAN,NAN,NAN,NAN,NAN
  387,  2026/03/17,10:45:51,123.37E+00,124.08E+00,111.71E+00,-24.946E-03,123.37E+00,9.2813E+00,9.1307E+00,8.2205E+00,-28.178E-03,9.2812E+00,-1.1414E+03,1.1450E+03,-90.290E+00,-0.9969E+00,-175.48E+00,50.017E+00,NAN,173.72E+00,-173.74E+00,14.123E+00,-14.167E+00,1.408E+00,1.526E+00,NAN,NAN,NAN,NAN,NAN,NAN,NAN,NAN,NAN,0.000E+00,0.000E+00,0.000E+00,-10.965E-03,0.000E+00,0.0000E+00,0.0000E+00,0.0000E+00,50.217E-06,0.0000E+00,-1.9099E-06,0.000E+00,0.000E+00,Error,Error,Error,NAN,73.774E-03,-102.61E-03,6.1240E-03,-6.5793E-03,Error,Error,NAN,NAN,NAN,NAN,NAN,NAN,NAN,NAN,NAN,NAN,NAN
  388,  2026/03/17,10:45:51,123.63E+00,124.34E+00,111.94E+00,29.264E-03,123.63E+00,9.1231E+00,8.9741E+00,8.0795E+00,-972.00E-06,9.1231E+00,-1.1245E+03,1.1278E+03,-87.267E+00,-0.9970E+00,-175.56E+00,50.007E+00,NAN,173.75E+00,-173.58E+00,13.572E+00,-13.574E+00,1.405E+00,1.488E+00,NAN,NAN,NAN,NAN,NAN,NAN,NAN,NAN,NAN,0.000E+00,0.000E+00,0.000E+00,-11.060E-03,0.000E+00,0.0000E+00,0.0000E+00,0.0000E+00,86.898E-06,0.0000E+00,-2.3632E-06,0.000E+00,0.000E+00,Error,Error,Error,NAN,89.665E-03,-102.61E-03,6.1240E-03,-8.8151E-03,Error,Error,NAN,NAN,NAN,NAN,NAN,NAN,NAN,NAN,NAN,NAN,NAN
  389,  2026/03/17,10:45:51,123.35E+00,124.05E+00,111.69E+00,2.9630E-03,123.35E+00,9.2544E+00,9.1036E+00,8.1962E+00,-11.950E-03,9.2544E+00,-1.1381E+03,1.1416E+03,-89.285E+00,-0.9969E+00,-175.51E+00,50.013E+00,NAN,173.68E+00,-173.71E+00,14.036E+00,-14.085E+00,1.408E+00,1.522E+00,NAN,NAN,NAN,NAN,NAN,NAN,NAN,NAN,NAN,0.000E+00,0.000E+00,0.000E+00,-10.990E-03,0.000E+00,0.0000E+00,0.0000E+00,0.0000E+00,25.826E-06,0.0000E+00,-2.6391E-06,0.000E+00,0.000E+00,Error,Error,Error,NAN,92.843E-03,-120.09E-03,6.4289E-03,-6.3760E-03,Error,Error,NAN,NAN,NAN,NAN,NAN,NAN,NAN,NAN,NAN,NAN,NAN
  390,  2026/03/17,10:45:51,122.10E+00,122.80E+00,110.56E+00,2.9247E-03,122.10E+00,9.8416E+00,9.6967E+00,8.7301E+00,-14.621E-03,9.8416E+00,-1.1986E+03,1.2016E+03,-84.887E+00,-0.9975E+00,-175.95E+00,50.011E+00,NAN,172.06E+00,-171.99E+00,14.800E+00,-14.777E+00,1.409E+00,1.504E+00,NAN,NAN,NAN,NAN,NAN,NAN,NAN,NAN,NAN,0.000E+00,0.000E+00,0.000E+00,-10.992E-03,0.000E+00,0.0000E+00,0.0000E+00,0.0000E+00,18.292E-06,0.0000E+00,-2.1393E-06,0.000E+00,0.000E+00,Error,Error,Error,NAN,70.596E-03,-99.430E-03,6.2257E-03,-6.6809E-03,Error,Error,NAN,NAN,NAN,NAN,NAN,NAN,NAN,NAN,NAN,NAN,NAN
  391,  2026/03/17,10:45:52,121.87E+00,122.57E+00,110.35E+00,-1.2097E-03,121.87E+00,9.9916E+00,9.8457E+00,8.8642E+00,-13.073E-03,9.9916E+00,-1.2147E+03,1.2177E+03,-84.750E+00,-0.9976E+00,-176.01E+00,50.019E+00,NAN,171.81E+00,-171.70E+00,14.990E+00,-14.993E+00,1.410E+00,1.501E+00,NAN,NAN,NAN,NAN,NAN,NAN,NAN,NAN,NAN,0.000E+00,0.000E+00,0.000E+00,-10.839E-03,0.000E+00,0.0000E+00,0.0000E+00,0.0000E+00,42.027E-06,0.0000E+00,-2.4079E-06,0.000E+00,0.000E+00,Error,Error,Error,NAN,84.898E-03,-104.20E-03,6.2257E-03,-5.9695E-03,Error,Error,NAN,NAN,NAN,NAN,NAN,NAN,NAN,NAN,NAN,NAN,NAN
  392,  2026/03/17,10:45:52,122.08E+00,122.78E+00,110.54E+00,41.210E-03,122.08E+00,9.8753E+00,9.7298E+00,8.7599E+00,3.3867E-03,9.8753E+00,-1.2027E+03,1.2056E+03,-83.415E+00,-0.9976E+00,-176.03E+00,50.001E+00,NAN,171.52E+00,-171.54E+00,14.626E+00,-14.622E+00,1.405E+00,1.481E+00,NAN,NAN,NAN,NAN,NAN,NAN,NAN,NAN,NAN,0.000E+00,0.000E+00,0.000E+00,-10.907E-03,0.000E+00,0.0000E+00,0.0000E+00,0.0000E+00,18.473E-06,0.0000E+00,-2.0448E-06,0.000E+00,0.000E+00,Error,Error,Error,NAN,76.953E-03,-112.14E-03,5.9208E-03,-6.1728E-03,Error,Error,NAN,NAN,NAN,NAN,NAN,NAN,NAN,NAN,NAN,NAN,NAN
  393,  2026/03/17,10:45:52,122.44E+00,123.14E+00,110.87E+00,37.241E-03,122.44E+00,9.7122E+00,9.5660E+00,8.6124E+00,-733.63E-06,9.7122E+00,-1.1862E+03,1.1891E+03,-84.176E+00,-0.9975E+00,-175.94E+00,50.009E+00,NAN,172.00E+00,-171.92E+00,14.406E+00,-14.393E+00,1.405E+00,1.483E+00,NAN,NAN,NAN,NAN,NAN,NAN,NAN,NAN,NAN,0.000E+00,0.000E+00,0.000E+00,-11.170E-03,0.000E+00,0.0000E+00,0.0000E+00,0.0000E+00,72.044E-06,0.0000E+00,-2.5652E-06,0.000E+00,0.000E+00,Error,Error,Error,NAN,76.953E-03,-110.55E-03,6.2257E-03,-5.4614E-03,Error,Error,NAN,NAN,NAN,NAN,NAN,NAN,NAN,NAN,NAN,NAN,NAN
  394,  2026/03/17,10:45:52,122.34E+00,123.05E+00,110.78E+00,36.091E-03,122.34E+00,9.7350E+00,9.5891E+00,8.6332E+00,1.6948E-03,9.7350E+00,-1.1881E+03,1.1910E+03,-83.913E+00,-0.9975E+00,-175.96E+00,50.010E+00,NAN,171.87E+00,-171.83E+00,14.407E+00,-14.397E+00,1.405E+00,1.480E+00,NAN,NAN,NAN,NAN,NAN,NAN,NAN,NAN,NAN,0.000E+00,0.000E+00,0.000E+00,-11.110E-03,0.000E+00,0.0000E+00,0.0000E+00,0.0000E+00,88.260E-06,0.0000E+00,-3.5819E-06,0.000E+00,0.000E+00,Error,Error,Error,NAN,75.364E-03,-118.50E-03,6.7338E-03,-6.2744E-03,Error,Error,NAN,NAN,NAN,NAN,NAN,NAN,NAN,NAN,NAN,NAN,NAN
  395,  2026/03/17,10:45:52,121.46E+00,122.10E+00,109.93E+00,-32.045E-03,121.46E+00,10.198E+00,10.057E+00,9.0543E+00,-32.618E-03,10.198E+00,-1.2346E+03,1.2387E+03,-100.15E+00,-0.9967E+00,-175.36E+00,49.975E+00,NAN,171.84E+00,-171.83E+00,15.695E+00,-15.695E+00,1.415E+00,1.539E+00,NAN,NAN,NAN,NAN,NAN,NAN,NAN,NAN,NAN,0.000E+00,0.000E+00,0.000E+00,-11.117E-03,0.000E+00,0.0000E+00,0.0000E+00,0.0000E+00,137.10E-06,0.0000E+00,-4.3085E-06,0.000E+00,0.000E+00,Error,Error,Error,NAN,75.364E-03,-156.63E-03,5.5143E-03,-6.1728E-03,Error,Error,NAN,NAN,NAN,NAN,NAN,NAN,NAN,NAN,NAN,NAN,NAN
  396,  2026/03/17,10:45:53,122.02E+00,122.71E+00,110.48E+00,27.095E-03,122.02E+00,9.8755E+00,9.7290E+00,8.7592E+00,1.9034E-03,9.8755E+00,-1.2021E+03,1.2050E+03,-83.126E+00,-0.9976E+00,-176.04E+00,50.005E+00,NAN,171.36E+00,-171.51E+00,14.606E+00,-14.605E+00,1.406E+00,1.479E+00,NAN,NAN,NAN,NAN,NAN,NAN,NAN,NAN,NAN,0.000E+00,0.000E+00,0.000E+00,-11.070E-03,0.000E+00,0.0000E+00,0.0000E+00,0.0000E+00,106.86E-06,0.0000E+00,-2.4770E-06,0.000E+00,0.000E+00,Error,Error,Error,NAN,76.953E-03,-101.02E-03,6.0224E-03,-6.0711E-03,Error,Error,NAN,NAN,NAN,NAN,NAN,NAN,NAN,NAN,NAN,NAN,NAN
  397,  2026/03/17,10:45:53,121.98E+00,122.67E+00,110.44E+00,42.323E-03,121.98E+00,9.8814E+00,9.7352E+00,8.7648E+00,2.5214E-03,9.8814E+00,-1.2025E+03,1.2054E+03,-83.128E+00,-0.9976E+00,-176.05E+00,50.003E+00,NAN,171.33E+00,-171.32E+00,14.609E+00,-14.628E+00,1.405E+00,1.480E+00,NAN,NAN,NAN,NAN,NAN,NAN,NAN,NAN,NAN,0.000E+00,0.000E+00,0.000E+00,-11.302E-03,0.000E+00,0.0000E+00,0.0000E+00,0.0000E+00,53.524E-06,0.0000E+00,-2.9413E-06,0.000E+00,0.000E+00,Error,Error,Error,NAN,81.720E-03,-101.02E-03,6.3273E-03,-5.9695E-03,Error,Error,NAN,NAN,NAN,NAN,NAN,NAN,NAN,NAN,NAN,NAN,NAN
  398,  2026/03/17,10:45:53,121.63E+00,122.33E+00,110.14E+00,42.226E-03,121.63E+00,9.9880E+00,9.8436E+00,8.8623E+00,6.9915E-03,9.9880E+00,-1.2120E+03,1.2148E+03,-82.980E+00,-0.9977E+00,-176.08E+00,49.998E+00,NAN,171.01E+00,-171.16E+00,14.818E+00,-14.819E+00,1.407E+00,1.484E+00,NAN,NAN,NAN,NAN,NAN,NAN,NAN,NAN,NAN,0.000E+00,0.000E+00,0.000E+00,-11.249E-03,0.000E+00,0.0000E+00,0.0000E+00,0.0000E+00,71.272E-06,0.0000E+00,-2.3963E-06,0.000E+00,0.000E+00,Error,Error,Error,NAN,81.720E-03,-99.430E-03,6.0224E-03,-5.8679E-03,Error,Error,NAN,NAN,NAN,NAN,NAN,NAN,NAN,NAN,NAN,NAN,NAN
  399,  2026/03/17,10:45:53,121.57E+00,122.26E+00,110.07E+00,34.586E-03,121.57E+00,10.039E+00,9.8947E+00,8.9084E+00,592.86E-06,10.039E+00,-1.2177E+03,1.2205E+03,-82.344E+00,-0.9977E+00,-176.13E+00,50.012E+00,NAN,171.14E+00,-170.87E+00,14.850E+00,-14.844E+00,1.408E+00,1.479E+00,NAN,NAN,NAN,NAN,NAN,NAN,NAN,NAN,NAN,0.000E+00,0.000E+00,0.000E+00,-11.091E-03,0.000E+00,0.0000E+00,0.0000E+00,0.0000E+00,65.451E-06,0.0000E+00,-3.0646E-06,0.000E+00,0.000E+00,Error,Error,Error,NAN,92.843E-03,-105.79E-03,6.6322E-03,-6.9858E-03,Error,Error,NAN,NAN,NAN,NAN,NAN,NAN,NAN,NAN,NAN,NAN,NAN
  400,  2026/03/17,10:45:53,122.75E+00,123.45E+00,111.14E+00,31.779E-03,122.75E+00,9.4537E+00,9.3054E+00,8.3778E+00,-3.0965E-03,9.4537E+00,-1.1573E+03,1.1605E+03,-85.534E+00,-0.9973E+00,-175.77E+00,50.007E+00,NAN,172.41E+00,-172.40E+00,14.106E+00,-14.072E+00,1.405E+00,1.492E+00,NAN,NAN,NAN,NAN,NAN,NAN,NAN,NAN,NAN,0.000E+00,0.000E+00,0.000E+00,-11.063E-03,0.000E+00,0.0000E+00,0.0000E+00,0.0000E+00,30.545E-06,0.0000E+00,-2.2263E-06,0.000E+00,0.000E+00,Error,Error,Error,NAN,72.185E-03,-102.61E-03,6.4289E-03,-6.2744E-03,Error,Error,NAN,NAN,NAN,NAN,NAN,NAN,NAN,NAN,NAN,NAN,NAN
  401,  2026/03/17,10:45:54,122.79E+00,123.50E+00,111.19E+00,28.937E-03,122.79E+00,9.4331E+00,9.2848E+00,8.3592E+00,-332.27E-06,9.4331E+00,-1.1552E+03,1.1583E+03,-85.452E+00,-0.9973E+00,-175.77E+00,50.000E+00,NAN,172.57E+00,-172.53E+00,13.985E+00,-13.992E+00,1.405E+00,1.483E+00,NAN,NAN,NAN,NAN,NAN,NAN,NAN,NAN,NAN,0.000E+00,0.000E+00,0.000E+00,-10.642E-03,0.000E+00,0.0000E+00,0.0000E+00,0.0000E+00,63.996E-06,0.0000E+00,-3.5243E-06,0.000E+00,0.000E+00,Error,Error,Error,NAN,78.542E-03,-107.37E-03,7.0387E-03,-7.4939E-03,Error,Error,NAN,NAN,NAN,NAN,NAN,NAN,NAN,NAN,NAN,NAN,NAN
  402,  2026/03/17,10:45:54,123.08E+00,123.80E+00,111.46E+00,31.950E-03,123.08E+00,9.2697E+00,9.1221E+00,8.2127E+00,1.2560E-03,9.2697E+00,-1.1377E+03,1.1410E+03,-86.363E+00,-0.9971E+00,-175.66E+00,50.003E+00,NAN,172.86E+00,-172.85E+00,13.771E+00,-13.767E+00,1.404E+00,1.486E+00,NAN,NAN,NAN,NAN,NAN,NAN,NAN,NAN,NAN,0.000E+00,0.000E+00,0.000E+00,-10.785E-03,0.000E+00,0.0000E+00,0.0000E+00,0.0000E+00,71.503E-06,0.0000E+00,-2.8951E-06,0.000E+00,0.000E+00,Error,Error,Error,NAN,83.309E-03,-97.841E-03,6.1240E-03,-6.4777E-03,Error,Error,NAN,NAN,NAN,NAN,NAN,NAN,NAN,NAN,NAN,NAN,NAN
  403,  2026/03/17,10:45:55,123.40E+00,124.12E+00,111.75E+00,49.640E-03,123.40E+00,9.1316E+00,8.9831E+00,8.0876E+00,118.66E-06,9.1316E+00,-1.1235E+03,1.1268E+03,-86.971E+00,-0.9970E+00,-175.57E+00,49.990E+00,NAN,173.21E+00,-173.29E+00,13.563E+00,-13.550E+00,1.404E+00,1.485E+00,NAN,NAN,NAN,NAN,NAN,NAN,NAN,NAN,NAN,0.000E+00,0.000E+00,0.000E+00,-10.851E-03,0.000E+00,0.0000E+00,0.0000E+00,0.0000E+00,35.873E-06,0.0000E+00,-2.8105E-06,0.000E+00,0.000E+00,Error,Error,Error,NAN,78.542E-03,-97.841E-03,6.9371E-03,-6.1728E-03,Error,Error,NAN,NAN,NAN,NAN,NAN,NAN,NAN,NAN,NAN,NAN,NAN
  404,  2026/03/17,10:45:55,123.00E+00,123.71E+00,111.38E+00,42.759E-03,123.00E+00,9.2595E+00,9.1117E+00,8.2034E+00,7.0746E-03,9.2595E+00,-1.1356E+03,1.1389E+03,-86.313E+00,-0.9971E+00,-175.65E+00,49.987E+00,NAN,172.86E+00,-172.72E+00,13.783E+00,-13.781E+00,1.405E+00,1.489E+00,NAN,NAN,NAN,NAN,NAN,NAN,NAN,NAN,NAN,0.000E+00,0.000E+00,0.000E+00,-10.722E-03,0.000E+00,0.0000E+00,0.0000E+00,0.0000E+00,23.230E-06,0.0000E+00,-2.7706E-06,0.000E+00,0.000E+00,Error,Error,Error,NAN,80.131E-03,-99.430E-03,6.8354E-03,-6.3760E-03,Error,Error,NAN,NAN,NAN,NAN,NAN,NAN,NAN,NAN,NAN,NAN,NAN
  405,  2026/03/17,10:45:55,123.13E+00,123.86E+00,111.51E+00,19.017E-03,123.13E+00,9.2745E+00,9.1277E+00,8.2179E+00,-2.7275E-03,9.2745E+00,-1.1387E+03,1.1420E+03,-86.210E+00,-0.9971E+00,-175.67E+00,49.993E+00,NAN,172.98E+00,-172.75E+00,13.802E+00,-13.789E+00,1.405E+00,1.488E+00,NAN,NAN,NAN,NAN,NAN,NAN,NAN,NAN,NAN,0.000E+00,0.000E+00,0.000E+00,-11.068E-03,0.000E+00,0.0000E+00,0.0000E+00,0.0000E+00,70.931E-06,0.0000E+00,-3.8343E-06,0.000E+00,0.000E+00,Error,Error,Error,NAN,75.364E-03,-102.61E-03,6.1240E-03,-7.9004E-03,Error,Error,NAN,NAN,NAN,NAN,NAN,NAN,NAN,NAN,NAN,NAN,NAN
  406,  2026/03/17,10:45:55,123.22E+00,123.95E+00,111.59E+00,29.526E-03,123.22E+00,9.2718E+00,9.1245E+00,8.2149E+00,2.6973E-03,9.2718E+00,-1.1392E+03,1.1424E+03,-86.509E+00,-0.9971E+00,-175.66E+00,49.988E+00,NAN,172.92E+00,-172.91E+00,13.757E+00,-13.753E+00,1.403E+00,1.484E+00,NAN,NAN,NAN,NAN,NAN,NAN,NAN,NAN,NAN,0.000E+00,0.000E+00,0.000E+00,-11.295E-03,0.000E+00,0.0000E+00,0.0000E+00,0.0000E+00,48.538E-06,0.0000E+00,-2.2620E-06,0.000E+00,0.000E+00,Error,Error,Error,NAN,73.774E-03,-99.430E-03,6.9371E-03,-6.5793E-03,Error,Error,NAN,NAN,NAN,NAN,NAN,NAN,NAN,NAN,NAN,NAN,NAN
  407,  2026/03/17,10:45:56,123.39E+00,124.13E+00,111.76E+00,39.289E-03,123.39E+00,9.2543E+00,9.1075E+00,8.1996E+00,2.2184E-03,9.2543E+00,-1.1385E+03,1.1419E+03,-86.862E+00,-0.9971E+00,-175.64E+00,49.999E+00,NAN,173.24E+00,-173.20E+00,13.752E+00,-13.757E+00,1.404E+00,1.487E+00,NAN,NAN,NAN,NAN,NAN,NAN,NAN,NAN,NAN,0.000E+00,0.000E+00,0.000E+00,-11.067E-03,0.000E+00,0.0000E+00,0.0000E+00,0.0000E+00,96.175E-06,0.0000E+00,-3.3788E-06,0.000E+00,0.000E+00,Error,Error,Error,NAN,88.076E-03,-102.61E-03,6.0224E-03,-6.0711E-03,Error,Error,NAN,NAN,NAN,NAN,NAN,NAN,NAN,NAN,NAN,NAN,NAN
  408,  2026/03/17,10:45:56,123.21E+00,123.95E+00,111.60E+00,30.506E-03,123.21E+00,9.2845E+00,9.1378E+00,8.2269E+00,-2.1625E-03,9.2845E+00,-1.1407E+03,1.1439E+03,-86.386E+00,-0.9971E+00,-175.67E+00,49.994E+00,NAN,173.14E+00,-173.13E+00,13.806E+00,-13.797E+00,1.405E+00,1.487E+00,NAN,NAN,NAN,NAN,NAN,NAN,NAN,NAN,NAN,0.000E+00,0.000E+00,0.000E+00,-10.834E-03,0.000E+00,0.0000E+00,0.0000E+00,0.0000E+00,60.610E-06,0.0000E+00,-2.5957E-06,0.000E+00,0.000E+00,Error,Error,Error,NAN,80.131E-03,-102.61E-03,6.1240E-03,-5.9695E-03,Error,Error,NAN,NAN,NAN,NAN,NAN,NAN,NAN,NAN,NAN,NAN,NAN
  409,  2026/03/17,10:45:56,123.33E+00,124.06E+00,111.69E+00,40.517E-03,123.33E+00,9.2377E+00,9.0889E+00,8.1829E+00,4.4976E-03,9.2377E+00,-1.1360E+03,1.1393E+03,-86.975E+00,-0.9971E+00,-175.62E+00,49.993E+00,NAN,173.33E+00,-173.26E+00,13.774E+00,-13.771E+00,1.405E+00,1.491E+00,NAN,NAN,NAN,NAN,NAN,NAN,NAN,NAN,NAN,0.000E+00,0.000E+00,0.000E+00,-10.919E-03,0.000E+00,0.0000E+00,0.0000E+00,0.0000E+00,112.22E-06,0.0000E+00,-4.1750E-06,0.000E+00,0.000E+00,Error,Error,Error,NAN,84.898E-03,-97.841E-03,6.2257E-03,-7.2907E-03,Error,Error,NAN,NAN,NAN,NAN,NAN,NAN,NAN,NAN,NAN,NAN,NAN
  410,  2026/03/17,10:45:56,123.05E+00,123.78E+00,111.44E+00,34.483E-03,123.05E+00,9.3883E+00,9.2409E+00,8.3198E+00,2.7007E-03,9.3883E+00,-1.1521E+03,1.1553E+03,-85.943E+00,-0.9972E+00,-175.73E+00,50.000E+00,NAN,172.98E+00,-172.94E+00,13.964E+00,-13.962E+00,1.406E+00,1.487E+00,NAN,NAN,NAN,NAN,NAN,NAN,NAN,NAN,NAN,0.000E+00,0.000E+00,0.000E+00,-10.621E-03,0.000E+00,0.0000E+00,0.0000E+00,0.0000E+00,92.588E-06,0.0000E+00,-3.7150E-06,0.000E+00,0.000E+00,Error,Error,Error,NAN,76.953E-03,-102.61E-03,6.5306E-03,-6.8842E-03,Error,Error,NAN,NAN,NAN,NAN,NAN,NAN,NAN,NAN,NAN,NAN,NAN
  411,  2026/03/17,10:45:56,123.06E+00,123.80E+00,111.46E+00,25.791E-03,123.06E+00,9.4397E+00,9.2929E+00,8.3665E+00,-925.13E-06,9.4397E+00,-1.1585E+03,1.1617E+03,-85.784E+00,-0.9973E+00,-175.77E+00,50.007E+00,NAN,172.98E+00,-173.01E+00,14.030E+00,-14.025E+00,1.406E+00,1.486E+00,NAN,NAN,NAN,NAN,NAN,NAN,NAN,NAN,NAN,0.000E+00,0.000E+00,0.000E+00,-10.848E-03,0.000E+00,0.0000E+00,0.0000E+00,0.0000E+00,90.358E-06,0.0000E+00,-3.0427E-06,0.000E+00,0.000E+00,Error,Error,Error,NAN,75.364E-03,-107.37E-03,6.8354E-03,-6.4777E-03,Error,Error,NAN,NAN,NAN,NAN,NAN,NAN,NAN,NAN,NAN,NAN,NAN
  412,  2026/03/17,10:45:57,123.08E+00,123.80E+00,111.46E+00,49.737E-03,123.08E+00,9.3756E+00,9.2270E+00,8.3072E+00,2.6790E-03,9.3756E+00,-1.1507E+03,1.1539E+03,-86.250E+00,-0.9972E+00,-175.71E+00,50.011E+00,NAN,173.17E+00,-173.23E+00,13.983E+00,-13.978E+00,1.407E+00,1.491E+00,NAN,NAN,NAN,NAN,NAN,NAN,NAN,NAN,NAN,0.000E+00,0.000E+00,0.000E+00,-11.213E-03,0.000E+00,0.0000E+00,0.0000E+00,0.0000E+00,113.02E-06,0.0000E+00,-3.3694E-06,0.000E+00,0.000E+00,Error,Error,Error,NAN,78.542E-03,-96.252E-03,6.4289E-03,-6.0711E-03,Error,Error,NAN,NAN,NAN,NAN,NAN,NAN,NAN,NAN,NAN,NAN,NAN
  413,  2026/03/17,10:45:57,123.06E+00,123.79E+00,111.45E+00,34.385E-03,123.06E+00,9.3939E+00,9.2466E+00,8.3249E+00,2.8530E-03,9.3939E+00,-1.1528E+03,1.1561E+03,-86.146E+00,-0.9972E+00,-175.73E+00,50.006E+00,NAN,173.01E+00,-173.04E+00,13.999E+00,-14.000E+00,1.406E+00,1.490E+00,NAN,NAN,NAN,NAN,NAN,NAN,NAN,NAN,NAN,0.000E+00,0.000E+00,0.000E+00,-11.294E-03,0.000E+00,0.0000E+00,0.0000E+00,0.0000E+00,119.45E-06,0.0000E+00,-3.3355E-06,0.000E+00,0.000E+00,Error,Error,Error,NAN,81.720E-03,-105.79E-03,6.1240E-03,-5.5630E-03,Error,Error,NAN,NAN,NAN,NAN,NAN,NAN,NAN,NAN,NAN,NAN,NAN
  414,  2026/03/17,10:45:57,123.04E+00,123.76E+00,111.42E+00,38.756E-03,123.04E+00,9.4110E+00,9.2630E+00,8.3397E+00,5.8856E-03,9.4110E+00,-1.1547E+03,1.1579E+03,-86.127E+00,-0.9972E+00,-175.73E+00,50.012E+00,NAN,173.01E+00,-172.94E+00,14.048E+00,-14.040E+00,1.406E+00,1.493E+00,NAN,NAN,NAN,NAN,NAN,NAN,NAN,NAN,NAN,0.000E+00,0.000E+00,0.000E+00,-11.145E-03,0.000E+00,0.0000E+00,0.0000E+00,0.0000E+00,96.211E-06,0.0000E+00,-4.0274E-06,0.000E+00,0.000E+00,Error,Error,Error,NAN,75.364E-03,-102.61E-03,6.3273E-03,-6.2744E-03,Error,Error,NAN,NAN,NAN,NAN,NAN,NAN,NAN,NAN,NAN,NAN,NAN
  415,  2026/03/17,10:45:57,122.97E+00,123.69E+00,111.36E+00,44.593E-03,122.97E+00,9.4118E+00,9.2641E+00,8.3406E+00,3.1979E-03,9.4118E+00,-1.1542E+03,1.1574E+03,-85.854E+00,-0.9972E+00,-175.75E+00,50.012E+00,NAN,172.98E+00,-172.97E+00,14.022E+00,-14.013E+00,1.407E+00,1.490E+00,NAN,NAN,NAN,NAN,NAN,NAN,NAN,NAN,NAN,0.000E+00,0.000E+00,0.000E+00,-11.574E-03,0.000E+00,0.0000E+00,0.0000E+00,0.0000E+00,122.47E-06,0.0000E+00,-3.4747E-06,0.000E+00,0.000E+00,Error,Error,Error,NAN,76.953E-03,-105.79E-03,6.2257E-03,-6.3760E-03,Error,Error,NAN,NAN,NAN,NAN,NAN,NAN,NAN,NAN,NAN,NAN,NAN
  416,  2026/03/17,10:45:58,122.85E+00,123.57E+00,111.26E+00,21.968E-03,122.85E+00,9.3999E+00,9.2526E+00,8.3303E+00,1.6205E-03,9.3999E+00,-1.1516E+03,1.1548E+03,-85.634E+00,-0.9972E+00,-175.75E+00,50.010E+00,NAN,172.82E+00,-172.69E+00,14.002E+00,-13.989E+00,1.407E+00,1.490E+00,NAN,NAN,NAN,NAN,NAN,NAN,NAN,NAN,NAN,0.000E+00,0.000E+00,0.000E+00,-10.979E-03,0.000E+00,0.0000E+00,0.0000E+00,0.0000E+00,108.71E-06,0.0000E+00,-3.1416E-06,0.000E+00,0.000E+00,Error,Error,Error,NAN,86.487E-03,-105.79E-03,6.1240E-03,-6.0711E-03,Error,Error,NAN,NAN,NAN,NAN,NAN,NAN,NAN,NAN,NAN,NAN,NAN
  417,  2026/03/17,10:45:58,122.90E+00,123.63E+00,111.31E+00,40.179E-03,122.90E+00,9.3965E+00,9.2499E+00,8.3278E+00,4.7068E-03,9.3965E+00,-1.1516E+03,1.1548E+03,-85.865E+00,-0.9972E+00,-175.74E+00,50.009E+00,NAN,172.73E+00,-172.69E+00,14.023E+00,-14.041E+00,1.405E+00,1.494E+00,NAN,NAN,NAN,NAN,NAN,NAN,NAN,NAN,NAN,0.000E+00,0.000E+00,0.000E+00,-10.892E-03,0.000E+00,0.0000E+00,0.0000E+00,0.0000E+00,88.226E-06,0.0000E+00,-3.9566E-06,0.000E+00,0.000E+00,Error,Error,Error,NAN,80.131E-03,-97.841E-03,7.3436E-03,-5.5630E-03,Error,Error,NAN,NAN,NAN,NAN,NAN,NAN,NAN,NAN,NAN,NAN,NAN
  418,  2026/03/17,10:45:58,123.07E+00,123.79E+00,111.45E+00,41.405E-03,123.07E+00,9.2776E+00,9.1296E+00,8.2196E+00,1.1307E-03,9.2776E+00,-1.1385E+03,1.1418E+03,-86.340E+00,-0.9971E+00,-175.66E+00,50.011E+00,NAN,173.05E+00,-173.10E+00,13.809E+00,-13.808E+00,1.407E+00,1.488E+00,NAN,NAN,NAN,NAN,NAN,NAN,NAN,NAN,NAN,0.000E+00,0.000E+00,0.000E+00,-10.948E-03,0.000E+00,0.0000E+00,0.0000E+00,0.0000E+00,102.76E-06,0.0000E+00,-3.6703E-06,0.000E+00,0.000E+00,Error,Error,Error,NAN,81.720E-03,-99.430E-03,6.4289E-03,-6.7825E-03,Error,Error,NAN,NAN,NAN,NAN,NAN,NAN,NAN,NAN,NAN,NAN,NAN
  419,  2026/03/17,10:45:58,123.03E+00,123.75E+00,111.41E+00,46.799E-03,123.03E+00,9.2970E+00,9.1492E+00,8.2372E+00,3.6992E-03,9.2970E+00,-1.1405E+03,1.1438E+03,-86.183E+00,-0.9972E+00,-175.68E+00,50.008E+00,NAN,172.98E+00,-172.91E+00,13.849E+00,-13.846E+00,1.406E+00,1.490E+00,NAN,NAN,NAN,NAN,NAN,NAN,NAN,NAN,NAN,0.000E+00,0.000E+00,0.000E+00,-11.258E-03,0.000E+00,0.0000E+00,0.0000E+00,0.0000E+00,136.08E-06,0.0000E+00,-4.4656E-06,0.000E+00,0.000E+00,Error,Error,Error,NAN,73.774E-03,-108.96E-03,6.5306E-03,-6.4777E-03,Error,Error,NAN,NAN,NAN,NAN,NAN,NAN,NAN,NAN,NAN,NAN,NAN
  420,  2026/03/17,10:45:59,123.04E+00,123.77E+00,111.43E+00,40.619E-03,123.04E+00,9.2628E+00,9.1152E+00,8.2066E+00,2.3621E-03,9.2628E+00,-1.1365E+03,1.1397E+03,-86.318E+00,-0.9971E+00,-175.66E+00,50.010E+00,NAN,173.05E+00,-173.01E+00,13.814E+00,-13.800E+00,1.406E+00,1.491E+00,NAN,NAN,NAN,NAN,NAN,NAN,NAN,NAN,NAN,0.000E+00,0.000E+00,0.000E+00,-10.888E-03,0.000E+00,0.0000E+00,0.0000E+00,0.0000E+00,169.68E-06,0.0000E+00,-3.5001E-06,0.000E+00,0.000E+00,Error,Error,Error,NAN,76.953E-03,-94.663E-03,5.9208E-03,-6.4777E-03,Error,Error,NAN,NAN,NAN,NAN,NAN,NAN,NAN,NAN,NAN,NAN,NAN
  421,  2026/03/17,10:45:59,122.94E+00,123.65E+00,111.33E+00,49.706E-03,122.94E+00,9.2908E+00,9.1424E+00,8.2310E+00,2.1387E-03,9.2908E+00,-1.1390E+03,1.1422E+03,-86.065E+00,-0.9972E+00,-175.68E+00,50.004E+00,NAN,172.86E+00,-172.85E+00,13.831E+00,-13.830E+00,1.406E+00,1.489E+00,NAN,NAN,NAN,NAN,NAN,NAN,NAN,NAN,NAN,0.000E+00,0.000E+00,0.000E+00,-11.211E-03,0.000E+00,0.0000E+00,0.0000E+00,0.0000E+00,127.69E-06,0.0000E+00,-3.7021E-06,0.000E+00,0.000E+00,Error,Error,Error,NAN,75.364E-03,-93.074E-03,6.6322E-03,-6.3760E-03,Error,Error,NAN,NAN,NAN,NAN,NAN,NAN,NAN,NAN,NAN,NAN,NAN
  422,  2026/03/17,10:46:00,123.07E+00,123.81E+00,111.47E+00,49.472E-03,123.07E+00,9.2817E+00,9.1352E+00,8.2246E+00,5.0973E-03,9.2817E+00,-1.1390E+03,1.1423E+03,-86.488E+00,-0.9971E+00,-175.66E+00,49.997E+00,NAN,173.01E+00,-173.04E+00,13.856E+00,-13.845E+00,1.406E+00,1.493E+00,NAN,NAN,NAN,NAN,NAN,NAN,NAN,NAN,NAN,0.000E+00,0.000E+00,0.000E+00,-11.398E-03,0.000E+00,0.0000E+00,0.0000E+00,0.0000E+00,129.99E-06,0.0000E+00,-4.5672E-06,0.000E+00,0.000E+00,Error,Error,Error,NAN,86.487E-03,-97.841E-03,6.5306E-03,-6.3760E-03,Error,Error,NAN,NAN,NAN,NAN,NAN,NAN,NAN,NAN,NAN,NAN,NAN
  423,  2026/03/17,10:46:00,122.83E+00,123.55E+00,111.24E+00,56.306E-03,122.83E+00,9.3706E+00,9.2243E+00,8.3048E+00,10.064E-03,9.3706E+00,-1.1478E+03,1.1510E+03,-86.126E+00,-0.9972E+00,-175.71E+00,49.999E+00,NAN,172.92E+00,-172.88E+00,14.011E+00,-14.009E+00,1.408E+00,1.495E+00,NAN,NAN,NAN,NAN,NAN,NAN,NAN,NAN,NAN,0.000E+00,0.000E+00,0.000E+00,-10.880E-03,0.000E+00,0.0000E+00,0.0000E+00,0.0000E+00,161.49E-06,0.0000E+00,-3.7725E-06,0.000E+00,0.000E+00,Error,Error,Error,NAN,80.131E-03,-108.96E-03,6.2257E-03,-6.6809E-03,Error,Error,NAN,NAN,NAN,NAN,NAN,NAN,NAN,NAN,NAN,NAN,NAN
  424,  2026/03/17,10:46:00,122.94E+00,123.67E+00,111.34E+00,37.770E-03,122.94E+00,9.2677E+00,9.1213E+00,8.2120E+00,1.0378E-03,9.2677E+00,-1.1361E+03,1.1394E+03,-86.053E+00,-0.9971E+00,-175.67E+00,50.005E+00,NAN,172.89E+00,-172.81E+00,13.808E+00,-13.796E+00,1.406E+00,1.490E+00,NAN,NAN,NAN,NAN,NAN,NAN,NAN,NAN,NAN,0.000E+00,0.000E+00,0.000E+00,-11.035E-03,0.000E+00,0.0000E+00,0.0000E+00,0.0000E+00,136.91E-06,0.0000E+00,-3.1427E-06,0.000E+00,0.000E+00,Error,Error,Error,NAN,78.542E-03,-113.73E-03,7.0387E-03,-5.7663E-03,Error,Error,NAN,NAN,NAN,NAN,NAN,NAN,NAN,NAN,NAN,NAN,NAN
  425,  2026/03/17,10:46:00,122.86E+00,123.58E+00,111.26E+00,42.160E-03,122.86E+00,9.2519E+00,9.1044E+00,8.1968E+00,2.3898E-03,9.2519E+00,-1.1334E+03,1.1367E+03,-86.006E+00,-0.9971E+00,-175.66E+00,50.004E+00,NAN,172.79E+00,-172.78E+00,13.783E+00,-13.771E+00,1.406E+00,1.490E+00,NAN,NAN,NAN,NAN,NAN,NAN,NAN,NAN,NAN,0.000E+00,0.000E+00,0.000E+00,-11.020E-03,0.000E+00,0.0000E+00,0.0000E+00,0.0000E+00,77.822E-06,0.0000E+00,-3.1230E-06,0.000E+00,0.000E+00,Error,Error,Error,NAN,70.596E-03,-96.252E-03,6.4289E-03,-6.2744E-03,Error,Error,NAN,NAN,NAN,NAN,NAN,NAN,NAN,NAN,NAN,NAN,NAN
  426,  2026/03/17,10:46:00,122.81E+00,123.53E+00,111.21E+00,46.148E-03,122.81E+00,9.2970E+00,9.1489E+00,8.2369E+00,7.0043E-03,9.2969E+00,-1.1385E+03,1.1418E+03,-86.284E+00,-0.9971E+00,-175.67E+00,50.002E+00,NAN,172.79E+00,-172.69E+00,13.866E+00,-13.857E+00,1.407E+00,1.491E+00,NAN,NAN,NAN,NAN,NAN,NAN,NAN,NAN,NAN,0.000E+00,0.000E+00,0.000E+00,-10.723E-03,0.000E+00,0.0000E+00,0.0000E+00,0.0000E+00,104.91E-06,0.0000E+00,-3.2776E-06,0.000E+00,0.000E+00,Error,Error,Error,NAN,86.487E-03,-115.32E-03,5.5143E-03,-6.2744E-03,Error,Error,NAN,NAN,NAN,NAN,NAN,NAN,NAN,NAN,NAN,NAN,NAN
  427,  2026/03/17,10:46:01,122.99E+00,123.72E+00,111.39E+00,37.840E-03,122.99E+00,9.2697E+00,9.1225E+00,8.2131E+00,3.3267E-03,9.2697E+00,-1.1368E+03,1.1401E+03,-86.346E+00,-0.9971E+00,-175.66E+00,50.004E+00,NAN,172.92E+00,-172.85E+00,13.811E+00,-13.809E+00,1.406E+00,1.490E+00,NAN,NAN,NAN,NAN,NAN,NAN,NAN,NAN,NAN,0.000E+00,0.000E+00,0.000E+00,-10.889E-03,0.000E+00,0.0000E+00,0.0000E+00,0.0000E+00,128.40E-06,0.0000E+00,-4.0617E-06,0.000E+00,0.000E+00,Error,Error,Error,NAN,81.720E-03,-101.02E-03,6.1240E-03,-5.9695E-03,Error,Error,NAN,NAN,NAN,NAN,NAN,NAN,NAN,NAN,NAN,NAN,NAN
  428,  2026/03/17,10:46:01,123.55E+00,124.27E+00,111.89E+00,48.451E-03,123.55E+00,9.0701E+00,8.9209E+00,8.0316E+00,2.0154E-03,9.0701E+00,-1.1172E+03,1.1206E+03,-87.821E+00,-0.9969E+00,-175.51E+00,50.009E+00,NAN,173.84E+00,-173.83E+00,13.610E+00,-13.570E+00,1.407E+00,1.501E+00,NAN,NAN,NAN,NAN,NAN,NAN,NAN,NAN,NAN,0.000E+00,0.000E+00,0.000E+00,-10.620E-03,0.000E+00,0.0000E+00,0.0000E+00,0.0000E+00,101.09E-06,0.0000E+00,-3.1304E-06,0.000E+00,0.000E+00,Error,Error,Error,NAN,88.076E-03,-101.02E-03,6.6322E-03,-7.0874E-03,Error,Error,NAN,NAN,NAN,NAN,NAN,NAN,NAN,NAN,NAN,NAN,NAN
  429,  2026/03/17,10:46:02,123.77E+00,124.51E+00,112.10E+00,22.865E-03,123.77E+00,8.9454E+00,8.7957E+00,7.9189E+00,-5.6478E-03,8.9454E+00,-1.1037E+03,1.1072E+03,-88.258E+00,-0.9968E+00,-175.43E+00,50.013E+00,NAN,173.97E+00,-173.96E+00,13.472E+00,-13.445E+00,1.406E+00,1.506E+00,NAN,NAN,NAN,NAN,NAN,NAN,NAN,NAN,NAN,0.000E+00,0.000E+00,0.000E+00,-10.952E-03,0.000E+00,0.0000E+00,0.0000E+00,0.0000E+00,122.45E-06,0.0000E+00,-4.6963E-06,0.000E+00,0.000E+00,Error,Error,Error,NAN,84.898E-03,-101.02E-03,7.1403E-03,-7.1890E-03,Error,Error,NAN,NAN,NAN,NAN,NAN,NAN,NAN,NAN,NAN,NAN,NAN
  430,  2026/03/17,10:46:02,123.99E+00,124.71E+00,112.28E+00,38.466E-03,123.99E+00,8.8309E+00,8.6797E+00,7.8145E+00,1.7855E-03,8.8309E+00,-1.0914E+03,1.0950E+03,-88.595E+00,-0.9967E+00,-175.36E+00,50.010E+00,NAN,174.26E+00,-174.25E+00,13.223E+00,-13.192E+00,1.405E+00,1.497E+00,NAN,NAN,NAN,NAN,NAN,NAN,NAN,NAN,NAN,0.000E+00,0.000E+00,0.000E+00,-11.046E-03,0.000E+00,0.0000E+00,0.0000E+00,0.0000E+00,118.39E-06,0.0000E+00,-5.3305E-06,0.000E+00,0.000E+00,Error,Error,Error,NAN,84.898E-03,-101.02E-03,6.6322E-03,-6.6809E-03,Error,Error,NAN,NAN,NAN,NAN,NAN,NAN,NAN,NAN,NAN,NAN,NAN
  431,  2026/03/17,10:46:02,124.11E+00,124.82E+00,112.38E+00,46.075E-03,124.11E+00,8.8060E+00,8.6546E+00,7.7919E+00,2.2059E-03,8.8060E+00,-1.0893E+03,1.0929E+03,-88.840E+00,-0.9967E+00,-175.34E+00,50.012E+00,NAN,174.61E+00,-174.50E+00,13.170E+00,-13.173E+00,1.407E+00,1.496E+00,NAN,NAN,NAN,NAN,NAN,NAN,NAN,NAN,NAN,0.000E+00,0.000E+00,0.000E+00,-11.080E-03,0.000E+00,0.0000E+00,0.0000E+00,0.0000E+00,160.66E-06,0.0000E+00,-4.3508E-06,0.000E+00,0.000E+00,Error,Error,Error,NAN,83.309E-03,-97.841E-03,6.6322E-03,-6.3760E-03,Error,Error,NAN,NAN,NAN,NAN,NAN,NAN,NAN,NAN,NAN,NAN,NAN
  432,  2026/03/17,10:46:02,123.99E+00,124.72E+00,112.29E+00,43.794E-03,123.99E+00,8.8167E+00,8.6653E+00,7.8015E+00,6.1660E-03,8.8167E+00,-1.0896E+03,1.0932E+03,-89.348E+00,-0.9967E+00,-175.31E+00,50.006E+00,NAN,174.54E+00,-174.53E+00,13.219E+00,-13.229E+00,1.408E+00,1.500E+00,NAN,NAN,NAN,NAN,NAN,NAN,NAN,NAN,NAN,0.000E+00,0.000E+00,0.000E+00,-11.073E-03,0.000E+00,0.0000E+00,0.0000E+00,0.0000E+00,115.48E-06,0.0000E+00,-3.9053E-06,0.000E+00,0.000E+00,Error,Error,Error,NAN,81.720E-03,-99.430E-03,6.6322E-03,-6.2744E-03,Error,Error,NAN,NAN,NAN,NAN,NAN,NAN,NAN,NAN,NAN,NAN,NAN
  433,  2026/03/17,10:46:02,124.08E+00,124.80E+00,112.36E+00,46.528E-03,124.08E+00,8.8121E+00,8.6612E+00,7.7978E+00,1.7108E-03,8.8121E+00,-1.0898E+03,1.0934E+03,-88.819E+00,-0.9967E+00,-175.34E+00,50.010E+00,NAN,174.57E+00,-174.41E+00,13.174E+00,-13.181E+00,1.407E+00,1.496E+00,NAN,NAN,NAN,NAN,NAN,NAN,NAN,NAN,NAN,0.000E+00,0.000E+00,0.000E+00,-10.717E-03,0.000E+00,0.0000E+00,0.0000E+00,0.0000E+00,150.61E-06,0.0000E+00,-4.5651E-06,0.000E+00,0.000E+00,Error,Error,Error,NAN,76.953E-03,-97.841E-03,6.1240E-03,-6.4777E-03,Error,Error,NAN,NAN,NAN,NAN,NAN,NAN,NAN,NAN,NAN,NAN,NAN
  434,  2026/03/17,10:46:03,124.20E+00,124.93E+00,112.48E+00,39.458E-03,124.20E+00,8.7942E+00,8.6434E+00,7.7818E+00,1.1004E-03,8.7942E+00,-1.0886E+03,1.0922E+03,-88.968E+00,-0.9967E+00,-175.33E+00,50.021E+00,NAN,174.73E+00,-174.57E+00,13.159E+00,-13.142E+00,1.407E+00,1.496E+00,NAN,NAN,NAN,NAN,NAN,NAN,NAN,NAN,NAN,0.000E+00,0.000E+00,0.000E+00,-11.265E-03,0.000E+00,0.0000E+00,0.0000E+00,0.0000E+00,66.399E-06,0.0000E+00,-2.9648E-06,0.000E+00,0.000E+00,Error,Error,Error,NAN,86.487E-03,-96.252E-03,6.0224E-03,-6.8842E-03,Error,Error,NAN,NAN,NAN,NAN,NAN,NAN,NAN,NAN,NAN,NAN,NAN
  435,  2026/03/17,10:46:03,123.76E+00,124.49E+00,112.08E+00,41.441E-03,123.76E+00,8.9282E+00,8.7784E+00,7.9033E+00,5.2643E-03,8.9282E+00,-1.1015E+03,1.1050E+03,-88.067E+00,-0.9968E+00,-175.43E+00,50.018E+00,NAN,173.97E+00,-173.87E+00,13.360E+00,-13.372E+00,1.406E+00,1.498E+00,NAN,NAN,NAN,NAN,NAN,NAN,NAN,NAN,NAN,0.000E+00,0.000E+00,0.000E+00,-10.917E-03,0.000E+00,0.0000E+00,0.0000E+00,0.0000E+00,107.35E-06,0.0000E+00,-3.8118E-06,0.000E+00,0.000E+00,Error,Error,Error,NAN,80.131E-03,-115.32E-03,6.0224E-03,-6.2744E-03,Error,Error,NAN,NAN,NAN,NAN,NAN,NAN,NAN,NAN,NAN,NAN,NAN
  436,  2026/03/17,10:46:03,123.77E+00,124.50E+00,112.09E+00,37.193E-03,123.77E+00,8.9655E+00,8.8157E+00,7.9369E+00,2.3454E-03,8.9655E+00,-1.1061E+03,1.1096E+03,-88.058E+00,-0.9968E+00,-175.45E+00,50.017E+00,NAN,174.00E+00,-173.90E+00,13.420E+00,-13.410E+00,1.406E+00,1.497E+00,NAN,NAN,NAN,NAN,NAN,NAN,NAN,NAN,NAN,0.000E+00,0.000E+00,0.000E+00,-11.098E-03,0.000E+00,0.0000E+00,0.0000E+00,0.0000E+00,108.06E-06,0.0000E+00,-3.2417E-06,0.000E+00,0.000E+00,Error,Error,Error,NAN,81.720E-03,-96.252E-03,6.2257E-03,-5.6646E-03,Error,Error,NAN,NAN,NAN,NAN,NAN,NAN,NAN,NAN,NAN,NAN,NAN
  437,  2026/03/17,10:46:03,123.48E+00,124.21E+00,111.83E+00,38.515E-03,123.48E+00,9.1029E+00,8.9545E+00,8.0619E+00,412.04E-06,9.1029E+00,-1.1206E+03,1.1240E+03,-87.078E+00,-0.9970E+00,-175.56E+00,50.018E+00,NAN,173.59E+00,-173.61E+00,13.587E+00,-13.576E+00,1.406E+00,1.493E+00,NAN,NAN,NAN,NAN,NAN,NAN,NAN,NAN,NAN,0.000E+00,0.000E+00,0.000E+00,-11.256E-03,0.000E+00,0.0000E+00,0.0000E+00,0.0000E+00,123.17E-06,0.0000E+00,-2.8575E-06,0.000E+00,0.000E+00,Error,Error,Error,NAN,76.953E-03,-112.14E-03,6.1240E-03,-5.4614E-03,Error,Error,NAN,NAN,NAN,NAN,NAN,NAN,NAN,NAN,NAN,NAN,NAN
  438,  2026/03/17,10:46:04,123.51E+00,124.24E+00,111.86E+00,32.767E-03,123.51E+00,9.1053E+00,8.9567E+00,8.0639E+00,849.04E-06,9.1053E+00,-1.1212E+03,1.1246E+03,-87.202E+00,-0.9970E+00,-175.55E+00,50.015E+00,NAN,173.68E+00,-173.58E+00,13.569E+00,-13.561E+00,1.406E+00,1.490E+00,NAN,NAN,NAN,NAN,NAN,NAN,NAN,NAN,NAN,0.000E+00,0.000E+00,0.000E+00,-10.930E-03,0.000E+00,0.0000E+00,0.0000E+00,0.0000E+00,115.73E-06,0.0000E+00,-4.0878E-06,0.000E+00,0.000E+00,Error,Error,Error,NAN,76.953E-03,-105.79E-03,6.8354E-03,-6.4777E-03,Error,Error,NAN,NAN,NAN,NAN,NAN,NAN,NAN,NAN,NAN,NAN,NAN
  439,  2026/03/17,10:46:04,123.41E+00,124.13E+00,111.76E+00,32.254E-03,123.41E+00,9.1221E+00,8.9737E+00,8.0792E+00,913.82E-06,9.1221E+00,-1.1224E+03,1.1257E+03,-86.948E+00,-0.9970E+00,-175.57E+00,50.023E+00,NAN,173.56E+00,-173.48E+00,13.578E+00,-13.572E+00,1.406E+00,1.488E+00,NAN,NAN,NAN,NAN,NAN,NAN,NAN,NAN,NAN,0.000E+00,0.000E+00,0.000E+00,-11.160E-03,0.000E+00,0.0000E+00,0.0000E+00,0.0000E+00,102.89E-06,0.0000E+00,-4.0961E-06,0.000E+00,0.000E+00,Error,Error,Error,NAN,80.131E-03,-97.841E-03,6.6322E-03,-6.0711E-03,Error,Error,NAN,NAN,NAN,NAN,NAN,NAN,NAN,NAN,NAN,NAN,NAN
  440,  2026/03/17,10:46:04,123.41E+00,124.16E+00,111.78E+00,36.653E-03,123.41E+00,9.1124E+00,8.9656E+00,8.0719E+00,2.7672E-03,9.1124E+00,-1.1212E+03,1.1245E+03,-87.019E+00,-0.9970E+00,-175.56E+00,50.010E+00,NAN,173.52E+00,-173.58E+00,13.578E+00,-13.568E+00,1.407E+00,1.490E+00,NAN,NAN,NAN,NAN,NAN,NAN,NAN,NAN,NAN,0.000E+00,0.000E+00,0.000E+00,-10.783E-03,0.000E+00,0.0000E+00,0.0000E+00,0.0000E+00,65.199E-06,0.0000E+00,-2.5107E-06,0.000E+00,0.000E+00,Error,Error,Error,NAN,88.076E-03,-102.61E-03,6.2257E-03,-6.4777E-03,Error,Error,NAN,NAN,NAN,NAN,NAN,NAN,NAN,NAN,NAN,NAN,NAN
  441,  2026/03/17,10:46:04,123.30E+00,124.04E+00,111.68E+00,46.108E-03,123.30E+00,9.1108E+00,8.9640E+00,8.0705E+00,2.4068E-03,9.1108E+00,-1.1200E+03,1.1233E+03,-86.804E+00,-0.9970E+00,-175.57E+00,50.013E+00,NAN,173.46E+00,-173.45E+00,13.575E+00,-13.577E+00,1.407E+00,1.490E+00,NAN,NAN,NAN,NAN,NAN,NAN,NAN,NAN,NAN,0.000E+00,0.000E+00,0.000E+00,-11.050E-03,0.000E+00,0.0000E+00,0.0000E+00,0.0000E+00,64.142E-06,0.0000E+00,-3.1784E-06,0.000E+00,0.000E+00,Error,Error,Error,NAN,88.076E-03,-113.73E-03,6.3273E-03,-6.0711E-03,Error,Error,NAN,NAN,NAN,NAN,NAN,NAN,NAN,NAN,NAN,NAN,NAN
  442,  2026/03/17,10:46:04,123.37E+00,124.14E+00,111.77E+00,29.488E-03,123.37E+00,9.1309E+00,8.9853E+00,8.0896E+00,2.5959E-03,9.1309E+00,-1.1232E+03,1.1265E+03,-86.970E+00,-0.9970E+00,-175.57E+00,50.007E+00,NAN,173.62E+00,-173.55E+00,13.614E+00,-13.605E+00,1.407E+00,1.491E+00,NAN,NAN,NAN,NAN,NAN,NAN,NAN,NAN,NAN,0.000E+00,0.000E+00,0.000E+00,-11.227E-03,0.000E+00,0.0000E+00,0.0000E+00,0.0000E+00,89.311E-06,0.0000E+00,-3.0673E-06,0.000E+00,0.000E+00,Error,Error,Error,NAN,83.309E-03,-110.55E-03,6.3273E-03,-5.9695E-03,Error,Error,NAN,NAN,NAN,NAN,NAN,NAN,NAN,NAN,NAN,NAN,NAN
  443,  2026/03/17,10:46:05,123.48E+00,124.22E+00,111.83E+00,34.681E-03,123.48E+00,9.1372E+00,8.9890E+00,8.0930E+00,1.6934E-03,9.1372E+00,-1.1249E+03,1.1283E+03,-87.106E+00,-0.9970E+00,-175.57E+00,50.011E+00,NAN,173.81E+00,-173.74E+00,13.622E+00,-13.611E+00,1.408E+00,1.491E+00,NAN,NAN,NAN,NAN,NAN,NAN,NAN,NAN,NAN,0.000E+00,0.000E+00,0.000E+00,-10.942E-03,0.000E+00,0.0000E+00,0.0000E+00,0.0000E+00,35.251E-06,0.0000E+00,-2.7375E-06,0.000E+00,0.000E+00,Error,Error,Error,NAN,76.953E-03,-97.841E-03,5.9208E-03,-6.4777E-03,Error,Error,NAN,NAN,NAN,NAN,NAN,NAN,NAN,NAN,NAN,NAN,NAN
  444,  2026/03/17,10:46:05,123.46E+00,124.19E+00,111.81E+00,37.695E-03,123.46E+00,9.1477E+00,8.9993E+00,8.1022E+00,2.0805E-03,9.1477E+00,-1.1260E+03,1.1294E+03,-87.029E+00,-0.9970E+00,-175.58E+00,50.011E+00,NAN,173.87E+00,-173.87E+00,13.635E+00,-13.632E+00,1.408E+00,1.490E+00,NAN,NAN,NAN,NAN,NAN,NAN,NAN,NAN,NAN,0.000E+00,0.000E+00,0.000E+00,-10.944E-03,0.000E+00,0.0000E+00,0.0000E+00,0.0000E+00,67.186E-06,0.0000E+00,-2.2322E-06,0.000E+00,0.000E+00,Error,Error,Error,NAN,75.364E-03,-108.96E-03,6.2257E-03,-6.4777E-03,Error,Error,NAN,NAN,NAN,NAN,NAN,NAN,NAN,NAN,NAN,NAN,NAN
  445,  2026/03/17,10:46:05,123.50E+00,124.23E+00,111.84E+00,32.586E-03,123.50E+00,9.0944E+00,8.9450E+00,8.0533E+00,-4.5386E-03,9.0944E+00,-1.1198E+03,1.1232E+03,-87.113E+00,-0.9970E+00,-175.55E+00,50.020E+00,NAN,173.91E+00,-173.80E+00,13.720E+00,-13.658E+00,1.408E+00,1.509E+00,NAN,NAN,NAN,NAN,NAN,NAN,NAN,NAN,NAN,0.000E+00,0.000E+00,0.000E+00,-11.048E-03,0.000E+00,0.0000E+00,0.0000E+00,0.0000E+00,82.464E-06,0.0000E+00,-3.6007E-06,0.000E+00,0.000E+00,Error,Error,Error,NAN,78.542E-03,-97.841E-03,6.4289E-03,-6.3760E-03,Error,Error,NAN,NAN,NAN,NAN,NAN,NAN,NAN,NAN,NAN,NAN,NAN
  446,  2026/03/17,10:46:05,123.50E+00,124.21E+00,111.83E+00,51.699E-03,123.50E+00,9.0741E+00,8.9241E+00,8.0345E+00,3.2295E-03,9.0741E+00,-1.1172E+03,1.1206E+03,-87.274E+00,-0.9970E+00,-175.53E+00,50.019E+00,NAN,173.84E+00,-173.87E+00,13.541E+00,-13.542E+00,1.408E+00,1.492E+00,NAN,NAN,NAN,NAN,NAN,NAN,NAN,NAN,NAN,0.000E+00,0.000E+00,0.000E+00,-10.683E-03,0.000E+00,0.0000E+00,0.0000E+00,0.0000E+00,123.79E-06,0.0000E+00,-3.6157E-06,0.000E+00,0.000E+00,Error,Error,Error,NAN,80.131E-03,-113.73E-03,7.2419E-03,-7.5955E-03,Error,Error,NAN,NAN,NAN,NAN,NAN,NAN,NAN,NAN,NAN,NAN,NAN
  447,  2026/03/17,10:46:06,123.58E+00,124.30E+00,111.91E+00,46.449E-03,123.58E+00,9.0652E+00,8.9155E+00,8.0268E+00,1.9595E-03,9.0652E+00,-1.1169E+03,1.1203E+03,-87.424E+00,-0.9970E+00,-175.52E+00,50.017E+00,NAN,173.87E+00,-173.90E+00,13.548E+00,-13.552E+00,1.407E+00,1.495E+00,NAN,NAN,NAN,NAN,NAN,NAN,NAN,NAN,NAN,0.000E+00,0.000E+00,0.000E+00,-10.697E-03,0.000E+00,0.0000E+00,0.0000E+00,0.0000E+00,102.83E-06,0.0000E+00,-3.3467E-06,0.000E+00,0.000E+00,Error,Error,Error,NAN,88.076E-03,-107.37E-03,6.4289E-03,-5.8679E-03,Error,Error,NAN,NAN,NAN,NAN,NAN,NAN,NAN,NAN,NAN,NAN,NAN
  448,  2026/03/17,10:46:06,123.44E+00,124.15E+00,111.78E+00,101.45E-03,123.44E+00,9.1141E+00,8.9632E+00,8.0697E+00,28.972E-03,9.1140E+00,-1.1215E+03,1.1251E+03,-90.205E+00,-0.9968E+00,-175.40E+00,50.016E+00,NAN,174.13E+00,-174.06E+00,14.011E+00,-14.308E+00,1.411E+00,1.570E+00,NAN,NAN,NAN,NAN,NAN,NAN,NAN,NAN,NAN,0.000E+00,0.000E+00,0.000E+00,-10.781E-03,0.000E+00,0.0000E+00,0.0000E+00,0.0000E+00,153.42E-06,0.0000E+00,-3.9926E-06,0.000E+00,0.000E+00,Error,Error,Error,NAN,88.076E-03,-101.02E-03,6.9371E-03,-6.2744E-03,Error,Error,NAN,NAN,NAN,NAN,NAN,NAN,NAN,NAN,NAN,NAN,NAN
  449,  2026/03/17,10:46:06,122.52E+00,123.25E+00,110.97E+00,45.579E-03,122.52E+00,9.6367E+00,9.4917E+00,8.5455E+00,2.5873E-03,9.6367E+00,-1.1777E+03,1.1807E+03,-84.292E+00,-0.9974E+00,-175.91E+00,50.014E+00,NAN,172.54E+00,-172.43E+00,14.341E+00,-14.335E+00,1.408E+00,1.488E+00,NAN,NAN,NAN,NAN,NAN,NAN,NAN,NAN,NAN,0.000E+00,0.000E+00,0.000E+00,-11.043E-03,0.000E+00,0.0000E+00,0.0000E+00,0.0000E+00,127.88E-06,0.0000E+00,-3.6780E-06,0.000E+00,0.000E+00,Error,Error,Error,NAN,80.131E-03,-97.841E-03,6.4289E-03,-5.8679E-03,Error,Error,NAN,NAN,NAN,NAN,NAN,NAN,NAN,NAN,NAN,NAN,NAN
  450,  2026/03/17,10:46:06,122.46E+00,123.17E+00,110.90E+00,44.176E-03,122.46E+00,9.6671E+00,9.5206E+00,8.5716E+00,1.8756E-03,9.6671E+00,-1.1809E+03,1.1839E+03,-84.174E+00,-0.9975E+00,-175.92E+00,50.020E+00,NAN,172.51E+00,-172.43E+00,14.367E+00,-14.375E+00,1.409E+00,1.487E+00,NAN,NAN,NAN,NAN,NAN,NAN,NAN,NAN,NAN,0.000E+00,0.000E+00,0.000E+00,-11.324E-03,0.000E+00,0.0000E+00,0.0000E+00,0.0000E+00,119.22E-06,0.0000E+00,-3.7198E-06,0.000E+00,0.000E+00,Error,Error,Error,NAN,78.542E-03,-113.73E-03,6.5306E-03,-6.0711E-03,Error,Error,NAN,NAN,NAN,NAN,NAN,NAN,NAN,NAN,NAN,NAN,NAN
  451,  2026/03/17,10:46:06,122.43E+00,123.15E+00,110.88E+00,43.894E-03,122.43E+00,9.6693E+00,9.5240E+00,8.5746E+00,4.1202E-03,9.6693E+00,-1.1808E+03,1.1838E+03,-84.284E+00,-0.9975E+00,-175.92E+00,50.012E+00,NAN,172.41E+00,-172.40E+00,14.408E+00,-14.399E+00,1.408E+00,1.490E+00,NAN,NAN,NAN,NAN,NAN,NAN,NAN,NAN,NAN,0.000E+00,0.000E+00,0.000E+00,-11.134E-03,0.000E+00,0.0000E+00,0.0000E+00,0.0000E+00,171.32E-06,0.0000E+00,-4.9880E-06,0.000E+00,0.000E+00,Error,Error,Error,NAN,89.665E-03,-104.20E-03,6.3273E-03,-6.4777E-03,Error,Error,NAN,NAN,NAN,NAN,NAN,NAN,NAN,NAN,NAN,NAN,NAN
  452,  2026/03/17,10:46:07,122.46E+00,123.18E+00,110.90E+00,48.566E-03,122.46E+00,9.6734E+00,9.5273E+00,8.5776E+00,1.2922E-03,9.6734E+00,-1.1816E+03,1.1846E+03,-84.337E+00,-0.9975E+00,-175.92E+00,50.014E+00,NAN,172.51E+00,-172.50E+00,14.416E+00,-14.415E+00,1.409E+00,1.490E+00,NAN,NAN,NAN,NAN,NAN,NAN,NAN,NAN,NAN,0.000E+00,0.000E+00,0.000E+00,-10.989E-03,0.000E+00,0.0000E+00,0.0000E+00,0.0000E+00,123.48E-06,0.0000E+00,-4.8285E-06,0.000E+00,0.000E+00,Error,Error,Error,NAN,89.665E-03,-93.074E-03,6.1240E-03,-5.5630E-03,Error,Error,NAN,NAN,NAN,NAN,NAN,NAN,NAN,NAN,NAN,NAN,NAN
  453,  2026/03/17,10:46:08,122.00E+00,122.73E+00,110.49E+00,40.299E-03,122.00E+00,9.8601E+00,9.7170E+00,8.7484E+00,4.1804E-03,9.8601E+00,-1.2000E+03,1.2029E+03,-83.340E+00,-0.9976E+00,-176.03E+00,50.012E+00,NAN,171.74E+00,-171.76E+00,14.678E+00,-14.673E+00,1.408E+00,1.489E+00,NAN,NAN,NAN,NAN,NAN,NAN,NAN,NAN,NAN,0.000E+00,0.000E+00,0.000E+00,-11.065E-03,0.000E+00,0.0000E+00,0.0000E+00,0.0000E+00,124.87E-06,0.0000E+00,-4.2569E-06,0.000E+00,0.000E+00,Error,Error,Error,NAN,83.309E-03,-99.430E-03,6.1240E-03,-5.5630E-03,Error,Error,NAN,NAN,NAN,NAN,NAN,NAN,NAN,NAN,NAN,NAN,NAN
  454,  2026/03/17,10:46:08,121.93E+00,122.66E+00,110.43E+00,20.399E-03,121.93E+00,9.8454E+00,9.7018E+00,8.7347E+00,-6.7889E-03,9.8454E+00,-1.1976E+03,1.2005E+03,-83.026E+00,-0.9976E+00,-176.03E+00,50.015E+00,NAN,172.06E+00,-171.92E+00,14.652E+00,-14.648E+00,1.411E+00,1.488E+00,NAN,NAN,NAN,NAN,NAN,NAN,NAN,NAN,NAN,0.000E+00,0.000E+00,0.000E+00,-10.971E-03,0.000E+00,0.0000E+00,0.0000E+00,0.0000E+00,111.14E-06,0.0000E+00,-2.6732E-06,0.000E+00,0.000E+00,Error,Error,Error,NAN,73.774E-03,-104.20E-03,5.9208E-03,-6.6809E-03,Error,Error,NAN,NAN,NAN,NAN,NAN,NAN,NAN,NAN,NAN,NAN,NAN
  455,  2026/03/17,10:46:08,123.41E+00,124.15E+00,111.78E+00,35.775E-03,123.41E+00,9.1545E+00,9.0066E+00,8.1088E+00,-3.6209E-03,9.1545E+00,-1.1264E+03,1.1298E+03,-87.302E+00,-0.9970E+00,-175.57E+00,50.021E+00,NAN,173.75E+00,-173.74E+00,13.769E+00,-13.743E+00,1.408E+00,1.504E+00,NAN,NAN,NAN,NAN,NAN,NAN,NAN,NAN,NAN,0.000E+00,0.000E+00,0.000E+00,-11.135E-03,0.000E+00,0.0000E+00,0.0000E+00,0.0000E+00,65.085E-06,0.0000E+00,-2.0651E-06,0.000E+00,0.000E+00,Error,Error,Error,NAN,84.898E-03,-101.02E-03,5.5143E-03,-5.8679E-03,Error,Error,NAN,NAN,NAN,NAN,NAN,NAN,NAN,NAN,NAN,NAN,NAN
  456,  2026/03/17,10:46:08,123.58E+00,124.32E+00,111.92E+00,40.461E-03,123.58E+00,9.0717E+00,8.9230E+00,8.0335E+00,-19.506E-06,9.0717E+00,-1.1177E+03,1.1211E+03,-87.514E+00,-0.9969E+00,-175.52E+00,50.020E+00,NAN,174.07E+00,-173.83E+00,13.573E+00,-13.564E+00,1.409E+00,1.496E+00,NAN,NAN,NAN,NAN,NAN,NAN,NAN,NAN,NAN,0.000E+00,0.000E+00,0.000E+00,-11.170E-03,0.000E+00,0.0000E+00,0.0000E+00,0.0000E+00,98.494E-06,0.0000E+00,-3.5151E-06,0.000E+00,0.000E+00,Error,Error,Error,NAN,78.542E-03,-102.61E-03,6.4289E-03,-6.3760E-03,Error,Error,NAN,NAN,NAN,NAN,NAN,NAN,NAN,NAN,NAN,NAN,NAN
  457,  2026/03/17,10:46:08,123.67E+00,124.41E+00,112.00E+00,46.519E-03,123.67E+00,9.0427E+00,8.8938E+00,8.0073E+00,24.338E-06,9.0427E+00,-1.1148E+03,1.1183E+03,-87.611E+00,-0.9969E+00,-175.51E+00,50.015E+00,NAN,174.19E+00,-174.09E+00,13.523E+00,-13.514E+00,1.409E+00,1.495E+00,NAN,NAN,NAN,NAN,NAN,NAN,NAN,NAN,NAN,0.000E+00,0.000E+00,0.000E+00,-10.663E-03,0.000E+00,0.0000E+00,0.0000E+00,0.0000E+00,92.867E-06,0.0000E+00,-3.2505E-06,0.000E+00,0.000E+00,Error,Error,Error,NAN,84.898E-03,-99.430E-03,6.1240E-03,-5.9695E-03,Error,Error,NAN,NAN,NAN,NAN,NAN,NAN,NAN,NAN,NAN,NAN,NAN
  458,  2026/03/17,10:46:09,124.01E+00,124.76E+00,112.32E+00,40.655E-03,124.01E+00,8.8345E+00,8.6854E+00,7.8196E+00,2.0202E-03,8.8345E+00,-1.0920E+03,1.0956E+03,-88.492E+00,-0.9967E+00,-175.37E+00,50.019E+00,NAN,174.80E+00,-174.66E+00,13.257E+00,-13.251E+00,1.410E+00,1.501E+00,NAN,NAN,NAN,NAN,NAN,NAN,NAN,NAN,NAN,0.000E+00,0.000E+00,0.000E+00,-11.186E-03,0.000E+00,0.0000E+00,0.0000E+00,0.0000E+00,159.51E-06,0.0000E+00,-4.1718E-06,0.000E+00,0.000E+00,Error,Error,Error,NAN,78.542E-03,-107.37E-03,5.7175E-03,-6.2744E-03,Error,Error,NAN,NAN,NAN,NAN,NAN,NAN,NAN,NAN,NAN,NAN,NAN
  459,  2026/03/17,10:46:09,124.17E+00,124.91E+00,112.46E+00,54.522E-03,124.17E+00,8.8346E+00,8.6850E+00,7.8192E+00,3.3879E-03,8.8346E+00,-1.0934E+03,1.0970E+03,-88.864E+00,-0.9967E+00,-175.35E+00,50.025E+00,NAN,174.93E+00,-174.76E+00,13.427E+00,-13.336E+00,1.409E+00,1.520E+00,NAN,NAN,NAN,NAN,NAN,NAN,NAN,NAN,NAN,0.000E+00,0.000E+00,0.000E+00,-11.012E-03,0.000E+00,0.0000E+00,0.0000E+00,0.0000E+00,126.51E-06,0.0000E+00,-3.9216E-06,0.000E+00,0.000E+00,Error,Error,Error,NAN,83.309E-03,-102.61E-03,6.7338E-03,-6.6809E-03,Error,Error,NAN,NAN,NAN,NAN,NAN,NAN,NAN,NAN,NAN,NAN,NAN
  460,  2026/03/17,10:46:10,124.13E+00,124.86E+00,112.42E+00,45.476E-03,124.13E+00,8.8666E+00,8.7171E+00,7.8481E+00,489.68E-06,8.8666E+00,-1.0970E+03,1.1006E+03,-88.581E+00,-0.9968E+00,-175.38E+00,50.020E+00,NAN,174.93E+00,-174.85E+00,13.262E+00,-13.262E+00,1.409E+00,1.496E+00,NAN,NAN,NAN,NAN,NAN,NAN,NAN,NAN,NAN,0.000E+00,0.000E+00,0.000E+00,-11.120E-03,0.000E+00,0.0000E+00,0.0000E+00,0.0000E+00,128.02E-06,0.0000E+00,-4.5336E-06,0.000E+00,0.000E+00,Error,Error,Error,NAN,84.898E-03,-110.55E-03,7.0387E-03,-6.0711E-03,Error,Error,NAN,NAN,NAN,NAN,NAN,NAN,NAN,NAN,NAN,NAN,NAN
  461,  2026/03/17,10:46:10,124.15E+00,124.89E+00,112.44E+00,41.917E-03,124.15E+00,8.8581E+00,8.7085E+00,7.8404E+00,1.1843E-03,8.8581E+00,-1.0961E+03,1.0997E+03,-88.633E+00,-0.9967E+00,-175.38E+00,50.025E+00,NAN,174.83E+00,-174.79E+00,13.244E+00,-13.243E+00,1.408E+00,1.495E+00,NAN,NAN,NAN,NAN,NAN,NAN,NAN,NAN,NAN,0.000E+00,0.000E+00,0.000E+00,-11.176E-03,0.000E+00,0.0000E+00,0.0000E+00,0.0000E+00,158.65E-06,0.0000E+00,-4.5637E-06,0.000E+00,0.000E+00,Error,Error,Error,NAN,75.364E-03,-93.074E-03,6.0224E-03,-6.3760E-03,Error,Error,NAN,NAN,NAN,NAN,NAN,NAN,NAN,NAN,NAN,NAN,NAN
  462,  2026/03/17,10:46:10,124.08E+00,124.84E+00,112.39E+00,35.833E-03,124.08E+00,8.8617E+00,8.7135E+00,7.8449E+00,1.1617E-03,8.8617E+00,-1.0960E+03,1.0996E+03,-88.520E+00,-0.9968E+00,-175.38E+00,50.029E+00,NAN,174.80E+00,-174.72E+00,13.256E+00,-13.250E+00,1.409E+00,1.496E+00,NAN,NAN,NAN,NAN,NAN,NAN,NAN,NAN,NAN,0.000E+00,0.000E+00,0.000E+00,-10.841E-03,0.000E+00,0.0000E+00,0.0000E+00,0.0000E+00,161.53E-06,0.0000E+00,-4.1567E-06,0.000E+00,0.000E+00,Error,Error,Error,NAN,91.254E-03,-110.55E-03,6.2257E-03,-7.2907E-03,Error,Error,NAN,NAN,NAN,NAN,NAN,NAN,NAN,NAN,NAN,NAN,NAN
  463,  2026/03/17,10:46:10,123.87E+00,124.61E+00,112.19E+00,49.590E-03,123.87E+00,8.9338E+00,8.7861E+00,7.9102E+00,8.2895E-03,8.9338E+00,-1.1031E+03,1.1066E+03,-88.311E+00,-0.9968E+00,-175.42E+00,50.025E+00,NAN,174.51E+00,-174.41E+00,13.441E+00,-13.434E+00,1.409E+00,1.504E+00,NAN,NAN,NAN,NAN,NAN,NAN,NAN,NAN,NAN,0.000E+00,0.000E+00,0.000E+00,-11.044E-03,0.000E+00,0.0000E+00,0.0000E+00,0.0000E+00,210.55E-06,0.0000E+00,-4.8224E-06,0.000E+00,0.000E+00,Error,Error,Error,NAN,73.774E-03,-97.841E-03,6.4289E-03,-6.2744E-03,Error,Error,NAN,NAN,NAN,NAN,NAN,NAN,NAN,NAN,NAN,NAN,NAN
  464,  2026/03/17,10:46:11,123.78E+00,124.52E+00,112.11E+00,46.742E-03,123.78E+00,8.9719E+00,8.8248E+00,7.9451E+00,1.6352E-03,8.9719E+00,-1.1070E+03,1.1105E+03,-87.706E+00,-0.9969E+00,-175.47E+00,50.029E+00,NAN,174.38E+00,-174.28E+00,13.421E+00,-13.428E+00,1.409E+00,1.497E+00,NAN,NAN,NAN,NAN,NAN,NAN,NAN,NAN,NAN,0.000E+00,0.000E+00,0.000E+00,-11.018E-03,0.000E+00,0.0000E+00,0.0000E+00,0.0000E+00,183.14E-06,0.0000E+00,-4.8596E-06,0.000E+00,0.000E+00,Error,Error,Error,NAN,78.542E-03,-101.02E-03,6.7338E-03,-5.8679E-03,Error,Error,NAN,NAN,NAN,NAN,NAN,NAN,NAN,NAN,NAN,NAN,NAN
  465,  2026/03/17,10:46:11,123.80E+00,124.54E+00,112.12E+00,41.893E-03,123.80E+00,8.9712E+00,8.8237E+00,7.9441E+00,2.7553E-03,8.9712E+00,-1.1071E+03,1.1106E+03,-87.865E+00,-0.9969E+00,-175.46E+00,50.024E+00,NAN,174.54E+00,-174.31E+00,13.444E+00,-13.441E+00,1.410E+00,1.499E+00,NAN,NAN,NAN,NAN,NAN,NAN,NAN,NAN,NAN,0.000E+00,0.000E+00,0.000E+00,-10.733E-03,0.000E+00,0.0000E+00,0.0000E+00,0.0000E+00,210.46E-06,0.0000E+00,-4.1217E-06,0.000E+00,0.000E+00,Error,Error,Error,NAN,83.309E-03,-97.841E-03,7.1403E-03,-6.0711E-03,Error,Error,NAN,NAN,NAN,NAN,NAN,NAN,NAN,NAN,NAN,NAN,NAN
  466,  2026/03/17,10:46:11,123.55E+00,124.29E+00,111.90E+00,28.967E-03,123.55E+00,9.0670E+00,8.9205E+00,8.0313E+00,-3.3691E-03,9.0670E+00,-1.1168E+03,1.1202E+03,-87.174E+00,-0.9970E+00,-175.54E+00,50.027E+00,NAN,174.07E+00,-174.12E+00,13.617E+00,-13.611E+00,1.409E+00,1.502E+00,NAN,NAN,NAN,NAN,NAN,NAN,NAN,NAN,NAN,0.000E+00,0.000E+00,0.000E+00,-11.107E-03,0.000E+00,0.0000E+00,0.0000E+00,0.0000E+00,126.56E-06,0.0000E+00,-4.2064E-06,0.000E+00,0.000E+00,Error,Error,Error,NAN,83.309E-03,-99.430E-03,7.7501E-03,-6.1728E-03,Error,Error,NAN,NAN,NAN,NAN,NAN,NAN,NAN,NAN,NAN,NAN,NAN
  467,  2026/03/17,10:46:11,123.48E+00,124.23E+00,111.84E+00,47.238E-03,123.48E+00,9.0150E+00,8.8684E+00,7.9843E+00,2.4454E-03,9.0150E+00,-1.1098E+03,1.1132E+03,-87.190E+00,-0.9969E+00,-175.51E+00,50.023E+00,NAN,174.00E+00,-173.93E+00,13.510E+00,-13.516E+00,1.409E+00,1.499E+00,NAN,NAN,NAN,NAN,NAN,NAN,NAN,NAN,NAN,0.000E+00,0.000E+00,0.000E+00,-11.176E-03,0.000E+00,0.0000E+00,0.0000E+00,0.0000E+00,107.75E-06,0.0000E+00,-4.2763E-06,0.000E+00,0.000E+00,Error,Error,Error,NAN,80.131E-03,-123.27E-03,6.6322E-03,-6.1728E-03,Error,Error,NAN,NAN,NAN,NAN,NAN,NAN,NAN,NAN,NAN,NAN,NAN
  468,  2026/03/17,10:46:11,123.30E+00,124.04E+00,111.68E+00,40.408E-03,123.30E+00,9.0335E+00,8.8876E+00,8.0016E+00,390.46E-06,9.0335E+00,-1.1104E+03,1.1138E+03,-86.820E+00,-0.9970E+00,-175.53E+00,50.024E+00,NAN,173.68E+00,-173.67E+00,13.539E+00,-13.530E+00,1.409E+00,1.499E+00,NAN,NAN,NAN,NAN,NAN,NAN,NAN,NAN,NAN,0.000E+00,0.000E+00,0.000E+00,-11.151E-03,0.000E+00,0.0000E+00,0.0000E+00,0.0000E+00,111.02E-06,0.0000E+00,-3.7300E-06,0.000E+00,0.000E+00,Error,Error,Error,NAN,80.131E-03,-97.841E-03,6.4289E-03,-6.1728E-03,Error,Error,NAN,NAN,NAN,NAN,NAN,NAN,NAN,NAN,NAN,NAN,NAN
  469,  2026/03/17,10:46:12,123.45E+00,124.20E+00,111.82E+00,41.238E-03,123.45E+00,9.0474E+00,8.9010E+00,8.0137E+00,80.332E-06,9.0474E+00,-1.1135E+03,1.1169E+03,-87.179E+00,-0.9969E+00,-175.52E+00,50.023E+00,NAN,173.91E+00,-173.80E+00,13.540E+00,-13.535E+00,1.409E+00,1.497E+00,NAN,NAN,NAN,NAN,NAN,NAN,NAN,NAN,NAN,0.000E+00,0.000E+00,0.000E+00,-10.969E-03,0.000E+00,0.0000E+00,0.0000E+00,0.0000E+00,109.35E-06,0.0000E+00,-3.7863E-06,0.000E+00,0.000E+00,Error,Error,Error,NAN,80.131E-03,-113.73E-03,6.5306E-03,-5.8679E-03,Error,Error,NAN,NAN,NAN,NAN,NAN,NAN,NAN,NAN,NAN,NAN,NAN
  470,  2026/03/17,10:46:12,123.62E+00,124.36E+00,111.96E+00,30.911E-03,123.62E+00,9.0447E+00,8.8975E+00,8.0106E+00,320.26E-06,9.0447E+00,-1.1147E+03,1.1181E+03,-87.464E+00,-0.9969E+00,-175.51E+00,50.021E+00,NAN,174.10E+00,-174.02E+00,13.539E+00,-13.540E+00,1.408E+00,1.497E+00,NAN,NAN,NAN,NAN,NAN,NAN,NAN,NAN,NAN,0.000E+00,0.000E+00,0.000E+00,-11.284E-03,0.000E+00,0.0000E+00,0.0000E+00,0.0000E+00,99.412E-06,0.0000E+00,-4.3850E-06,0.000E+00,0.000E+00,Error,Error,Error,NAN,75.364E-03,-107.37E-03,6.2257E-03,-6.0711E-03,Error,Error,NAN,NAN,NAN,NAN,NAN,NAN,NAN,NAN,NAN,NAN,NAN
  471,  2026/03/17,10:46:12,123.80E+00,124.55E+00,112.13E+00,26.809E-03,123.80E+00,9.0364E+00,8.8888E+00,8.0027E+00,1.1745E-03,9.0364E+00,-1.1153E+03,1.1188E+03,-87.802E+00,-0.9969E+00,-175.50E+00,50.020E+00,NAN,174.42E+00,-174.37E+00,13.540E+00,-13.525E+00,1.409E+00,1.498E+00,NAN,NAN,NAN,NAN,NAN,NAN,NAN,NAN,NAN,0.000E+00,0.000E+00,0.000E+00,-11.445E-03,0.000E+00,0.0000E+00,0.0000E+00,0.0000E+00,124.19E-06,0.0000E+00,-4.2194E-06,0.000E+00,0.000E+00,Error,Error,Error,NAN,75.364E-03,-107.37E-03,7.4452E-03,-6.0711E-03,Error,Error,NAN,NAN,NAN,NAN,NAN,NAN,NAN,NAN,NAN,NAN,NAN
  472,  2026/03/17,10:46:12,124.12E+00,124.86E+00,112.41E+00,42.605E-03,124.12E+00,8.9012E+00,8.7519E+00,7.8794E+00,-118.28E-06,8.9012E+00,-1.1012E+03,1.1048E+03,-88.647E+00,-0.9968E+00,-175.40E+00,50.020E+00,NAN,174.83E+00,-174.82E+00,13.339E+00,-13.349E+00,1.409E+00,1.500E+00,NAN,NAN,NAN,NAN,NAN,NAN,NAN,NAN,NAN,0.000E+00,0.000E+00,0.000E+00,-11.085E-03,0.000E+00,0.0000E+00,0.0000E+00,0.0000E+00,118.50E-06,0.0000E+00,-4.3100E-06,0.000E+00,0.000E+00,Error,Error,Error,NAN,86.487E-03,-101.02E-03,6.8354E-03,-7.6972E-03,Error,Error,NAN,NAN,NAN,NAN,NAN,NAN,NAN,NAN,NAN,NAN,NAN
  473,  2026/03/17,10:46:13,124.11E+00,124.83E+00,112.38E+00,41.740E-03,124.11E+00,8.8634E+00,8.7124E+00,7.8439E+00,22.962E-06,8.8634E+00,-1.0965E+03,1.1000E+03,-88.636E+00,-0.9967E+00,-175.38E+00,50.024E+00,NAN,175.08E+00,-175.14E+00,13.316E+00,-13.321E+00,1.411E+00,1.503E+00,NAN,NAN,NAN,NAN,NAN,NAN,NAN,NAN,NAN,0.000E+00,0.000E+00,0.000E+00,-10.931E-03,0.000E+00,0.0000E+00,0.0000E+00,0.0000E+00,140.52E-06,0.0000E+00,-3.3113E-06,0.000E+00,0.000E+00,Error,Error,Error,NAN,81.720E-03,-101.02E-03,6.5306E-03,-6.4777E-03,Error,Error,NAN,NAN,NAN,NAN,NAN,NAN,NAN,NAN,NAN,NAN,NAN
  474,  2026/03/17,10:46:13,124.05E+00,124.78E+00,112.34E+00,39.310E-03,124.05E+00,8.8687E+00,8.7185E+00,7.8494E+00,-21.123E-06,8.8687E+00,-1.0966E+03,1.1002E+03,-88.448E+00,-0.9968E+00,-175.39E+00,50.030E+00,NAN,175.08E+00,-175.04E+00,13.315E+00,-13.316E+00,1.411E+00,1.502E+00,NAN,NAN,NAN,NAN,NAN,NAN,NAN,NAN,NAN,0.000E+00,0.000E+00,0.000E+00,-11.195E-03,0.000E+00,0.0000E+00,0.0000E+00,0.0000E+00,124.79E-06,0.0000E+00,-3.9351E-06,0.000E+00,0.000E+00,Error,Error,Error,NAN,78.542E-03,-102.61E-03,6.7338E-03,-6.0711E-03,Error,Error,NAN,NAN,NAN,NAN,NAN,NAN,NAN,NAN,NAN,NAN,NAN
  475,  2026/03/17,10:46:13,124.00E+00,124.72E+00,112.29E+00,45.861E-03,124.00E+00,8.8655E+00,8.7157E+00,7.8469E+00,650.93E-06,8.8655E+00,-1.0958E+03,1.0993E+03,-88.425E+00,-0.9968E+00,-175.39E+00,50.025E+00,NAN,174.89E+00,-174.85E+00,13.309E+00,-13.308E+00,1.410E+00,1.501E+00,NAN,NAN,NAN,NAN,NAN,NAN,NAN,NAN,NAN,0.000E+00,0.000E+00,0.000E+00,-11.093E-03,0.000E+00,0.0000E+00,0.0000E+00,0.0000E+00,79.378E-06,0.0000E+00,-3.0436E-06,0.000E+00,0.000E+00,Error,Error,Error,NAN,76.953E-03,-97.841E-03,6.6322E-03,-6.4777E-03,Error,Error,NAN,NAN,NAN,NAN,NAN,NAN,NAN,NAN,NAN,NAN,NAN
  476,  2026/03/17,10:46:13,123.97E+00,124.70E+00,112.27E+00,37.779E-03,123.97E+00,8.8764E+00,8.7266E+00,7.8567E+00,468.62E-06,8.8764E+00,-1.0969E+03,1.1004E+03,-88.381E+00,-0.9968E+00,-175.39E+00,50.025E+00,NAN,174.89E+00,-174.79E+00,13.327E+00,-13.328E+00,1.411E+00,1.501E+00,NAN,NAN,NAN,NAN,NAN,NAN,NAN,NAN,NAN,0.000E+00,0.000E+00,0.000E+00,-11.175E-03,0.000E+00,0.0000E+00,0.0000E+00,0.0000E+00,93.336E-06,0.0000E+00,-4.0082E-06,0.000E+00,0.000E+00,Error,Error,Error,NAN,81.720E-03,-105.79E-03,6.8354E-03,-6.9858E-03,Error,Error,NAN,NAN,NAN,NAN,NAN,NAN,NAN,NAN,NAN,NAN,NAN
  477,  2026/03/17,10:46:13,123.90E+00,124.61E+00,112.19E+00,36.379E-03,123.90E+00,8.8721E+00,8.7210E+00,7.8516E+00,1.9807E-03,8.8721E+00,-1.0958E+03,1.0993E+03,-88.119E+00,-0.9968E+00,-175.40E+00,50.021E+00,NAN,174.54E+00,-174.44E+00,13.307E+00,-13.299E+00,1.409E+00,1.500E+00,NAN,NAN,NAN,NAN,NAN,NAN,NAN,NAN,NAN,0.000E+00,0.000E+00,0.000E+00,-11.059E-03,0.000E+00,0.0000E+00,0.0000E+00,0.0000E+00,116.56E-06,0.0000E+00,-3.8190E-06,0.000E+00,0.000E+00,Error,Error,Error,NAN,75.364E-03,-102.61E-03,7.7501E-03,-5.6646E-03,Error,Error,NAN,NAN,NAN,NAN,NAN,NAN,NAN,NAN,NAN,NAN,NAN
  478,  2026/03/17,10:46:14,123.70E+00,124.40E+00,112.00E+00,42.474E-03,123.70E+00,9.0215E+00,8.8705E+00,7.9863E+00,83.869E-06,9.0215E+00,-1.1125E+03,1.1160E+03,-87.447E+00,-0.9969E+00,-175.51E+00,50.021E+00,NAN,174.29E+00,-174.28E+00,13.497E+00,-13.509E+00,1.409E+00,1.497E+00,NAN,NAN,NAN,NAN,NAN,NAN,NAN,NAN,NAN,0.000E+00,0.000E+00,0.000E+00,-11.044E-03,0.000E+00,0.0000E+00,0.0000E+00,0.0000E+00,116.46E-06,0.0000E+00,-3.3474E-06,0.000E+00,0.000E+00,Error,Error,Error,NAN,76.953E-03,-105.79E-03,6.8354E-03,-5.6646E-03,Error,Error,NAN,NAN,NAN,NAN,NAN,NAN,NAN,NAN,NAN,NAN,NAN
  479,  2026/03/17,10:46:15,123.71E+00,124.43E+00,112.02E+00,36.013E-03,123.71E+00,9.0290E+00,8.8793E+00,7.9942E+00,-1.8741E-03,9.0290E+00,-1.1135E+03,1.1170E+03,-87.423E+00,-0.9969E+00,-175.51E+00,50.023E+00,NAN,174.35E+00,-174.28E+00,13.498E+00,-13.512E+00,1.409E+00,1.497E+00,NAN,NAN,NAN,NAN,NAN,NAN,NAN,NAN,NAN,0.000E+00,0.000E+00,0.000E+00,-10.972E-03,0.000E+00,0.0000E+00,0.0000E+00,0.0000E+00,166.36E-06,0.0000E+00,-3.3856E-06,0.000E+00,0.000E+00,Error,Error,Error,NAN,81.720E-03,-99.430E-03,6.5306E-03,-6.6809E-03,Error,Error,NAN,NAN,NAN,NAN,NAN,NAN,NAN,NAN,NAN,NAN,NAN
  480,  2026/03/17,10:46:15,123.48E+00,124.19E+00,111.81E+00,34.112E-03,123.48E+00,9.1093E+00,8.9601E+00,8.0670E+00,-8.7169E-03,9.1093E+00,-1.1214E+03,1.1248E+03,-87.242E+00,-0.9970E+00,-175.55E+00,50.030E+00,NAN,174.03E+00,-173.93E+00,13.743E+00,-13.799E+00,1.409E+00,1.515E+00,NAN,NAN,NAN,NAN,NAN,NAN,NAN,NAN,NAN,0.000E+00,0.000E+00,0.000E+00,-11.210E-03,0.000E+00,0.0000E+00,0.0000E+00,0.0000E+00,80.227E-06,0.0000E+00,-3.3418E-06,0.000E+00,0.000E+00,Error,Error,Error,NAN,92.843E-03,-99.430E-03,6.6322E-03,-6.0711E-03,Error,Error,NAN,NAN,NAN,NAN,NAN,NAN,NAN,NAN,NAN,NAN,NAN
  481,  2026/03/17,10:46:15,122.89E+00,123.61E+00,111.29E+00,18.944E-03,122.89E+00,9.3403E+00,9.1933E+00,8.2769E+00,-7.6590E-03,9.3403E+00,-1.1446E+03,1.1478E+03,-85.704E+00,-0.9972E+00,-175.72E+00,50.032E+00,NAN,173.01E+00,-173.01E+00,14.016E+00,-14.069E+00,1.408E+00,1.506E+00,NAN,NAN,NAN,NAN,NAN,NAN,NAN,NAN,NAN,0.000E+00,0.000E+00,0.000E+00,-10.935E-03,0.000E+00,0.0000E+00,0.0000E+00,0.0000E+00,154.94E-06,0.0000E+00,-3.7910E-06,0.000E+00,0.000E+00,Error,Error,Error,NAN,75.364E-03,-99.430E-03,6.8354E-03,-5.3598E-03,Error,Error,NAN,NAN,NAN,NAN,NAN,NAN,NAN,NAN,NAN,NAN,NAN
  482,  2026/03/17,10:46:15,122.71E+00,123.43E+00,111.13E+00,44.629E-03,122.71E+00,9.4162E+00,9.2709E+00,8.3467E+00,7.7675E-03,9.4162E+00,-1.1523E+03,1.1555E+03,-85.387E+00,-0.9973E+00,-175.76E+00,50.023E+00,NAN,172.86E+00,-172.75E+00,14.432E+00,-14.215E+00,1.409E+00,1.533E+00,NAN,NAN,NAN,NAN,NAN,NAN,NAN,NAN,NAN,0.000E+00,0.000E+00,0.000E+00,-10.914E-03,0.000E+00,0.0000E+00,0.0000E+00,0.0000E+00,91.789E-06,0.0000E+00,-3.3145E-06,0.000E+00,0.000E+00,Error,Error,Error,NAN,84.898E-03,-102.61E-03,6.9371E-03,-5.6646E-03,Error,Error,NAN,NAN,NAN,NAN,NAN,NAN,NAN,NAN,NAN,NAN,NAN
  483,  2026/03/17,10:46:15,122.63E+00,123.35E+00,111.06E+00,-14.929E-03,122.63E+00,9.5273E+00,9.3799E+00,8.4448E+00,-23.610E-03,9.5273E+00,-1.1650E+03,1.1684E+03,-88.472E+00,-0.9971E+00,-175.66E+00,50.034E+00,NAN,173.33E+00,-173.20E+00,14.516E+00,-14.534E+00,1.413E+00,1.526E+00,NAN,NAN,NAN,NAN,NAN,NAN,NAN,NAN,NAN,0.000E+00,0.000E+00,0.000E+00,-11.142E-03,0.000E+00,0.0000E+00,0.0000E+00,0.0000E+00,100.57E-06,0.0000E+00,-4.2703E-06,0.000E+00,0.000E+00,Error,Error,Error,NAN,86.487E-03,-104.20E-03,7.0387E-03,-5.6646E-03,Error,Error,NAN,NAN,NAN,NAN,NAN,NAN,NAN,NAN,NAN,NAN,NAN
  484,  2026/03/17,10:46:16,123.16E+00,123.88E+00,111.53E+00,38.909E-03,123.16E+00,9.3283E+00,9.1813E+00,8.2661E+00,1.9629E-03,9.3283E+00,-1.1457E+03,1.1489E+03,-85.958E+00,-0.9972E+00,-175.71E+00,50.029E+00,NAN,173.43E+00,-173.32E+00,13.899E+00,-13.901E+00,1.408E+00,1.490E+00,NAN,NAN,NAN,NAN,NAN,NAN,NAN,NAN,NAN,0.000E+00,0.000E+00,0.000E+00,-11.040E-03,0.000E+00,0.0000E+00,0.0000E+00,0.0000E+00,98.599E-06,0.0000E+00,-4.0894E-06,0.000E+00,0.000E+00,Error,Error,Error,NAN,88.076E-03,-107.37E-03,6.2257E-03,-6.6809E-03,Error,Error,NAN,NAN,NAN,NAN,NAN,NAN,NAN,NAN,NAN,NAN,NAN
  485,  2026/03/17,10:46:17,123.10E+00,123.83E+00,111.49E+00,50.013E-03,123.10E+00,9.3272E+00,9.1810E+00,8.2658E+00,4.3101E-03,9.3272E+00,-1.1450E+03,1.1482E+03,-86.022E+00,-0.9972E+00,-175.70E+00,50.027E+00,NAN,173.33E+00,-173.26E+00,13.932E+00,-13.935E+00,1.408E+00,1.494E+00,NAN,NAN,NAN,NAN,NAN,NAN,NAN,NAN,NAN,0.000E+00,0.000E+00,0.000E+00,-10.846E-03,0.000E+00,0.0000E+00,0.0000E+00,0.0000E+00,142.04E-06,0.0000E+00,-4.0414E-06,0.000E+00,0.000E+00,Error,Error,Error,NAN,86.487E-03,-96.252E-03,6.2257E-03,-6.7825E-03,Error,Error,NAN,NAN,NAN,NAN,NAN,NAN,NAN,NAN,NAN,NAN,NAN
  486,  2026/03/17,10:46:17,123.24E+00,123.97E+00,111.61E+00,41.443E-03,123.24E+00,9.2748E+00,9.1280E+00,8.2181E+00,1.4353E-03,9.2748E+00,-1.1398E+03,1.1431E+03,-86.367E+00,-0.9971E+00,-175.67E+00,50.025E+00,NAN,173.52E+00,-173.45E+00,13.840E+00,-13.831E+00,1.408E+00,1.492E+00,NAN,NAN,NAN,NAN,NAN,NAN,NAN,NAN,NAN,0.000E+00,0.000E+00,0.000E+00,-10.772E-03,0.000E+00,0.0000E+00,0.0000E+00,0.0000E+00,174.60E-06,0.0000E+00,-4.1160E-06,0.000E+00,0.000E+00,Error,Error,Error,NAN,78.542E-03,-105.79E-03,6.4289E-03,-6.1728E-03,Error,Error,NAN,NAN,NAN,NAN,NAN,NAN,NAN,NAN,NAN,NAN,NAN
  487,  2026/03/17,10:46:17,123.38E+00,124.11E+00,111.73E+00,39.291E-03,123.38E+00,9.2622E+00,9.1143E+00,8.2057E+00,-304.78E-06,9.2622E+00,-1.1395E+03,1.1428E+03,-86.547E+00,-0.9971E+00,-175.66E+00,50.032E+00,NAN,173.65E+00,-173.67E+00,13.834E+00,-13.846E+00,1.408E+00,1.495E+00,NAN,NAN,NAN,NAN,NAN,NAN,NAN,NAN,NAN,0.000E+00,0.000E+00,0.000E+00,-10.973E-03,0.000E+00,0.0000E+00,0.0000E+00,0.0000E+00,147.73E-06,0.0000E+00,-3.5845E-06,0.000E+00,0.000E+00,Error,Error,Error,NAN,84.898E-03,-102.61E-03,5.5143E-03,-6.0711E-03,Error,Error,NAN,NAN,NAN,NAN,NAN,NAN,NAN,NAN,NAN,NAN,NAN
  488,  2026/03/17,10:46:17,123.15E+00,123.87E+00,111.52E+00,46.345E-03,123.15E+00,9.3171E+00,9.1700E+00,8.2559E+00,4.4787E-03,9.3171E+00,-1.1442E+03,1.1474E+03,-86.026E+00,-0.9972E+00,-175.70E+00,50.030E+00,NAN,173.30E+00,-173.26E+00,13.947E+00,-13.916E+00,1.407E+00,1.497E+00,NAN,NAN,NAN,NAN,NAN,NAN,NAN,NAN,NAN,0.000E+00,0.000E+00,0.000E+00,-11.076E-03,0.000E+00,0.0000E+00,0.0000E+00,0.0000E+00,132.55E-06,0.0000E+00,-3.7053E-06,0.000E+00,0.000E+00,Error,Error,Error,NAN,84.898E-03,-112.14E-03,7.3436E-03,-5.6646E-03,Error,Error,NAN,NAN,NAN,NAN,NAN,NAN,NAN,NAN,NAN,NAN,NAN
  489,  2026/03/17,10:46:17,123.08E+00,123.82E+00,111.47E+00,39.693E-03,123.08E+00,9.3307E+00,9.1851E+00,8.2695E+00,-605.79E-06,9.3307E+00,-1.1452E+03,1.1484E+03,-85.757E+00,-0.9972E+00,-175.72E+00,50.030E+00,NAN,173.27E+00,-173.23E+00,13.913E+00,-13.917E+00,1.408E+00,1.491E+00,NAN,NAN,NAN,NAN,NAN,NAN,NAN,NAN,NAN,0.000E+00,0.000E+00,0.000E+00,-11.111E-03,0.000E+00,0.0000E+00,0.0000E+00,0.0000E+00,110.04E-06,0.0000E+00,-2.5595E-06,0.000E+00,0.000E+00,Error,Error,Error,NAN,76.953E-03,-93.074E-03,6.7338E-03,-6.1728E-03,Error,Error,NAN,NAN,NAN,NAN,NAN,NAN,NAN,NAN,NAN,NAN,NAN
  490,  2026/03/17,10:46:18,122.79E+00,123.52E+00,111.20E+00,39.324E-03,122.79E+00,9.4862E+00,9.3416E+00,8.4104E+00,3.6475E-03,9.4862E+00,-1.1617E+03,1.1648E+03,-84.809E+00,-0.9973E+00,-175.82E+00,50.029E+00,NAN,172.92E+00,-172.81E+00,14.127E+00,-14.123E+00,1.408E+00,1.489E+00,NAN,NAN,NAN,NAN,NAN,NAN,NAN,NAN,NAN,0.000E+00,0.000E+00,0.000E+00,-10.919E-03,0.000E+00,0.0000E+00,0.0000E+00,0.0000E+00,98.669E-06,0.0000E+00,-3.1216E-06,0.000E+00,0.000E+00,Error,Error,Error,NAN,78.542E-03,-113.73E-03,6.7338E-03,-6.1728E-03,Error,Error,NAN,NAN,NAN,NAN,NAN,NAN,NAN,NAN,NAN,NAN,NAN
  491,  2026/03/17,10:46:18,122.76E+00,123.48E+00,111.17E+00,35.313E-03,122.76E+00,9.4732E+00,9.3276E+00,8.3978E+00,-1.9211E-03,9.4732E+00,-1.1598E+03,1.1629E+03,-84.989E+00,-0.9973E+00,-175.81E+00,50.030E+00,NAN,172.86E+00,-172.88E+00,14.159E+00,-14.141E+00,1.408E+00,1.495E+00,NAN,NAN,NAN,NAN,NAN,NAN,NAN,NAN,NAN,0.000E+00,0.000E+00,0.000E+00,-10.952E-03,0.000E+00,0.0000E+00,0.0000E+00,0.0000E+00,148.27E-06,0.0000E+00,-4.5454E-06,0.000E+00,0.000E+00,Error,Error,Error,NAN,81.720E-03,-104.20E-03,6.6322E-03,-5.6646E-03,Error,Error,NAN,NAN,NAN,NAN,NAN,NAN,NAN,NAN,NAN,NAN,NAN
  492,  2026/03/17,10:46:18,122.73E+00,123.45E+00,111.14E+00,41.645E-03,122.73E+00,9.4775E+00,9.3324E+00,8.4021E+00,-215.82E-06,9.4775E+00,-1.1600E+03,1.1631E+03,-84.932E+00,-0.9973E+00,-175.81E+00,50.030E+00,NAN,172.73E+00,-172.72E+00,14.159E+00,-14.139E+00,1.407E+00,1.494E+00,NAN,NAN,NAN,NAN,NAN,NAN,NAN,NAN,NAN,0.000E+00,0.000E+00,0.000E+00,-10.913E-03,0.000E+00,0.0000E+00,0.0000E+00,0.0000E+00,88.412E-06,0.0000E+00,-3.8561E-06,0.000E+00,0.000E+00,Error,Error,Error,NAN,80.131E-03,-101.02E-03,6.9371E-03,-6.0711E-03,Error,Error,NAN,NAN,NAN,NAN,NAN,NAN,NAN,NAN,NAN,NAN,NAN
  493,  2026/03/17,10:46:18,122.69E+00,123.42E+00,111.11E+00,42.060E-03,122.69E+00,9.4847E+00,9.3397E+00,8.4087E+00,-1.2160E-03,9.4847E+00,-1.1606E+03,1.1637E+03,-84.947E+00,-0.9973E+00,-175.81E+00,50.026E+00,NAN,172.73E+00,-172.69E+00,14.188E+00,-14.172E+00,1.408E+00,1.496E+00,NAN,NAN,NAN,NAN,NAN,NAN,NAN,NAN,NAN,0.000E+00,0.000E+00,0.000E+00,-10.767E-03,0.000E+00,0.0000E+00,0.0000E+00,0.0000E+00,112.62E-06,0.0000E+00,-3.6908E-06,0.000E+00,0.000E+00,Error,Error,Error,NAN,75.364E-03,-101.02E-03,6.0224E-03,-6.2744E-03,Error,Error,NAN,NAN,NAN,NAN,NAN,NAN,NAN,NAN,NAN,NAN,NAN
  494,  2026/03/17,10:46:18,122.69E+00,123.43E+00,111.13E+00,41.284E-03,122.69E+00,9.5018E+00,9.3571E+00,8.4243E+00,-494.41E-06,9.5018E+00,-1.1627E+03,1.1658E+03,-84.820E+00,-0.9973E+00,-175.83E+00,50.028E+00,NAN,172.66E+00,-172.72E+00,14.140E+00,-14.128E+00,1.408E+00,1.488E+00,NAN,NAN,NAN,NAN,NAN,NAN,NAN,NAN,NAN,0.000E+00,0.000E+00,0.000E+00,-10.995E-03,0.000E+00,0.0000E+00,0.0000E+00,0.0000E+00,146.13E-06,0.0000E+00,-3.4912E-06,0.000E+00,0.000E+00,Error,Error,Error,NAN,84.898E-03,-101.02E-03,7.0387E-03,-6.0711E-03,Error,Error,NAN,NAN,NAN,NAN,NAN,NAN,NAN,NAN,NAN,NAN,NAN
  495,  2026/03/17,10:46:19,122.65E+00,123.36E+00,111.07E+00,48.037E-03,122.65E+00,9.5178E+00,9.3717E+00,8.4375E+00,-2.4634E-03,9.5178E+00,-1.1642E+03,1.1673E+03,-84.629E+00,-0.9974E+00,-175.84E+00,50.021E+00,NAN,172.63E+00,-172.56E+00,14.178E+00,-14.183E+00,1.408E+00,1.490E+00,NAN,NAN,NAN,NAN,NAN,NAN,NAN,NAN,NAN,0.000E+00,0.000E+00,0.000E+00,-11.159E-03,0.000E+00,0.0000E+00,0.0000E+00,0.0000E+00,82.078E-06,0.0000E+00,-3.7810E-06,0.000E+00,0.000E+00,Error,Error,Error,NAN,80.131E-03,-97.841E-03,6.1240E-03,-5.6646E-03,Error,Error,NAN,NAN,NAN,NAN,NAN,NAN,NAN,NAN,NAN,NAN,NAN
  496,  2026/03/17,10:46:19,122.67E+00,123.39E+00,111.09E+00,43.971E-03,122.67E+00,9.4956E+00,9.3496E+00,8.4176E+00,954.14E-06,9.4956E+00,-1.1617E+03,1.1648E+03,-84.795E+00,-0.9973E+00,-175.83E+00,50.019E+00,NAN,172.66E+00,-172.59E+00,14.131E+00,-14.124E+00,1.408E+00,1.488E+00,NAN,NAN,NAN,NAN,NAN,NAN,NAN,NAN,NAN,0.000E+00,0.000E+00,0.000E+00,-10.981E-03,0.000E+00,0.0000E+00,0.0000E+00,0.0000E+00,107.45E-06,0.0000E+00,-2.9976E-06,0.000E+00,0.000E+00,Error,Error,Error,NAN,102.38E-03,-102.61E-03,6.4289E-03,-8.1037E-03,Error,Error,NAN,NAN,NAN,NAN,NAN,NAN,NAN,NAN,NAN,NAN,NAN
  497,  2026/03/17,10:46:19,122.66E+00,123.37E+00,111.07E+00,41.525E-03,122.66E+00,9.5046E+00,9.3582E+00,8.4254E+00,-272.55E-06,9.5046E+00,-1.1627E+03,1.1658E+03,-84.748E+00,-0.9974E+00,-175.83E+00,50.024E+00,NAN,172.57E+00,-172.56E+00,14.142E+00,-14.134E+00,1.407E+00,1.488E+00,NAN,NAN,NAN,NAN,NAN,NAN,NAN,NAN,NAN,0.000E+00,0.000E+00,0.000E+00,-11.132E-03,0.000E+00,0.0000E+00,0.0000E+00,0.0000E+00,63.804E-06,0.0000E+00,-2.6401E-06,0.000E+00,0.000E+00,Error,Error,Error,NAN,76.953E-03,-104.20E-03,6.0224E-03,-6.8842E-03,Error,Error,NAN,NAN,NAN,NAN,NAN,NAN,NAN,NAN,NAN,NAN,NAN
  498,  2026/03/17,10:46:19,122.66E+00,123.40E+00,111.10E+00,30.911E-03,122.66E+00,9.4927E+00,9.3479E+00,8.4160E+00,-4.5944E-03,9.4927E+00,-1.1613E+03,1.1644E+03,-84.828E+00,-0.9973E+00,-175.82E+00,50.019E+00,NAN,172.76E+00,-172.69E+00,14.165E+00,-14.158E+00,1.408E+00,1.492E+00,NAN,NAN,NAN,NAN,NAN,NAN,NAN,NAN,NAN,0.000E+00,0.000E+00,0.000E+00,-10.780E-03,0.000E+00,0.0000E+00,0.0000E+00,0.0000E+00,99.064E-06,0.0000E+00,-3.0282E-06,0.000E+00,0.000E+00,Error,Error,Error,NAN,81.720E-03,-93.074E-03,6.1240E-03,-5.9695E-03,Error,Error,NAN,NAN,NAN,NAN,NAN,NAN,NAN,NAN,NAN,NAN,NAN
  499,  2026/03/17,10:46:20,122.93E+00,123.67E+00,111.34E+00,62.967E-03,122.93E+00,9.3721E+00,9.2265E+00,8.3068E+00,6.3242E-03,9.3721E+00,-1.1490E+03,1.1522E+03,-85.632E+00,-0.9972E+00,-175.74E+00,50.027E+00,NAN,173.11E+00,-173.16E+00,13.984E+00,-13.977E+00,1.409E+00,1.492E+00,NAN,NAN,NAN,NAN,NAN,NAN,NAN,NAN,NAN,0.000E+00,0.000E+00,0.000E+00,-10.703E-03,0.000E+00,0.0000E+00,0.0000E+00,0.0000E+00,60.713E-06,0.0000E+00,-3.2887E-06,0.000E+00,0.000E+00,Error,Error,Error,NAN,78.542E-03,-101.02E-03,5.7175E-03,-6.3760E-03,Error,Error,NAN,NAN,NAN,NAN,NAN,NAN,NAN,NAN,NAN,NAN,NAN
  500,  2026/03/17,10:46:20,123.31E+00,124.04E+00,111.68E+00,44.922E-03,123.31E+00,9.2258E+00,9.0785E+00,8.1736E+00,-643.46E-06,9.2258E+00,-1.1343E+03,1.1377E+03,-86.714E+00,-0.9971E+00,-175.63E+00,50.019E+00,NAN,173.68E+00,-173.64E+00,13.783E+00,-13.778E+00,1.408E+00,1.494E+00,NAN,NAN,NAN,NAN,NAN,NAN,NAN,NAN,NAN,0.000E+00,0.000E+00,0.000E+00,-10.809E-03,0.000E+00,0.0000E+00,0.0000E+00,0.0000E+00,126.12E-06,0.0000E+00,-4.8681E-06,0.000E+00,0.000E+00,Error,Error,Error,NAN,84.898E-03,-108.96E-03,6.4289E-03,-5.7663E-03,Error,Error,NAN,NAN,NAN,NAN,NAN,NAN,NAN,NAN,NAN,NAN,NAN
  501,  2026/03/17,10:46:20,123.44E+00,124.16E+00,111.78E+00,51.905E-03,123.44E+00,9.1574E+00,9.0084E+00,8.1104E+00,4.7690E-03,9.1574E+00,-1.1271E+03,1.1304E+03,-86.882E+00,-0.9970E+00,-175.59E+00,50.020E+00,NAN,173.78E+00,-173.80E+00,13.672E+00,-13.675E+00,1.408E+00,1.493E+00,NAN,NAN,NAN,NAN,NAN,NAN,NAN,NAN,NAN,0.000E+00,0.000E+00,0.000E+00,-10.706E-03,0.000E+00,0.0000E+00,0.0000E+00,0.0000E+00,121.14E-06,0.0000E+00,-4.0367E-06,0.000E+00,0.000E+00,Error,Error,Error,NAN,83.309E-03,-94.663E-03,6.7338E-03,-6.9858E-03,Error,Error,NAN,NAN,NAN,NAN,NAN,NAN,NAN,NAN,NAN,NAN,NAN
  502,  2026/03/17,10:46:20,122.98E+00,123.68E+00,111.35E+00,-30.036E-03,122.98E+00,9.3695E+00,9.2195E+00,8.3004E+00,-32.795E-03,9.3694E+00,-1.1483E+03,1.1522E+03,-95.236E+00,-0.9966E+00,-175.26E+00,50.020E+00,NAN,173.72E+00,-173.80E+00,14.761E+00,-14.701E+00,1.413E+00,1.575E+00,NAN,NAN,NAN,NAN,NAN,NAN,NAN,NAN,NAN,0.000E+00,0.000E+00,0.000E+00,-11.113E-03,0.000E+00,0.0000E+00,0.0000E+00,0.0000E+00,92.475E-06,0.0000E+00,-4.5275E-06,0.000E+00,0.000E+00,Error,Error,Error,NAN,157.99E-03,-107.37E-03,6.3273E-03,-6.1728E-03,Error,Error,NAN,NAN,NAN,NAN,NAN,NAN,NAN,NAN,NAN,NAN,NAN
  503,  2026/03/17,10:46:21,123.22E+00,123.95E+00,111.59E+00,51.993E-03,123.22E+00,9.2713E+00,9.1242E+00,8.2147E+00,4.5474E-03,9.2713E+00,-1.1392E+03,1.1424E+03,-86.239E+00,-0.9971E+00,-175.67E+00,50.026E+00,NAN,173.52E+00,-173.45E+00,13.851E+00,-13.852E+00,1.408E+00,1.494E+00,NAN,NAN,NAN,NAN,NAN,NAN,NAN,NAN,NAN,0.000E+00,0.000E+00,0.000E+00,-11.193E-03,0.000E+00,0.0000E+00,0.0000E+00,0.0000E+00,89.417E-06,0.0000E+00,-2.7647E-06,0.000E+00,0.000E+00,Error,Error,Error,NAN,75.364E-03,-110.55E-03,6.9371E-03,-6.6809E-03,Error,Error,NAN,NAN,NAN,NAN,NAN,NAN,NAN,NAN,NAN,NAN,NAN
  504,  2026/03/17,10:46:21,123.21E+00,123.93E+00,111.58E+00,48.982E-03,123.21E+00,9.3345E+00,9.1872E+00,8.2714E+00,4.2751E-03,9.3345E+00,-1.1469E+03,1.1501E+03,-86.057E+00,-0.9972E+00,-175.71E+00,50.029E+00,NAN,173.46E+00,-173.42E+00,13.944E+00,-13.937E+00,1.408E+00,1.494E+00,NAN,NAN,NAN,NAN,NAN,NAN,NAN,NAN,NAN,0.000E+00,0.000E+00,0.000E+00,-10.827E-03,0.000E+00,0.0000E+00,0.0000E+00,0.0000E+00,99.304E-06,0.0000E+00,-3.3488E-06,0.000E+00,0.000E+00,Error,Error,Error,NAN,86.487E-03,-108.96E-03,6.1240E-03,-6.1728E-03,Error,Error,NAN,NAN,NAN,NAN,NAN,NAN,NAN,NAN,NAN,NAN,NAN
  505,  2026/03/17,10:46:21,122.06E+00,122.78E+00,110.54E+00,50.703E-03,122.06E+00,9.8784E+00,9.7350E+00,8.7645E+00,6.9355E-03,9.8784E+00,-1.2029E+03,1.2058E+03,-83.117E+00,-0.9976E+00,-176.05E+00,50.028E+00,NAN,172.16E+00,-172.21E+00,14.754E+00,-14.745E+00,1.411E+00,1.494E+00,NAN,NAN,NAN,NAN,NAN,NAN,NAN,NAN,NAN,0.000E+00,0.000E+00,0.000E+00,-11.006E-03,0.000E+00,0.0000E+00,0.0000E+00,0.0000E+00,102.37E-06,0.0000E+00,-4.5389E-06,0.000E+00,0.000E+00,Error,Error,Error,NAN,84.898E-03,-101.02E-03,6.3273E-03,-5.6646E-03,Error,Error,NAN,NAN,NAN,NAN,NAN,NAN,NAN,NAN,NAN,NAN,NAN
  506,  2026/03/17,10:46:22,122.21E+00,122.94E+00,110.68E+00,46.406E-03,122.21E+00,9.8181E+00,9.6745E+00,8.7102E+00,245.56E-06,9.8181E+00,-1.1970E+03,1.1999E+03,-83.442E+00,-0.9976E+00,-176.01E+00,50.035E+00,NAN,172.03E+00,-171.99E+00,14.597E+00,-14.578E+00,1.408E+00,1.487E+00,NAN,NAN,NAN,NAN,NAN,NAN,NAN,NAN,NAN,0.000E+00,0.000E+00,0.000E+00,-11.023E-03,0.000E+00,0.0000E+00,0.0000E+00,0.0000E+00,65.738E-06,0.0000E+00,-3.0352E-06,0.000E+00,0.000E+00,Error,Error,Error,NAN,81.720E-03,-94.663E-03,7.2419E-03,-5.6646E-03,Error,Error,NAN,NAN,NAN,NAN,NAN,NAN,NAN,NAN,NAN,NAN,NAN
  507,  2026/03/17,10:46:22,122.10E+00,122.82E+00,110.58E+00,46.964E-03,122.10E+00,9.8563E+00,9.7134E+00,8.7451E+00,1.0140E-03,9.8563E+00,-1.2005E+03,1.2034E+03,-83.182E+00,-0.9976E+00,-176.04E+00,50.038E+00,NAN,171.96E+00,-171.89E+00,14.633E+00,-14.632E+00,1.408E+00,1.485E+00,NAN,NAN,NAN,NAN,NAN,NAN,NAN,NAN,NAN,0.000E+00,0.000E+00,0.000E+00,-10.838E-03,0.000E+00,0.0000E+00,0.0000E+00,0.0000E+00,85.161E-06,0.0000E+00,-4.1910E-06,0.000E+00,0.000E+00,Error,Error,Error,NAN,80.131E-03,-104.20E-03,6.7338E-03,-6.2744E-03,Error,Error,NAN,NAN,NAN,NAN,NAN,NAN,NAN,NAN,NAN,NAN,NAN
  508,  2026/03/17,10:46:22,122.05E+00,122.76E+00,110.52E+00,65.129E-03,122.05E+00,9.8725E+00,9.7264E+00,8.7569E+00,11.717E-03,9.8725E+00,-1.2019E+03,1.2049E+03,-84.298E+00,-0.9975E+00,-175.99E+00,50.048E+00,NAN,172.12E+00,-172.18E+00,14.894E+00,-15.264E+00,1.411E+00,1.546E+00,NAN,NAN,NAN,NAN,NAN,NAN,NAN,NAN,NAN,0.000E+00,0.000E+00,0.000E+00,-10.678E-03,0.000E+00,0.0000E+00,0.0000E+00,0.0000E+00,66.077E-06,0.0000E+00,-3.7426E-06,0.000E+00,0.000E+00,Error,Error,Error,NAN,80.131E-03,-102.61E-03,6.4289E-03,-6.2744E-03,Error,Error,NAN,NAN,NAN,NAN,NAN,NAN,NAN,NAN,NAN,NAN,NAN
  509,  2026/03/17,10:46:22,122.01E+00,122.71E+00,110.48E+00,40.657E-03,122.01E+00,9.8796E+00,9.7350E+00,8.7646E+00,1.4937E-03,9.8796E+00,-1.2025E+03,1.2054E+03,-83.153E+00,-0.9976E+00,-176.04E+00,50.042E+00,NAN,171.84E+00,-171.76E+00,14.676E+00,-14.663E+00,1.408E+00,1.485E+00,NAN,NAN,NAN,NAN,NAN,NAN,NAN,NAN,NAN,0.000E+00,0.000E+00,0.000E+00,-10.703E-03,0.000E+00,0.0000E+00,0.0000E+00,0.0000E+00,149.05E-06,0.0000E+00,-4.2751E-06,0.000E+00,0.000E+00,Error,Error,Error,NAN,81.720E-03,-102.61E-03,7.4452E-03,-5.7663E-03,Error,Error,NAN,NAN,NAN,NAN,NAN,NAN,NAN,NAN,NAN,NAN,NAN
  510,  2026/03/17,10:46:23,121.98E+00,122.69E+00,110.46E+00,45.201E-03,121.98E+00,9.8858E+00,9.7411E+00,8.7701E+00,2.5770E-03,9.8858E+00,-1.2031E+03,1.2059E+03,-83.077E+00,-0.9976E+00,-176.05E+00,50.043E+00,NAN,171.77E+00,-171.83E+00,14.687E+00,-14.680E+00,1.409E+00,1.486E+00,NAN,NAN,NAN,NAN,NAN,NAN,NAN,NAN,NAN,0.000E+00,0.000E+00,0.000E+00,-11.107E-03,0.000E+00,0.0000E+00,0.0000E+00,0.0000E+00,142.94E-06,0.0000E+00,-4.2127E-06,0.000E+00,0.000E+00,Error,Error,Error,NAN,78.542E-03,-102.61E-03,6.6322E-03,-6.1728E-03,Error,Error,NAN,NAN,NAN,NAN,NAN,NAN,NAN,NAN,NAN,NAN,NAN
  511,  2026/03/17,10:46:23,121.60E+00,122.31E+00,110.11E+00,44.312E-03,121.60E+00,9.9705E+00,9.8261E+00,8.8466E+00,130.72E-06,9.9705E+00,-1.2096E+03,1.2124E+03,-83.098E+00,-0.9976E+00,-176.07E+00,50.058E+00,NAN,171.52E+00,-171.45E+00,14.968E+00,-15.004E+00,1.411E+00,1.505E+00,NAN,NAN,NAN,NAN,NAN,NAN,NAN,NAN,NAN,0.000E+00,0.000E+00,0.000E+00,-10.472E-03,0.000E+00,0.0000E+00,0.0000E+00,0.0000E+00,106.63E-06,0.0000E+00,-3.8589E-06,0.000E+00,0.000E+00,Error,Error,Error,NAN,81.720E-03,-107.37E-03,6.4289E-03,-6.7825E-03,Error,Error,NAN,NAN,NAN,NAN,NAN,NAN,NAN,NAN,NAN,NAN,NAN
  512,  2026/03/17,10:46:23,121.58E+00,122.29E+00,110.10E+00,58.874E-03,121.58E+00,9.9515E+00,9.8071E+00,8.8295E+00,7.6013E-03,9.9515E+00,-1.2071E+03,1.2099E+03,-82.760E+00,-0.9977E+00,-176.08E+00,50.046E+00,NAN,171.49E+00,-171.38E+00,14.873E+00,-14.870E+00,1.410E+00,1.495E+00,NAN,NAN,NAN,NAN,NAN,NAN,NAN,NAN,NAN,0.000E+00,0.000E+00,0.000E+00,-10.875E-03,0.000E+00,0.0000E+00,0.0000E+00,0.0000E+00,76.024E-06,0.0000E+00,-2.6986E-06,0.000E+00,0.000E+00,Error,Error,Error,NAN,73.774E-03,-124.85E-03,5.9208E-03,-6.2744E-03,Error,Error,NAN,NAN,NAN,NAN,NAN,NAN,NAN,NAN,NAN,NAN,NAN
  513,  2026/03/17,10:46:23,121.62E+00,122.32E+00,110.13E+00,48.957E-03,121.62E+00,9.9422E+00,9.7980E+00,8.8213E+00,3.5030E-03,9.9422E+00,-1.2063E+03,1.2091E+03,-82.633E+00,-0.9977E+00,-176.08E+00,50.046E+00,NAN,171.42E+00,-171.41E+00,14.796E+00,-14.804E+00,1.410E+00,1.489E+00,NAN,NAN,NAN,NAN,NAN,NAN,NAN,NAN,NAN,0.000E+00,0.000E+00,0.000E+00,-10.463E-03,0.000E+00,0.0000E+00,0.0000E+00,0.0000E+00,89.664E-06,0.0000E+00,-3.9451E-06,0.000E+00,0.000E+00,Error,Error,Error,NAN,78.542E-03,-104.20E-03,5.9208E-03,-6.6809E-03,Error,Error,NAN,NAN,NAN,NAN,NAN,NAN,NAN,NAN,NAN,NAN,NAN
  514,  2026/03/17,10:46:23,122.74E+00,123.44E+00,111.14E+00,52.223E-03,122.74E+00,9.3973E+00,9.2485E+00,8.3266E+00,7.8876E-03,9.3973E+00,-1.1502E+03,1.1534E+03,-85.919E+00,-0.9972E+00,-175.73E+00,50.049E+00,NAN,173.01E+00,-172.97E+00,14.080E+00,-14.078E+00,1.410E+00,1.498E+00,NAN,NAN,NAN,NAN,NAN,NAN,NAN,NAN,NAN,0.000E+00,0.000E+00,0.000E+00,-10.977E-03,0.000E+00,0.0000E+00,0.0000E+00,0.0000E+00,111.32E-06,0.0000E+00,-4.1640E-06,0.000E+00,0.000E+00,Error,Error,Error,NAN,80.131E-03,-102.61E-03,6.4289E-03,-6.9858E-03,Error,Error,NAN,NAN,NAN,NAN,NAN,NAN,NAN,NAN,NAN,NAN,NAN
  515,  2026/03/17,10:46:24,122.85E+00,123.55E+00,111.23E+00,59.227E-03,122.85E+00,9.3357E+00,9.1866E+00,8.2708E+00,5.6875E-03,9.3357E+00,-1.1437E+03,1.1469E+03,-85.930E+00,-0.9972E+00,-175.70E+00,50.042E+00,NAN,173.30E+00,-173.20E+00,13.963E+00,-13.961E+00,1.411E+00,1.496E+00,NAN,NAN,NAN,NAN,NAN,NAN,NAN,NAN,NAN,0.000E+00,0.000E+00,0.000E+00,-10.910E-03,0.000E+00,0.0000E+00,0.0000E+00,0.0000E+00,102.40E-06,0.0000E+00,-4.1241E-06,0.000E+00,0.000E+00,Error,Error,Error,NAN,80.131E-03,-105.79E-03,6.2257E-03,-6.9858E-03,Error,Error,NAN,NAN,NAN,NAN,NAN,NAN,NAN,NAN,NAN,NAN,NAN
  516,  2026/03/17,10:46:24,122.95E+00,123.65E+00,111.32E+00,38.236E-03,122.95E+00,9.2888E+00,9.1392E+00,8.2282E+00,1.5616E-03,9.2888E+00,-1.1389E+03,1.1421E+03,-85.999E+00,-0.9972E+00,-175.68E+00,50.040E+00,NAN,173.21E+00,-173.13E+00,13.858E+00,-13.844E+00,1.409E+00,1.492E+00,NAN,NAN,NAN,NAN,NAN,NAN,NAN,NAN,NAN,0.000E+00,0.000E+00,0.000E+00,-11.064E-03,0.000E+00,0.0000E+00,0.0000E+00,0.0000E+00,153.46E-06,0.0000E+00,-4.5758E-06,0.000E+00,0.000E+00,Error,Error,Error,NAN,75.364E-03,-97.841E-03,6.0224E-03,-5.9695E-03,Error,Error,NAN,NAN,NAN,NAN,NAN,NAN,NAN,NAN,NAN,NAN,NAN
  517,  2026/03/17,10:46:24,122.91E+00,123.60E+00,111.28E+00,46.450E-03,122.91E+00,9.2513E+00,9.1016E+00,8.1944E+00,2.9378E-03,9.2513E+00,-1.1338E+03,1.1371E+03,-85.876E+00,-0.9971E+00,-175.67E+00,50.045E+00,NAN,173.17E+00,-173.04E+00,13.818E+00,-13.807E+00,1.409E+00,1.494E+00,NAN,NAN,NAN,NAN,NAN,NAN,NAN,NAN,NAN,0.000E+00,0.000E+00,0.000E+00,-10.728E-03,0.000E+00,0.0000E+00,0.0000E+00,0.0000E+00,82.708E-06,0.0000E+00,-3.8800E-06,0.000E+00,0.000E+00,Error,Error,Error,NAN,75.364E-03,-116.91E-03,6.3273E-03,-5.9695E-03,Error,Error,NAN,NAN,NAN,NAN,NAN,NAN,NAN,NAN,NAN,NAN,NAN
  518,  2026/03/17,10:46:24,122.91E+00,123.61E+00,111.29E+00,44.070E-03,122.91E+00,9.2605E+00,9.1107E+00,8.2025E+00,3.1785E-03,9.2605E+00,-1.1350E+03,1.1382E+03,-85.842E+00,-0.9972E+00,-175.67E+00,50.044E+00,NAN,173.21E+00,-173.04E+00,13.842E+00,-13.835E+00,1.409E+00,1.495E+00,NAN,NAN,NAN,NAN,NAN,NAN,NAN,NAN,NAN,0.000E+00,0.000E+00,0.000E+00,-11.277E-03,0.000E+00,0.0000E+00,0.0000E+00,0.0000E+00,97.801E-06,0.0000E+00,-2.7602E-06,0.000E+00,0.000E+00,Error,Error,Error,NAN,78.542E-03,-94.663E-03,6.3273E-03,-5.5630E-03,Error,Error,NAN,NAN,NAN,NAN,NAN,NAN,NAN,NAN,NAN,NAN,NAN
  519,  2026/03/17,10:46:24,122.88E+00,123.57E+00,111.26E+00,49.539E-03,122.88E+00,9.2548E+00,9.1050E+00,8.1974E+00,2.9951E-03,9.2548E+00,-1.1340E+03,1.1372E+03,-85.828E+00,-0.9971E+00,-175.67E+00,50.039E+00,NAN,173.08E+00,-173.07E+00,13.812E+00,-13.811E+00,1.409E+00,1.492E+00,NAN,NAN,NAN,NAN,NAN,NAN,NAN,NAN,NAN,0.000E+00,0.000E+00,0.000E+00,-10.940E-03,0.000E+00,0.0000E+00,0.0000E+00,0.0000E+00,122.95E-06,0.0000E+00,-4.0132E-06,0.000E+00,0.000E+00,Error,Error,Error,NAN,81.720E-03,-105.79E-03,5.9208E-03,-5.9695E-03,Error,Error,NAN,NAN,NAN,NAN,NAN,NAN,NAN,NAN,NAN,NAN,NAN
  520,  2026/03/17,10:46:25,123.05E+00,123.75E+00,111.41E+00,58.344E-03,123.05E+00,9.2460E+00,9.0962E+00,8.1895E+00,7.8782E-03,9.2460E+00,-1.1344E+03,1.1377E+03,-86.254E+00,-0.9971E+00,-175.65E+00,50.031E+00,NAN,173.46E+00,-173.45E+00,13.823E+00,-13.819E+00,1.410E+00,1.495E+00,NAN,NAN,NAN,NAN,NAN,NAN,NAN,NAN,NAN,0.000E+00,0.000E+00,0.000E+00,-11.090E-03,0.000E+00,0.0000E+00,0.0000E+00,0.0000E+00,88.246E-06,0.0000E+00,-3.2108E-06,0.000E+00,0.000E+00,Error,Error,Error,NAN,88.076E-03,-97.841E-03,6.0224E-03,-5.7663E-03,Error,Error,NAN,NAN,NAN,NAN,NAN,NAN,NAN,NAN,NAN,NAN,NAN
  521,  2026/03/17,10:46:26,123.20E+00,123.91E+00,111.56E+00,50.871E-03,123.20E+00,9.1655E+00,9.0158E+00,8.1171E+00,3.3239E-03,9.1655E+00,-1.1259E+03,1.1292E+03,-86.657E+00,-0.9971E+00,-175.60E+00,50.023E+00,NAN,173.72E+00,-173.71E+00,13.693E+00,-13.692E+00,1.410E+00,1.494E+00,NAN,NAN,NAN,NAN,NAN,NAN,NAN,NAN,NAN,0.000E+00,0.000E+00,0.000E+00,-10.896E-03,0.000E+00,0.0000E+00,0.0000E+00,0.0000E+00,64.764E-06,0.0000E+00,-2.7070E-06,0.000E+00,0.000E+00,Error,Error,Error,NAN,84.898E-03,-101.02E-03,7.1403E-03,-6.7825E-03,Error,Error,NAN,NAN,NAN,NAN,NAN,NAN,NAN,NAN,NAN,NAN,NAN
  522,  2026/03/17,10:46:26,123.25E+00,123.95E+00,111.59E+00,32.002E-03,123.25E+00,9.1424E+00,8.9924E+00,8.0960E+00,1.9741E-03,9.1424E+00,-1.1234E+03,1.1268E+03,-86.735E+00,-0.9970E+00,-175.59E+00,50.028E+00,NAN,173.81E+00,-173.64E+00,13.659E+00,-13.663E+00,1.410E+00,1.494E+00,NAN,NAN,NAN,NAN,NAN,NAN,NAN,NAN,NAN,0.000E+00,0.000E+00,0.000E+00,-11.097E-03,0.000E+00,0.0000E+00,0.0000E+00,0.0000E+00,121.07E-06,0.0000E+00,-3.2885E-06,0.000E+00,0.000E+00,Error,Error,Error,NAN,81.720E-03,-107.37E-03,6.7338E-03,-6.2744E-03,Error,Error,NAN,NAN,NAN,NAN,NAN,NAN,NAN,NAN,NAN,NAN,NAN
  523,  2026/03/17,10:46:26,123.16E+00,123.86E+00,111.51E+00,47.901E-03,123.16E+00,9.1224E+00,8.9726E+00,8.0781E+00,2.8376E-03,9.1224E+00,-1.1202E+03,1.1235E+03,-86.498E+00,-0.9970E+00,-175.58E+00,50.030E+00,NAN,173.56E+00,-173.52E+00,13.636E+00,-13.625E+00,1.409E+00,1.495E+00,NAN,NAN,NAN,NAN,NAN,NAN,NAN,NAN,NAN,0.000E+00,0.000E+00,0.000E+00,-11.042E-03,0.000E+00,0.0000E+00,0.0000E+00,0.0000E+00,76.405E-06,0.0000E+00,-3.4796E-06,0.000E+00,0.000E+00,Error,Error,Error,NAN,96.021E-03,-101.02E-03,6.6322E-03,-6.5793E-03,Error,Error,NAN,NAN,NAN,NAN,NAN,NAN,NAN,NAN,NAN,NAN,NAN
  524,  2026/03/17,10:46:26,123.14E+00,123.84E+00,111.49E+00,45.912E-03,123.14E+00,9.1344E+00,8.9851E+00,8.0895E+00,3.0166E-03,9.1344E+00,-1.1214E+03,1.1248E+03,-86.473E+00,-0.9970E+00,-175.59E+00,50.032E+00,NAN,173.52E+00,-173.64E+00,13.649E+00,-13.633E+00,1.410E+00,1.494E+00,NAN,NAN,NAN,NAN,NAN,NAN,NAN,NAN,NAN,0.000E+00,0.000E+00,0.000E+00,-10.768E-03,0.000E+00,0.0000E+00,0.0000E+00,0.0000E+00,140.83E-06,0.0000E+00,-4.5093E-06,0.000E+00,0.000E+00,Error,Error,Error,NAN,86.487E-03,-107.37E-03,6.1240E-03,-5.5630E-03,Error,Error,NAN,NAN,NAN,NAN,NAN,NAN,NAN,NAN,NAN,NAN,NAN
  525,  2026/03/17,10:46:27,123.36E+00,124.06E+00,111.69E+00,60.560E-03,123.36E+00,9.0598E+00,8.9090E+00,8.0209E+00,11.529E-03,9.0598E+00,-1.1142E+03,1.1176E+03,-87.365E+00,-0.9969E+00,-175.52E+00,50.035E+00,NAN,173.87E+00,-173.93E+00,13.649E+00,-13.644E+00,1.410E+00,1.507E+00,NAN,NAN,NAN,NAN,NAN,NAN,NAN,NAN,NAN,0.000E+00,0.000E+00,0.000E+00,-10.879E-03,0.000E+00,0.0000E+00,0.0000E+00,0.0000E+00,160.46E-06,0.0000E+00,-3.6718E-06,0.000E+00,0.000E+00,Error,Error,Error,NAN,80.131E-03,-102.61E-03,5.9208E-03,-6.1728E-03,Error,Error,NAN,NAN,NAN,NAN,NAN,NAN,NAN,NAN,NAN,NAN,NAN
  526,  2026/03/17,10:46:27,123.12E+00,123.80E+00,111.46E+00,-2.0652E-03,123.12E+00,9.1687E+00,9.0169E+00,8.1180E+00,-18.678E-03,9.1687E+00,-1.1252E+03,1.1289E+03,-90.370E+00,-0.9968E+00,-175.41E+00,50.025E+00,NAN,174.00E+00,-173.96E+00,14.031E+00,-13.989E+00,1.413E+00,1.530E+00,NAN,NAN,NAN,NAN,NAN,NAN,NAN,NAN,NAN,0.000E+00,0.000E+00,0.000E+00,-11.123E-03,0.000E+00,0.0000E+00,0.0000E+00,0.0000E+00,170.04E-06,0.0000E+00,-4.0402E-06,0.000E+00,0.000E+00,Error,Error,Error,NAN,73.774E-03,-105.79E-03,7.1403E-03,-6.9858E-03,Error,Error,NAN,NAN,NAN,NAN,NAN,NAN,NAN,NAN,NAN,NAN,NAN
  527,  2026/03/17,10:46:27,122.80E+00,123.49E+00,111.18E+00,43.887E-03,122.80E+00,9.3081E+00,9.1576E+00,8.2447E+00,-595.22E-06,9.3081E+00,-1.1397E+03,1.1431E+03,-87.880E+00,-0.9970E+00,-175.59E+00,50.041E+00,NAN,173.37E+00,-173.42E+00,14.255E+00,-14.233E+00,1.412E+00,1.531E+00,NAN,NAN,NAN,NAN,NAN,NAN,NAN,NAN,NAN,0.000E+00,0.000E+00,0.000E+00,-11.288E-03,0.000E+00,0.0000E+00,0.0000E+00,0.0000E+00,171.58E-06,0.0000E+00,-5.0173E-06,0.000E+00,0.000E+00,Error,Error,Error,NAN,73.774E-03,-102.61E-03,7.7501E-03,-6.1728E-03,Error,Error,NAN,NAN,NAN,NAN,NAN,NAN,NAN,NAN,NAN,NAN,NAN
  528,  2026/03/17,10:46:28,123.40E+00,124.10E+00,111.73E+00,45.913E-03,123.40E+00,9.0750E+00,8.9253E+00,8.0356E+00,528.46E-06,9.0750E+00,-1.1164E+03,1.1198E+03,-87.027E+00,-0.9970E+00,-175.54E+00,50.044E+00,NAN,173.91E+00,-173.83E+00,13.552E+00,-13.568E+00,1.409E+00,1.495E+00,NAN,NAN,NAN,NAN,NAN,NAN,NAN,NAN,NAN,0.000E+00,0.000E+00,0.000E+00,-11.215E-03,0.000E+00,0.0000E+00,0.0000E+00,0.0000E+00,154.94E-06,0.0000E+00,-3.4245E-06,0.000E+00,0.000E+00,Error,Error,Error,NAN,91.254E-03,-105.79E-03,6.1240E-03,-6.2744E-03,Error,Error,NAN,NAN,NAN,NAN,NAN,NAN,NAN,NAN,NAN,NAN,NAN
  529,  2026/03/17,10:46:28,122.83E+00,123.48E+00,111.17E+00,-366.82E-09,122.83E+00,9.3450E+00,9.1959E+00,8.2792E+00,-17.623E-03,9.3450E+00,-1.1434E+03,1.1478E+03,-99.997E+00,-0.9962E+00,-175.00E+00,50.035E+00,NAN,173.81E+00,-173.74E+00,14.633E+00,-14.733E+00,1.415E+00,1.577E+00,NAN,NAN,NAN,NAN,NAN,NAN,NAN,NAN,NAN,0.000E+00,0.000E+00,0.000E+00,-11.358E-03,0.000E+00,0.0000E+00,0.0000E+00,0.0000E+00,116.43E-06,0.0000E+00,-4.2905E-06,0.000E+00,0.000E+00,Error,Error,Error,NAN,154.82E-03,-107.37E-03,6.0224E-03,-6.1728E-03,Error,Error,NAN,NAN,NAN,NAN,NAN,NAN,NAN,NAN,NAN,NAN,NAN
  530,  2026/03/17,10:46:28,123.11E+00,123.81E+00,111.47E+00,18.058E-03,123.11E+00,9.2089E+00,9.0599E+00,8.1568E+00,-4.6818E-03,9.2089E+00,-1.1304E+03,1.1337E+03,-86.649E+00,-0.9971E+00,-175.62E+00,50.046E+00,NAN,173.65E+00,-173.67E+00,13.781E+00,-13.771E+00,1.411E+00,1.496E+00,NAN,NAN,NAN,NAN,NAN,NAN,NAN,NAN,NAN,0.000E+00,0.000E+00,0.000E+00,-11.071E-03,0.000E+00,0.0000E+00,0.0000E+00,0.0000E+00,92.413E-06,0.0000E+00,-3.8593E-06,0.000E+00,0.000E+00,Error,Error,Error,NAN,72.185E-03,-105.79E-03,5.8192E-03,-7.5955E-03,Error,Error,NAN,NAN,NAN,NAN,NAN,NAN,NAN,NAN,NAN,NAN,NAN
  531,  2026/03/17,10:46:29,123.01E+00,123.72E+00,111.39E+00,29.794E-03,123.01E+00,9.2065E+00,9.0571E+00,8.1543E+00,-231.08E-06,9.2065E+00,-1.1292E+03,1.1325E+03,-86.216E+00,-0.9971E+00,-175.63E+00,50.049E+00,NAN,173.43E+00,-173.42E+00,13.800E+00,-13.835E+00,1.410E+00,1.503E+00,NAN,NAN,NAN,NAN,NAN,NAN,NAN,NAN,NAN,0.000E+00,0.000E+00,0.000E+00,-10.901E-03,0.000E+00,0.0000E+00,0.0000E+00,0.0000E+00,84.322E-06,0.0000E+00,-2.7622E-06,0.000E+00,0.000E+00,Error,Error,Error,NAN,86.487E-03,-101.02E-03,6.4289E-03,-5.8679E-03,Error,Error,NAN,NAN,NAN,NAN,NAN,NAN,NAN,NAN,NAN,NAN,NAN
  532,  2026/03/17,10:46:29,122.50E+00,123.20E+00,110.92E+00,-5.3339E-03,122.50E+00,9.4158E+00,9.2666E+00,8.3429E+00,-23.165E-03,9.4157E+00,-1.1499E+03,1.1534E+03,-89.424E+00,-0.9970E+00,-175.55E+00,50.042E+00,NAN,173.08E+00,-173.04E+00,14.389E+00,-14.445E+00,1.413E+00,1.534E+00,NAN,NAN,NAN,NAN,NAN,NAN,NAN,NAN,NAN,0.000E+00,0.000E+00,0.000E+00,-11.210E-03,0.000E+00,0.0000E+00,0.0000E+00,0.0000E+00,121.53E-06,0.0000E+00,-4.1899E-06,0.000E+00,0.000E+00,Error,Error,Error,NAN,96.021E-03,-101.02E-03,6.3273E-03,-5.5630E-03,Error,Error,NAN,NAN,NAN,NAN,NAN,NAN,NAN,NAN,NAN,NAN,NAN
  533,  2026/03/17,10:46:29,122.64E+00,123.31E+00,111.02E+00,41.904E-03,122.64E+00,9.3814E+00,9.2317E+00,8.3115E+00,1.0897E-03,9.3814E+00,-1.1473E+03,1.1505E+03,-84.939E+00,-0.9973E+00,-175.77E+00,50.050E+00,NAN,172.66E+00,-172.62E+00,13.960E+00,-13.954E+00,1.408E+00,1.488E+00,NAN,NAN,NAN,NAN,NAN,NAN,NAN,NAN,NAN,0.000E+00,0.000E+00,0.000E+00,-10.991E-03,0.000E+00,0.0000E+00,0.0000E+00,0.0000E+00,67.722E-06,0.0000E+00,-2.3958E-06,0.000E+00,0.000E+00,Error,Error,Error,NAN,76.953E-03,-96.252E-03,6.3273E-03,-6.0711E-03,Error,Error,NAN,NAN,NAN,NAN,NAN,NAN,NAN,NAN,NAN,NAN,NAN
  534,  2026/03/17,10:46:29,122.60E+00,123.29E+00,111.00E+00,42.019E-03,122.60E+00,9.3504E+00,9.2014E+00,8.2842E+00,3.3926E-03,9.3504E+00,-1.1432E+03,1.1464E+03,-85.072E+00,-0.9972E+00,-175.74E+00,50.050E+00,NAN,172.70E+00,-172.59E+00,13.931E+00,-13.931E+00,1.409E+00,1.490E+00,NAN,NAN,NAN,NAN,NAN,NAN,NAN,NAN,NAN,0.000E+00,0.000E+00,0.000E+00,-10.886E-03,0.000E+00,0.0000E+00,0.0000E+00,0.0000E+00,55.152E-06,0.0000E+00,-3.4053E-06,0.000E+00,0.000E+00,Error,Error,Error,NAN,73.774E-03,-107.37E-03,6.0224E-03,-6.2744E-03,Error,Error,NAN,NAN,NAN,NAN,NAN,NAN,NAN,NAN,NAN,NAN,NAN
  535,  2026/03/17,10:46:29,122.47E+00,123.14E+00,110.87E+00,46.396E-03,122.47E+00,9.3829E+00,9.2335E+00,8.3131E+00,4.1413E-03,9.3829E+00,-1.1460E+03,1.1491E+03,-84.602E+00,-0.9973E+00,-175.78E+00,50.044E+00,NAN,172.47E+00,-172.46E+00,13.986E+00,-13.974E+00,1.408E+00,1.491E+00,NAN,NAN,NAN,NAN,NAN,NAN,NAN,NAN,NAN,0.000E+00,0.000E+00,0.000E+00,-10.957E-03,0.000E+00,0.0000E+00,0.0000E+00,0.0000E+00,94.006E-06,0.0000E+00,-3.1844E-06,0.000E+00,0.000E+00,Error,Error,Error,NAN,75.364E-03,-97.841E-03,6.5306E-03,-7.9004E-03,Error,Error,NAN,NAN,NAN,NAN,NAN,NAN,NAN,NAN,NAN,NAN,NAN
  536,  2026/03/17,10:46:30,122.79E+00,123.47E+00,111.16E+00,38.064E-03,122.79E+00,9.2518E+00,9.1013E+00,8.1940E+00,-493.20E-06,9.2518E+00,-1.1328E+03,1.1360E+03,-85.753E+00,-0.9971E+00,-175.67E+00,50.049E+00,NAN,173.01E+00,-172.85E+00,13.806E+00,-13.806E+00,1.409E+00,1.492E+00,NAN,NAN,NAN,NAN,NAN,NAN,NAN,NAN,NAN,0.000E+00,0.000E+00,0.000E+00,-10.932E-03,0.000E+00,0.0000E+00,0.0000E+00,0.0000E+00,106.90E-06,0.0000E+00,-3.3804E-06,0.000E+00,0.000E+00,Error,Error,Error,NAN,73.774E-03,-97.841E-03,6.1240E-03,-5.9695E-03,Error,Error,NAN,NAN,NAN,NAN,NAN,NAN,NAN,NAN,NAN,NAN,NAN
  537,  2026/03/17,10:46:30,122.73E+00,123.41E+00,111.11E+00,44.894E-03,122.73E+00,9.2673E+00,9.1175E+00,8.2086E+00,899.86E-06,9.2673E+00,-1.1341E+03,1.1374E+03,-85.496E+00,-0.9972E+00,-175.69E+00,50.045E+00,NAN,172.89E+00,-172.81E+00,13.818E+00,-13.826E+00,1.409E+00,1.492E+00,NAN,NAN,NAN,NAN,NAN,NAN,NAN,NAN,NAN,0.000E+00,0.000E+00,0.000E+00,-11.012E-03,0.000E+00,0.0000E+00,0.0000E+00,0.0000E+00,91.426E-06,0.0000E+00,-4.0988E-06,0.000E+00,0.000E+00,Error,Error,Error,NAN,84.898E-03,-99.430E-03,6.5306E-03,-5.5630E-03,Error,Error,NAN,NAN,NAN,NAN,NAN,NAN,NAN,NAN,NAN,NAN,NAN
  538,  2026/03/17,10:46:30,122.15E+00,122.80E+00,110.56E+00,-2.3362E-03,122.15E+00,9.5591E+00,9.4109E+00,8.4728E+00,-22.225E-03,9.5591E+00,-1.1633E+03,1.1676E+03,-99.670E+00,-0.9963E+00,-175.10E+00,50.032E+00,NAN,172.92E+00,-172.88E+00,14.976E+00,-15.000E+00,1.416E+00,1.569E+00,NAN,NAN,NAN,NAN,NAN,NAN,NAN,NAN,NAN,0.000E+00,0.000E+00,0.000E+00,-11.069E-03,0.000E+00,0.0000E+00,0.0000E+00,0.0000E+00,115.09E-06,0.0000E+00,-4.8017E-06,0.000E+00,0.000E+00,Error,Error,Error,NAN,126.21E-03,-113.73E-03,6.1240E-03,-5.9695E-03,Error,Error,NAN,NAN,NAN,NAN,NAN,NAN,NAN,NAN,NAN,NAN,NAN
  539,  2026/03/17,10:46:30,123.17E+00,123.86E+00,111.51E+00,54.388E-03,123.17E+00,9.1246E+00,8.9744E+00,8.0798E+00,3.0036E-03,9.1246E+00,-1.1205E+03,1.1239E+03,-86.536E+00,-0.9970E+00,-175.58E+00,50.042E+00,NAN,173.59E+00,-173.36E+00,13.622E+00,-13.618E+00,1.409E+00,1.493E+00,NAN,NAN,NAN,NAN,NAN,NAN,NAN,NAN,NAN,0.000E+00,0.000E+00,0.000E+00,-10.963E-03,0.000E+00,0.0000E+00,0.0000E+00,0.0000E+00,112.70E-06,0.0000E+00,-3.5453E-06,0.000E+00,0.000E+00,Error,Error,Error,NAN,80.131E-03,-112.14E-03,6.1240E-03,-6.0711E-03,Error,Error,NAN,NAN,NAN,NAN,NAN,NAN,NAN,NAN,NAN,NAN,NAN
  540,  2026/03/17,10:46:30,123.12E+00,123.81E+00,111.47E+00,45.624E-03,123.12E+00,9.1247E+00,8.9748E+00,8.0801E+00,39.604E-06,9.1247E+00,-1.1201E+03,1.1234E+03,-86.375E+00,-0.9970E+00,-175.59E+00,50.039E+00,NAN,173.49E+00,-173.26E+00,13.608E+00,-13.603E+00,1.409E+00,1.491E+00,NAN,NAN,NAN,NAN,NAN,NAN,NAN,NAN,NAN,0.000E+00,0.000E+00,0.000E+00,-11.328E-03,0.000E+00,0.0000E+00,0.0000E+00,0.0000E+00,151.75E-06,0.0000E+00,-4.8490E-06,0.000E+00,0.000E+00,Error,Error,Error,NAN,80.131E-03,-105.79E-03,6.7338E-03,-6.8842E-03,Error,Error,NAN,NAN,NAN,NAN,NAN,NAN,NAN,NAN,NAN,NAN,NAN
  541,  2026/03/17,10:46:31,123.01E+00,123.71E+00,111.38E+00,29.354E-03,123.01E+00,9.1698E+00,9.0199E+00,8.1208E+00,-3.6817E-03,9.1698E+00,-1.1247E+03,1.1280E+03,-86.665E+00,-0.9970E+00,-175.59E+00,50.035E+00,NAN,173.49E+00,-173.26E+00,13.795E+00,-13.782E+00,1.410E+00,1.504E+00,NAN,NAN,NAN,NAN,NAN,NAN,NAN,NAN,NAN,0.000E+00,0.000E+00,0.000E+00,-11.130E-03,0.000E+00,0.0000E+00,0.0000E+00,0.0000E+00,167.04E-06,0.0000E+00,-4.4109E-06,0.000E+00,0.000E+00,Error,Error,Error,NAN,83.309E-03,-97.841E-03,6.9371E-03,-6.8842E-03,Error,Error,NAN,NAN,NAN,NAN,NAN,NAN,NAN,NAN,NAN,NAN,NAN
  542,  2026/03/17,10:46:31,122.84E+00,123.54E+00,111.22E+00,43.785E-03,122.84E+00,9.2711E+00,9.1220E+00,8.2127E+00,4.8952E-03,9.2711E+00,-1.1357E+03,1.1389E+03,-85.640E+00,-0.9972E+00,-175.69E+00,50.039E+00,NAN,173.05E+00,-173.01E+00,13.852E+00,-13.846E+00,1.409E+00,1.494E+00,NAN,NAN,NAN,NAN,NAN,NAN,NAN,NAN,NAN,0.000E+00,0.000E+00,0.000E+00,-11.060E-03,0.000E+00,0.0000E+00,0.0000E+00,0.0000E+00,66.806E-06,0.0000E+00,-3.1518E-06,0.000E+00,0.000E+00,Error,Error,Error,NAN,75.364E-03,-107.37E-03,7.0387E-03,-5.9695E-03,Error,Error,NAN,NAN,NAN,NAN,NAN,NAN,NAN,NAN,NAN,NAN,NAN
  543,  2026/03/17,10:46:31,122.75E+00,123.44E+00,111.14E+00,42.821E-03,122.75E+00,9.2884E+00,9.1401E+00,8.2289E+00,2.4486E-03,9.2884E+00,-1.1369E+03,1.1401E+03,-85.457E+00,-0.9972E+00,-175.70E+00,50.040E+00,NAN,173.05E+00,-173.07E+00,13.874E+00,-13.876E+00,1.410E+00,1.494E+00,NAN,NAN,NAN,NAN,NAN,NAN,NAN,NAN,NAN,0.000E+00,0.000E+00,0.000E+00,-10.804E-03,0.000E+00,0.0000E+00,0.0000E+00,0.0000E+00,54.436E-06,0.0000E+00,-3.3843E-06,0.000E+00,0.000E+00,Error,Error,Error,NAN,84.898E-03,-101.02E-03,6.3273E-03,-5.9695E-03,Error,Error,NAN,NAN,NAN,NAN,NAN,NAN,NAN,NAN,NAN,NAN,NAN
  544,  2026/03/17,10:46:31,122.82E+00,123.51E+00,111.20E+00,53.845E-03,122.82E+00,9.2876E+00,9.1383E+00,8.2274E+00,4.7551E-03,9.2876E+00,-1.1375E+03,1.1407E+03,-85.570E+00,-0.9972E+00,-175.70E+00,50.042E+00,NAN,173.11E+00,-173.04E+00,13.876E+00,-13.882E+00,1.409E+00,1.495E+00,NAN,NAN,NAN,NAN,NAN,NAN,NAN,NAN,NAN,0.000E+00,0.000E+00,0.000E+00,-10.933E-03,0.000E+00,0.0000E+00,0.0000E+00,0.0000E+00,38.722E-06,0.0000E+00,-3.3395E-06,0.000E+00,0.000E+00,Error,Error,Error,NAN,75.364E-03,-102.61E-03,6.2257E-03,-7.9004E-03,Error,Error,NAN,NAN,NAN,NAN,NAN,NAN,NAN,NAN,NAN,NAN,NAN
  545,  2026/03/17,10:46:32,122.79E+00,123.48E+00,111.17E+00,30.414E-03,122.79E+00,9.2923E+00,9.1432E+00,8.2318E+00,-2.9739E-03,9.2923E+00,-1.1378E+03,1.1410E+03,-85.745E+00,-0.9972E+00,-175.69E+00,50.036E+00,NAN,173.11E+00,-173.10E+00,13.894E+00,-13.894E+00,1.410E+00,1.495E+00,NAN,NAN,NAN,NAN,NAN,NAN,NAN,NAN,NAN,0.000E+00,0.000E+00,0.000E+00,-10.844E-03,0.000E+00,0.0000E+00,0.0000E+00,0.0000E+00,72.441E-06,0.0000E+00,-3.7731E-06,0.000E+00,0.000E+00,Error,Error,Error,NAN,76.953E-03,-101.02E-03,6.3273E-03,-6.6809E-03,Error,Error,NAN,NAN,NAN,NAN,NAN,NAN,NAN,NAN,NAN,NAN,NAN