"Model","WT500 (760203)"
"Comment",""
"Version","1.31"
"Date","2026/04/21"
"Time","09:33:19"

"<Settings>"
"Wiring","NONE"
"Element","Element1","Element2","Element3"
"Module","1kV40A","1kV40A","1kV40A"
"Wiring","1P2W","1P2W","1P2W"
"Voltage Range","300V","300V","300V"
"Terminal","Direct","Direct","Direct"
"Current Range","     40A","     40A","     40A"
"Sensor Ratio","10.0000","10.0000","10.0000"
"Line Filter","Off","Off","Off"
"Frequency Filter","Off","Off","Off"
"Scaling","On"
"Vt Ratio","1.0000","1.0000","1.0000"
"Ct Ratio","1.0000","1.0000","1.0000"
"Scaling Factor","1.0000","1.0000","1.0000"
"Sync Source","U1","U1","U1"
"Average","Off"
"F1","Off"
"F2","Off"
"F3","Off"
"F4","Off"
"F5","Off"
"F6","Off"
"F7","Off"
"F8","Off"
"S,Q Formula","Type 1"
"Phase Angle","180 degree"
"Max Hold","Off"
"Null","Off"
"Measurement Mode","Normal Mode"
"Update Rate","100ms"
"Crest Factor","3"
"Delta Measure Mode","RMS"

"<Settings (Harmonics)>"
"PLL Source","U3"
"Order","1 To 50"
"THD Formula","Total"

"Store No.","Date","Time","Urms-E1","Umn-E1","Urmn-E1","Udc-E1","Uac-E1","Irms-E1","Imn-E1","Irmn-E1","Idc-E1","Iac-E1","P-E1","S-E1","Q-E1","PF-E1","DEG-E1","FU-E1","FI-E1","U+pk-E1","U-pk-E1","I+pk-E1","I-pk-E1","CfU-E1","CfI-E1","Time-E1","Wp-E1","Wp+-E1","Wp--E1","q-E1","q+-E1","q--E1","WS-E1","WQ-E1","Urms-E2","Umn-E2","Urmn-E2","Udc-E2","Uac-E2","Irms-E2","Imn-E2","Irmn-E2","Idc-E2","Iac-E2","P-E2","S-E2","Q-E2","PF-E2","DEG-E2","FU-E2","FI-E2","U+pk-E2","U-pk-E2","I+pk-E2","I-pk-E2","CfU-E2","CfI-E2","Time-E2","Wp-E2","Wp+-E2","Wp--E2","q-E2","q+-E2","q--E2","WS-E2","WQ-E2","eta1","eta2"
    1,  2026/04/21,09:24:41,0.00E+00,0.00E+00,0.00E+00,-18.760E-03,0.00E+00,0.000E+00,0.000E+00,0.000E+00,-893.71E-06,0.000E+00,18.664E-06,0.000E+03,0.000E+03,Error,Error,Error,NAN,341.41E-03,-390.81E-03,34.951E-03,-31.064E-03,Error,Error,NAN,NAN,NAN,NAN,NAN,NAN,NAN,NAN,NAN,235.81E+00,236.43E+00,212.86E+00,-126.67E-03,235.81E+00,0.000E+00,0.000E+00,0.000E+00,302.29E-06,0.000E+00,-308.42E-03,0.000E+03,0.000E+03,Error,Error,50.007E+00,NAN,342.28E+00,-342.09E+00,148.46E-03,-171.60E-03,1.452E+00,Error,NAN,NAN,NAN,NAN,NAN,NAN,NAN,NAN,NAN,NAN,NAN
    2,  2026/04/21,09:24:43,0.00E+00,0.00E+00,0.00E+00,-14.123E-03,0.00E+00,0.000E+00,0.000E+00,0.000E+00,-667.49E-06,0.000E+00,-8.5265E-06,0.000E+03,0.000E+03,Error,Error,Error,NAN,373.25E-03,-454.48E-03,29.873E-03,-36.142E-03,Error,Error,NAN,NAN,NAN,NAN,NAN,NAN,NAN,NAN,NAN,235.78E+00,236.40E+00,212.83E+00,-140.31E-03,235.78E+00,0.000E+00,0.000E+00,0.000E+00,267.12E-06,0.000E+00,-378.14E-03,0.000E+03,0.000E+03,Error,Error,50.013E+00,NAN,342.09E+00,-342.31E+00,178.94E-03,-141.12E-03,1.452E+00,Error,NAN,NAN,NAN,NAN,NAN,NAN,NAN,NAN,NAN,NAN,NAN
    3,  2026/04/21,09:24:45,0.00E+00,0.00E+00,0.00E+00,-15.193E-03,0.00E+00,0.000E+00,0.000E+00,0.000E+00,-230.54E-06,0.000E+00,543.45E-09,0.000E+03,0.000E+03,Error,Error,Error,NAN,373.25E-03,-358.97E-03,34.951E-03,-31.064E-03,Error,Error,NAN,NAN,NAN,NAN,NAN,NAN,NAN,NAN,NAN,235.85E+00,236.44E+00,212.87E+00,-180.24E-03,235.85E+00,0.000E+00,0.000E+00,0.000E+00,-224.10E-06,0.000E+00,-1.7973E+00,0.000E+03,0.000E+03,Error,Error,50.016E+00,NAN,342.31E+00,-342.40E+00,163.70E-03,-166.52E-03,1.452E+00,Error,NAN,NAN,NAN,NAN,NAN,NAN,NAN,NAN,NAN,NAN,NAN
    4,  2026/04/21,09:24:47,4.3150E+00,0.00E+00,0.00E+00,4.0917E+00,0.00E+00,18.701E+00,19.718E+00,17.753E+00,17.752E+00,5.8808E+00,80.743E+00,80.693E+00,0.000E+03,1.0000E+00,0.00E+00,Error,NAN,5.1804E+00,-295.30E-03,20.698E+00,-31.064E-03,1.201E+00,1.107E+00,NAN,NAN,NAN,NAN,NAN,NAN,NAN,NAN,NAN,235.67E+00,236.31E+00,212.75E+00,-87.979E-03,235.67E+00,585.46E-03,0.000E+00,0.000E+00,94.383E-03,577.80E-03,-104.05E+00,137.97E+00,-90.608E+00,-0.7541E+00,-138.95E+00,50.023E+00,NAN,342.54E+00,-342.40E+00,2.5819E+00,-1.1877E+00,1.453E+00,4.410E+00,NAN,NAN,NAN,NAN,NAN,NAN,NAN,NAN,NAN,NAN,NAN
    5,  2026/04/21,09:24:49,0.00E+00,0.00E+00,0.00E+00,-16.224E-03,0.00E+00,0.000E+00,0.000E+00,0.000E+00,-992.34E-06,0.000E+00,17.627E-06,0.000E+03,0.000E+03,Error,Error,Error,NAN,341.41E-03,-390.81E-03,29.873E-03,-36.142E-03,Error,Error,NAN,NAN,NAN,NAN,NAN,NAN,NAN,NAN,NAN,235.80E+00,236.44E+00,212.87E+00,-180.23E-03,235.80E+00,0.000E+00,0.000E+00,0.000E+00,-679.24E-06,0.000E+00,-537.73E-03,0.000E+03,0.000E+03,Error,Error,50.029E+00,NAN,342.47E+00,-342.59E+00,153.54E-03,-156.36E-03,1.453E+00,Error,NAN,NAN,NAN,NAN,NAN,NAN,NAN,NAN,NAN,NAN,NAN
    6,  2026/04/21,09:24:51,0.00E+00,0.00E+00,0.00E+00,-16.039E-03,0.00E+00,0.000E+00,0.000E+00,0.000E+00,-713.88E-06,0.000E+00,36.769E-06,0.000E+03,0.000E+03,Error,Error,Error,NAN,341.41E-03,-422.64E-03,29.873E-03,-36.142E-03,Error,Error,NAN,NAN,NAN,NAN,NAN,NAN,NAN,NAN,NAN,235.57E+00,236.22E+00,212.67E+00,-196.95E-03,235.57E+00,0.000E+00,0.000E+00,0.000E+00,242.91E-06,0.000E+00,-536.01E-03,0.000E+03,0.000E+03,Error,Error,50.023E+00,NAN,342.00E+00,-342.02E+00,168.78E-03,-151.28E-03,1.452E+00,Error,NAN,NAN,NAN,NAN,NAN,NAN,NAN,NAN,NAN,NAN,NAN
    7,  2026/04/21,09:24:53,0.00E+00,0.00E+00,0.00E+00,-16.380E-03,0.00E+00,0.000E+00,0.000E+00,0.000E+00,-742.80E-06,0.000E+00,11.156E-06,0.000E+03,0.000E+03,Error,Error,Error,NAN,373.25E-03,-390.81E-03,29.873E-03,-41.220E-03,Error,Error,NAN,NAN,NAN,NAN,NAN,NAN,NAN,NAN,NAN,235.76E+00,236.36E+00,212.80E+00,-121.79E-03,235.76E+00,0.000E+00,0.000E+00,0.000E+00,14.381E-06,0.000E+00,-491.16E-03,0.000E+03,0.000E+03,Error,Error,50.031E+00,NAN,342.22E+00,-342.18E+00,163.70E-03,-151.28E-03,1.452E+00,Error,NAN,NAN,NAN,NAN,NAN,NAN,NAN,NAN,NAN,NAN,NAN
    8,  2026/04/21,09:24:55,0.00E+00,0.00E+00,0.00E+00,-15.115E-03,0.00E+00,0.000E+00,0.000E+00,0.000E+00,-566.68E-06,0.000E+00,11.798E-06,0.000E+03,0.000E+03,Error,Error,Error,NAN,341.41E-03,-422.64E-03,29.873E-03,-31.064E-03,Error,Error,NAN,NAN,NAN,NAN,NAN,NAN,NAN,NAN,NAN,235.63E+00,236.23E+00,212.68E+00,-118.18E-03,235.63E+00,0.000E+00,0.000E+00,0.000E+00,-337.89E-06,0.000E+00,-726.00E-03,0.000E+03,0.000E+03,Error,Error,50.025E+00,NAN,341.90E+00,-341.89E+00,163.70E-03,-171.60E-03,1.451E+00,Error,NAN,NAN,NAN,NAN,NAN,NAN,NAN,NAN,NAN,NAN,NAN
    9,  2026/04/21,09:24:57,0.00E+00,0.00E+00,0.00E+00,-14.962E-03,0.00E+00,0.000E+00,0.000E+00,0.000E+00,743.22E-06,0.000E+00,-24.183E-06,0.000E+03,0.000E+03,Error,Error,Error,NAN,309.58E-03,-422.64E-03,29.873E-03,-36.142E-03,Error,Error,NAN,NAN,NAN,NAN,NAN,NAN,NAN,NAN,NAN,235.83E+00,236.46E+00,212.88E+00,-25.351E-03,235.83E+00,0.000E+00,0.000E+00,0.000E+00,-475.32E-06,0.000E+00,-1.8010E+00,0.000E+03,0.000E+03,Error,Error,50.042E+00,NAN,342.28E+00,-342.37E+00,168.78E-03,-171.60E-03,1.452E+00,Error,NAN,NAN,NAN,NAN,NAN,NAN,NAN,NAN,NAN,NAN,NAN
   10,  2026/04/21,09:24:59,3.6521E+00,0.00E+00,0.00E+00,2.9456E+00,2.1589E+00,15.841E+00,14.232E+00,12.814E+00,12.811E+00,9.3175E+00,57.912E+00,57.851E+00,0.000E+03,1.0000E+00,0.00E+00,Error,NAN,5.1486E+00,-390.81E-03,20.642E+00,-36.142E-03,1.410E+00,1.303E+00,NAN,NAN,NAN,NAN,NAN,NAN,NAN,NAN,NAN,235.50E+00,236.17E+00,212.63E+00,-21.390E-03,235.50E+00,510.49E-03,0.000E+00,0.000E+00,-101.58E-03,500.28E-03,-75.416E+00,120.22E+00,-93.624E+00,-0.6273E+00,-128.85E+00,50.037E+00,NAN,341.96E+00,-341.93E+00,1.1086E+00,-2.4577E+00,1.452E+00,4.814E+00,NAN,NAN,NAN,NAN,NAN,NAN,NAN,NAN,NAN,NAN,NAN
   11,  2026/04/21,09:25:01,0.00E+00,0.00E+00,0.00E+00,-17.310E-03,0.00E+00,0.000E+00,0.000E+00,0.000E+00,-979.36E-06,0.000E+00,13.192E-06,0.000E+03,0.000E+03,Error,Error,Error,NAN,373.25E-03,-358.97E-03,34.951E-03,-46.298E-03,Error,Error,NAN,NAN,NAN,NAN,NAN,NAN,NAN,NAN,NAN,235.71E+00,236.34E+00,212.78E+00,93.939E-03,235.71E+00,0.000E+00,0.000E+00,0.000E+00,-72.363E-06,0.000E+00,-535.73E-03,0.000E+03,0.000E+03,Error,Error,50.035E+00,NAN,342.19E+00,-342.09E+00,168.78E-03,-156.36E-03,1.452E+00,Error,NAN,NAN,NAN,NAN,NAN,NAN,NAN,NAN,NAN,NAN,NAN
   12,  2026/04/21,09:25:03,0.00E+00,0.00E+00,0.00E+00,-15.931E-03,0.00E+00,0.000E+00,0.000E+00,0.000E+00,-785.52E-06,0.000E+00,-874.89E-09,0.000E+03,0.000E+03,Error,Error,Error,NAN,309.58E-03,-358.97E-03,34.951E-03,-36.142E-03,Error,Error,NAN,NAN,NAN,NAN,NAN,NAN,NAN,NAN,NAN,235.75E+00,236.39E+00,212.83E+00,91.982E-03,235.75E+00,0.000E+00,0.000E+00,0.000E+00,-431.78E-06,0.000E+00,-593.27E-03,0.000E+03,0.000E+03,Error,Error,50.036E+00,NAN,342.38E+00,-342.31E+00,148.46E-03,-181.76E-03,1.452E+00,Error,NAN,NAN,NAN,NAN,NAN,NAN,NAN,NAN,NAN,NAN,NAN
   13,  2026/04/21,09:25:05,0.00E+00,0.00E+00,0.00E+00,-14.665E-03,0.00E+00,0.000E+00,0.000E+00,0.000E+00,-1.0413E-03,0.000E+00,-1.6800E-06,0.000E+03,0.000E+03,Error,Error,Error,NAN,373.25E-03,-390.81E-03,34.951E-03,-41.220E-03,Error,Error,NAN,NAN,NAN,NAN,NAN,NAN,NAN,NAN,NAN,235.56E+00,236.16E+00,212.62E+00,127.21E-03,235.56E+00,0.000E+00,0.000E+00,0.000E+00,-224.46E-06,0.000E+00,-505.43E-03,0.000E+03,0.000E+03,Error,Error,50.034E+00,NAN,342.03E+00,-341.93E+00,163.70E-03,-156.36E-03,1.452E+00,Error,NAN,NAN,NAN,NAN,NAN,NAN,NAN,NAN,NAN,NAN,NAN
   14,  2026/04/21,09:25:07,0.00E+00,0.00E+00,0.00E+00,-15.309E-03,0.00E+00,0.000E+00,0.000E+00,0.000E+00,-813.29E-06,0.000E+00,26.386E-06,0.000E+03,0.000E+03,Error,Error,Error,NAN,436.92E-03,-327.14E-03,29.873E-03,-36.142E-03,Error,Error,NAN,NAN,NAN,NAN,NAN,NAN,NAN,NAN,NAN,235.62E+00,236.22E+00,212.67E+00,165.88E-03,235.62E+00,0.000E+00,0.000E+00,0.000E+00,-296.77E-06,0.000E+00,-887.47E-03,0.000E+03,0.000E+03,Error,Error,50.031E+00,NAN,341.93E+00,-341.96E+00,163.70E-03,-171.60E-03,1.451E+00,Error,NAN,NAN,NAN,NAN,NAN,NAN,NAN,NAN,NAN,NAN,NAN
   15,  2026/04/21,09:25:09,0.00E+00,0.00E+00,0.00E+00,-13.057E-03,0.00E+00,0.000E+00,0.000E+00,0.000E+00,1.3745E-03,0.000E+00,-21.855E-06,0.000E+03,0.000E+03,Error,Error,Error,NAN,341.41E-03,-358.97E-03,34.951E-03,-31.064E-03,Error,Error,NAN,NAN,NAN,NAN,NAN,NAN,NAN,NAN,NAN,235.59E+00,236.21E+00,212.66E+00,129.80E-03,235.59E+00,0.000E+00,0.000E+00,0.000E+00,-232.53E-06,0.000E+00,-1.7995E+00,0.000E+03,0.000E+03,Error,Error,50.035E+00,NAN,341.90E+00,-341.89E+00,168.78E-03,-166.52E-03,1.451E+00,Error,NAN,NAN,NAN,NAN,NAN,NAN,NAN,NAN,NAN,NAN,NAN
   16,  2026/04/21,09:25:11,2.7942E+00,0.00E+00,0.00E+00,1.7690E+00,2.1629E+00,12.117E+00,8.5846E+00,7.7288E+00,7.7245E+00,9.3356E+00,33.927E+00,33.858E+00,0.000E+03,1.0000E+00,0.00E+00,Error,NAN,5.1167E+00,-358.97E-03,20.164E+00,-36.142E-03,1.831E+00,1.664E+00,NAN,NAN,NAN,NAN,NAN,NAN,NAN,NAN,NAN,235.49E+00,236.15E+00,212.61E+00,160.24E-03,235.49E+00,422.00E-03,0.000E+00,0.000E+00,94.961E-03,411.18E-03,-46.438E+00,99.376E+00,-87.859E+00,-0.4673E+00,-117.86E+00,50.031E+00,NAN,341.87E+00,-341.86E+00,2.2416E+00,-862.52E-03,1.452E+00,5.312E+00,NAN,NAN,NAN,NAN,NAN,NAN,NAN,NAN,NAN,NAN,NAN
   17,  2026/04/21,09:25:13,0.00E+00,0.00E+00,0.00E+00,-17.014E-03,0.00E+00,0.000E+00,0.000E+00,0.000E+00,-734.15E-06,0.000E+00,26.737E-06,0.000E+03,0.000E+03,Error,Error,Error,NAN,373.25E-03,-422.64E-03,29.873E-03,-46.298E-03,Error,Error,NAN,NAN,NAN,NAN,NAN,NAN,NAN,NAN,NAN,235.64E+00,236.32E+00,212.76E+00,30.488E-03,235.64E+00,0.000E+00,0.000E+00,0.000E+00,-11.539E-06,0.000E+00,-355.84E-03,0.000E+03,0.000E+03,Error,Error,50.031E+00,NAN,341.96E+00,-342.09E+00,163.70E-03,-146.20E-03,1.452E+00,Error,NAN,NAN,NAN,NAN,NAN,NAN,NAN,NAN,NAN,NAN,NAN
   18,  2026/04/21,09:25:15,0.00E+00,0.00E+00,0.00E+00,-17.709E-03,0.00E+00,0.000E+00,0.000E+00,0.000E+00,-1.0259E-03,0.000E+00,16.353E-06,0.000E+03,0.000E+03,Error,Error,Error,NAN,341.41E-03,-422.64E-03,29.873E-03,-31.064E-03,Error,Error,NAN,NAN,NAN,NAN,NAN,NAN,NAN,NAN,NAN,235.42E+00,236.12E+00,212.58E+00,-23.079E-03,235.42E+00,0.000E+00,0.000E+00,0.000E+00,11.175E-06,0.000E+00,-289.82E-03,0.000E+03,0.000E+03,Error,Error,50.040E+00,NAN,341.61E+00,-341.64E+00,143.38E-03,-161.44E-03,1.451E+00,Error,NAN,NAN,NAN,NAN,NAN,NAN,NAN,NAN,NAN,NAN,NAN
   19,  2026/04/21,09:25:17,0.00E+00,0.00E+00,0.00E+00,-17.455E-03,0.00E+00,0.000E+00,0.000E+00,0.000E+00,-700.68E-06,0.000E+00,16.939E-06,0.000E+03,0.000E+03,Error,Error,Error,NAN,309.58E-03,-390.81E-03,29.873E-03,-36.142E-03,Error,Error,NAN,NAN,NAN,NAN,NAN,NAN,NAN,NAN,NAN,235.75E+00,236.39E+00,212.83E+00,-48.886E-03,235.75E+00,0.000E+00,0.000E+00,0.000E+00,449.03E-06,0.000E+00,-532.02E-03,0.000E+03,0.000E+03,Error,Error,50.044E+00,NAN,342.31E+00,-342.37E+00,163.70E-03,-151.28E-03,1.452E+00,Error,NAN,NAN,NAN,NAN,NAN,NAN,NAN,NAN,NAN,NAN,NAN
   20,  2026/04/21,09:25:19,0.00E+00,0.00E+00,0.00E+00,-13.723E-03,0.00E+00,0.000E+00,0.000E+00,0.000E+00,-909.92E-06,0.000E+00,9.6759E-06,0.000E+03,0.000E+03,Error,Error,Error,NAN,373.25E-03,-390.81E-03,34.951E-03,-36.142E-03,Error,Error,NAN,NAN,NAN,NAN,NAN,NAN,NAN,NAN,NAN,235.80E+00,236.42E+00,212.85E+00,12.427E-03,235.80E+00,0.000E+00,0.000E+00,0.000E+00,395.55E-06,0.000E+00,-1.5177E+00,0.000E+03,0.000E+03,Error,Error,50.050E+00,NAN,342.31E+00,-342.40E+00,163.70E-03,-166.52E-03,1.452E+00,Error,NAN,NAN,NAN,NAN,NAN,NAN,NAN,NAN,NAN,NAN,NAN
   21,  2026/04/21,09:25:21,0.00E+00,0.00E+00,0.00E+00,-12.944E-03,0.00E+00,0.000E+00,0.000E+00,0.000E+00,20.442E-03,0.000E+00,2.3660E-03,0.000E+03,0.000E+03,Error,Error,Error,NAN,500.59E-03,-390.81E-03,1.4314E+00,-36.142E-03,Error,Error,NAN,NAN,NAN,NAN,NAN,NAN,NAN,NAN,NAN,235.85E+00,236.49E+00,212.91E+00,-9.8444E-03,235.85E+00,0.000E+00,0.000E+00,0.000E+00,302.91E-06,0.000E+00,-1.8246E+00,0.000E+03,0.000E+03,Error,Error,50.049E+00,NAN,342.44E+00,-342.37E+00,194.18E-03,-186.84E-03,1.452E+00,Error,NAN,NAN,NAN,NAN,NAN,NAN,NAN,NAN,NAN,NAN,NAN
   22,  2026/04/21,09:25:23,1.5711E+00,0.00E+00,0.00E+00,576.10E-03,0.00E+00,6.8681E+00,2.8871E+00,2.5993E+00,2.5919E+00,6.3602E+00,10.859E+00,10.790E+00,0.000E+03,1.0000E+00,0.00E+00,Error,NAN,4.8621E+00,-390.81E-03,19.545E+00,-41.220E-03,3.095E+00,2.846E+00,NAN,NAN,NAN,NAN,NAN,NAN,NAN,NAN,NAN,235.92E+00,236.53E+00,212.95E+00,18.148E-03,235.92E+00,0.000E+00,0.000E+00,0.000E+00,-5.0881E-03,0.000E+00,-1.5876E+00,0.000E+03,0.000E+03,Error,Error,50.057E+00,NAN,342.38E+00,-342.66E+00,67.174E-03,-257.97E-03,1.452E+00,Error,NAN,NAN,NAN,NAN,NAN,NAN,NAN,NAN,NAN,NAN,NAN
   23,  2026/04/21,09:25:25,0.00E+00,0.00E+00,0.00E+00,-15.674E-03,0.00E+00,0.000E+00,0.000E+00,0.000E+00,-1.1167E-03,0.000E+00,20.812E-06,0.000E+03,0.000E+03,Error,Error,Error,NAN,373.25E-03,-390.81E-03,29.873E-03,-31.064E-03,Error,Error,NAN,NAN,NAN,NAN,NAN,NAN,NAN,NAN,NAN,235.93E+00,236.54E+00,212.96E+00,27.796E-03,235.93E+00,0.000E+00,0.000E+00,0.000E+00,100.99E-06,0.000E+00,-4.1202E-03,0.000E+03,0.000E+03,Error,Error,50.053E+00,NAN,342.47E+00,-342.34E+00,77.335E-03,-69.995E-03,1.452E+00,Error,NAN,NAN,NAN,NAN,NAN,NAN,NAN,NAN,NAN,NAN,NAN
   24,  2026/04/21,09:25:27,0.00E+00,0.00E+00,0.00E+00,-15.348E-03,0.00E+00,0.000E+00,0.000E+00,0.000E+00,-1.1711E-03,0.000E+00,6.9118E-06,0.000E+03,0.000E+03,Error,Error,Error,NAN,341.41E-03,-358.97E-03,34.951E-03,-31.064E-03,Error,Error,NAN,NAN,NAN,NAN,NAN,NAN,NAN,NAN,NAN,236.10E+00,236.72E+00,213.12E+00,21.083E-03,236.10E+00,0.000E+00,0.000E+00,0.000E+00,26.671E-06,0.000E+00,10.198E-03,0.000E+03,0.000E+03,Error,Error,50.055E+00,NAN,342.82E+00,-342.63E+00,67.174E-03,-64.914E-03,1.452E+00,Error,NAN,NAN,NAN,NAN,NAN,NAN,NAN,NAN,NAN,NAN,NAN
   25,  2026/04/21,09:25:29,0.00E+00,0.00E+00,0.00E+00,-16.820E-03,0.00E+00,0.000E+00,0.000E+00,0.000E+00,-1.1387E-03,0.000E+00,17.533E-06,0.000E+03,0.000E+03,Error,Error,Error,NAN,405.08E-03,-390.81E-03,29.873E-03,-41.220E-03,Error,Error,NAN,NAN,NAN,NAN,NAN,NAN,NAN,NAN,NAN,236.17E+00,236.75E+00,213.15E+00,40.270E-03,236.17E+00,0.000E+00,0.000E+00,0.000E+00,1.1582E-03,0.000E+00,-171.85E-03,0.000E+03,0.000E+03,Error,Error,50.053E+00,NAN,340.34E+00,-340.46E+00,148.46E-03,-64.914E-03,1.442E+00,Error,NAN,NAN,NAN,NAN,NAN,NAN,NAN,NAN,NAN,NAN,NAN
   26,  2026/04/21,09:25:31,0.00E+00,0.00E+00,0.00E+00,-17.261E-03,0.00E+00,0.000E+00,0.000E+00,0.000E+00,-599.38E-06,0.000E+00,2.8899E-06,0.000E+03,0.000E+03,Error,Error,Error,NAN,405.08E-03,-358.97E-03,29.873E-03,-41.220E-03,Error,Error,NAN,NAN,NAN,NAN,NAN,NAN,NAN,NAN,NAN,236.20E+00,236.78E+00,213.18E+00,6.5562E-03,236.20E+00,0.000E+00,0.000E+00,0.000E+00,557.73E-06,0.000E+00,-1.6901E+00,0.000E+03,0.000E+03,Error,Error,50.053E+00,NAN,340.69E+00,-340.53E+00,168.78E-03,-176.68E-03,1.442E+00,Error,NAN,NAN,NAN,NAN,NAN,NAN,NAN,NAN,NAN,NAN,NAN
   27,  2026/04/21,09:25:33,2.2307E+00,0.00E+00,0.00E+00,1.0992E+00,1.9411E+00,9.5850E+00,5.3145E+00,4.7847E+00,4.7819E+00,8.3070E+00,21.373E+00,21.381E+00,-597.23E-03,0.9996E+00,-1.60E+00,Error,NAN,5.0212E+00,-390.81E-03,19.946E+00,-25.986E-03,2.251E+00,2.081E+00,NAN,NAN,NAN,NAN,NAN,NAN,NAN,NAN,NAN,236.30E+00,236.90E+00,213.28E+00,12.313E-03,236.30E+00,242.77E-03,0.000E+00,0.000E+00,-8.7084E-03,242.61E-03,-26.960E+00,57.367E+00,-50.637E+00,-0.4700E+00,-118.03E+00,50.064E+00,NAN,340.69E+00,-340.75E+00,1.0477E+00,-1.1115E+00,1.442E+00,4.578E+00,NAN,NAN,NAN,NAN,NAN,NAN,NAN,NAN,NAN,NAN,NAN
   28,  2026/04/21,09:25:35,0.00E+00,0.00E+00,0.00E+00,-17.262E-03,0.00E+00,0.000E+00,0.000E+00,0.000E+00,-857.77E-06,0.000E+00,7.8261E-06,0.000E+03,0.000E+03,Error,Error,Error,NAN,405.08E-03,-454.48E-03,34.951E-03,-36.142E-03,Error,Error,NAN,NAN,NAN,NAN,NAN,NAN,NAN,NAN,NAN,236.23E+00,236.81E+00,213.21E+00,17.987E-03,236.23E+00,0.000E+00,0.000E+00,0.000E+00,131.90E-06,0.000E+00,7.3336E-03,0.000E+03,0.000E+03,Error,Error,50.052E+00,NAN,340.69E+00,-340.66E+00,72.254E-03,-69.995E-03,1.442E+00,Error,NAN,NAN,NAN,NAN,NAN,NAN,NAN,NAN,NAN,NAN,NAN
   29,  2026/04/21,09:25:37,0.00E+00,0.00E+00,0.00E+00,-14.515E-03,0.00E+00,0.000E+00,0.000E+00,0.000E+00,-828.25E-06,0.000E+00,6.9284E-06,0.000E+03,0.000E+03,Error,Error,Error,NAN,405.08E-03,-358.97E-03,40.029E-03,-36.142E-03,Error,Error,NAN,NAN,NAN,NAN,NAN,NAN,NAN,NAN,NAN,236.28E+00,236.87E+00,213.26E+00,60.519E-03,236.28E+00,0.000E+00,0.000E+00,0.000E+00,68.882E-06,0.000E+00,-6.8194E-03,0.000E+03,0.000E+03,Error,Error,50.053E+00,NAN,340.66E+00,-340.56E+00,67.174E-03,-64.914E-03,1.442E+00,Error,NAN,NAN,NAN,NAN,NAN,NAN,NAN,NAN,NAN,NAN,NAN
   30,  2026/04/21,09:25:39,0.00E+00,0.00E+00,0.00E+00,-17.846E-03,0.00E+00,0.000E+00,0.000E+00,0.000E+00,-953.23E-06,0.000E+00,10.872E-06,0.000E+03,0.000E+03,Error,Error,Error,NAN,341.41E-03,-390.81E-03,40.029E-03,-36.142E-03,Error,Error,NAN,NAN,NAN,NAN,NAN,NAN,NAN,NAN,NAN,236.33E+00,236.91E+00,213.30E+00,59.547E-03,236.33E+00,0.000E+00,0.000E+00,0.000E+00,40.029E-06,0.000E+00,-23.905E-03,0.000E+03,0.000E+03,Error,Error,50.059E+00,NAN,340.79E+00,-340.66E+00,67.174E-03,-69.995E-03,1.442E+00,Error,NAN,NAN,NAN,NAN,NAN,NAN,NAN,NAN,NAN,NAN,NAN
   31,  2026/04/21,09:25:41,0.00E+00,0.00E+00,0.00E+00,-17.067E-03,0.00E+00,0.000E+00,0.000E+00,0.000E+00,-948.42E-06,0.000E+00,14.883E-06,0.000E+03,0.000E+03,Error,Error,Error,NAN,341.41E-03,-422.64E-03,29.873E-03,-31.064E-03,Error,Error,NAN,NAN,NAN,NAN,NAN,NAN,NAN,NAN,NAN,236.24E+00,236.84E+00,213.23E+00,14.494E-03,236.24E+00,0.000E+00,0.000E+00,0.000E+00,105.99E-06,0.000E+00,13.516E-03,0.000E+03,0.000E+03,Error,Error,50.054E+00,NAN,340.72E+00,-340.59E+00,77.335E-03,-69.995E-03,1.442E+00,Error,NAN,NAN,NAN,NAN,NAN,NAN,NAN,NAN,NAN,NAN,NAN
   32,  2026/04/21,09:25:43,0.00E+00,0.00E+00,0.00E+00,-18.287E-03,0.00E+00,0.000E+00,0.000E+00,0.000E+00,-205.25E-06,0.000E+00,-12.284E-06,0.000E+03,0.000E+03,Error,Error,Error,NAN,373.25E-03,-390.81E-03,29.873E-03,-36.142E-03,Error,Error,NAN,NAN,NAN,NAN,NAN,NAN,NAN,NAN,NAN,236.18E+00,236.74E+00,213.14E+00,11.720E-03,236.18E+00,0.000E+00,0.000E+00,0.000E+00,-4.3296E-06,0.000E+00,-1.7042E+00,0.000E+03,0.000E+03,Error,Error,50.050E+00,NAN,340.85E+00,-340.75E+00,163.70E-03,-161.44E-03,1.443E+00,Error,NAN,NAN,NAN,NAN,NAN,NAN,NAN,NAN,NAN,NAN,NAN
   33,  2026/04/21,09:25:45,3.2697E+00,0.00E+00,0.00E+00,2.3053E+00,2.3188E+00,14.029E+00,11.030E+00,9.9304E+00,9.9292E+00,9.9106E+00,45.856E+00,45.870E+00,-1.1479E+00,0.9997E+00,-1.43E+00,Error,NAN,5.1486E+00,-358.97E-03,20.586E+00,-31.064E-03,1.575E+00,1.467E+00,NAN,NAN,NAN,NAN,NAN,NAN,NAN,NAN,NAN,235.55E+00,236.17E+00,212.63E+00,77.007E-03,235.55E+00,404.00E-03,0.000E+00,0.000E+00,32.087E-03,402.73E-03,-65.922E+00,95.161E+00,-68.629E+00,-0.6927E+00,-133.85E+00,50.048E+00,NAN,340.12E+00,-340.02E+00,1.1493E+00,-1.1521E+00,1.444E+00,2.852E+00,NAN,NAN,NAN,NAN,NAN,NAN,NAN,NAN,NAN,NAN,NAN
   34,  2026/04/21,09:25:47,0.00E+00,0.00E+00,0.00E+00,-11.262E-03,0.00E+00,0.000E+00,0.000E+00,0.000E+00,-1.0787E-03,0.000E+00,21.362E-06,0.000E+03,0.000E+03,Error,Error,Error,NAN,373.25E-03,-390.81E-03,34.951E-03,-31.064E-03,Error,Error,NAN,NAN,NAN,NAN,NAN,NAN,NAN,NAN,NAN,235.87E+00,236.41E+00,212.84E+00,101.17E-03,235.87E+00,0.000E+00,0.000E+00,0.000E+00,186.65E-06,0.000E+00,-129.08E-03,0.000E+03,0.000E+03,Error,Error,50.044E+00,NAN,340.98E+00,-340.88E+00,72.254E-03,-161.44E-03,1.446E+00,Error,NAN,NAN,NAN,NAN,NAN,NAN,NAN,NAN,NAN,NAN,NAN
   35,  2026/04/21,09:25:49,0.00E+00,0.00E+00,0.00E+00,-17.093E-03,0.00E+00,0.000E+00,0.000E+00,0.000E+00,-723.57E-06,0.000E+00,20.741E-06,0.000E+03,0.000E+03,Error,Error,Error,NAN,341.41E-03,-390.81E-03,29.873E-03,-36.142E-03,Error,Error,NAN,NAN,NAN,NAN,NAN,NAN,NAN,NAN,NAN,236.24E+00,236.72E+00,213.13E+00,130.17E-03,236.24E+00,0.000E+00,0.000E+00,0.000E+00,206.20E-06,0.000E+00,-3.3098E-03,0.000E+03,0.000E+03,Error,Error,50.037E+00,NAN,340.79E+00,-340.91E+00,67.174E-03,-69.995E-03,1.443E+00,Error,NAN,NAN,NAN,NAN,NAN,NAN,NAN,NAN,NAN,NAN,NAN
   36,  2026/04/21,09:25:51,0.00E+00,0.00E+00,0.00E+00,-16.573E-03,0.00E+00,0.000E+00,0.000E+00,0.000E+00,-991.21E-06,0.000E+00,12.922E-06,0.000E+03,0.000E+03,Error,Error,Error,NAN,341.41E-03,-390.81E-03,29.873E-03,-36.142E-03,Error,Error,NAN,NAN,NAN,NAN,NAN,NAN,NAN,NAN,NAN,236.35E+00,236.83E+00,213.22E+00,77.568E-03,236.35E+00,0.000E+00,0.000E+00,0.000E+00,571.83E-06,0.000E+00,53.033E-03,0.000E+03,0.000E+03,Error,Error,50.040E+00,NAN,341.07E+00,-341.04E+00,72.254E-03,-69.995E-03,1.443E+00,Error,NAN,NAN,NAN,NAN,NAN,NAN,NAN,NAN,NAN,NAN,NAN
   37,  2026/04/21,09:25:53,0.00E+00,0.00E+00,0.00E+00,-17.516E-03,0.00E+00,0.000E+00,0.000E+00,0.000E+00,-430.67E-06,0.000E+00,1.5618E-06,0.000E+03,0.000E+03,Error,Error,Error,NAN,341.41E-03,-358.97E-03,34.951E-03,-36.142E-03,Error,Error,NAN,NAN,NAN,NAN,NAN,NAN,NAN,NAN,NAN,236.14E+00,236.63E+00,213.04E+00,55.771E-03,236.14E+00,0.000E+00,0.000E+00,0.000E+00,3.6671E-06,0.000E+00,-25.521E-03,0.000E+03,0.000E+03,Error,Error,50.027E+00,NAN,340.69E+00,-340.62E+00,72.254E-03,-64.914E-03,1.443E+00,Error,NAN,NAN,NAN,NAN,NAN,NAN,NAN,NAN,NAN,NAN,NAN
   38,  2026/04/21,09:25:55,0.00E+00,0.00E+00,0.00E+00,-16.363E-03,0.00E+00,0.000E+00,0.000E+00,0.000E+00,-132.87E-06,0.000E+00,11.171E-06,0.000E+03,0.000E+03,Error,Error,Error,NAN,341.41E-03,-358.97E-03,40.029E-03,-31.064E-03,Error,Error,NAN,NAN,NAN,NAN,NAN,NAN,NAN,NAN,NAN,236.32E+00,236.80E+00,213.20E+00,-2.4049E-03,236.32E+00,0.000E+00,0.000E+00,0.000E+00,539.08E-06,0.000E+00,-1.7350E+00,0.000E+03,0.000E+03,Error,Error,50.037E+00,NAN,340.98E+00,-340.85E+00,158.62E-03,-156.36E-03,1.443E+00,Error,NAN,NAN,NAN,NAN,NAN,NAN,NAN,NAN,NAN,NAN,NAN
   39,  2026/04/21,09:25:57,3.9334E+00,0.00E+00,0.00E+00,3.4290E+00,1.9270E+00,16.927E+00,16.414E+00,14.778E+00,14.777E+00,8.2555E+00,66.558E+00,66.580E+00,-1.7265E+00,0.9997E+00,-1.49E+00,Error,NAN,5.0849E+00,-358.97E-03,20.073E+00,-20.908E-03,1.293E+00,1.186E+00,NAN,NAN,NAN,NAN,NAN,NAN,NAN,NAN,NAN,236.02E+00,236.50E+00,212.93E+00,-60.444E-03,236.02E+00,451.62E-03,0.000E+00,0.000E+00,-1.3122E-03,451.62E-03,-90.628E+00,106.59E+00,-56.106E+00,-0.8503E+00,-148.24E+00,50.036E+00,NAN,340.72E+00,-340.75E+00,1.0985E+00,-1.0810E+00,1.444E+00,2.432E+00,NAN,NAN,NAN,NAN,NAN,NAN,NAN,NAN,NAN,NAN,NAN
   40,  2026/04/21,09:25:59,0.00E+00,0.00E+00,0.00E+00,-12.235E-03,0.00E+00,0.000E+00,0.000E+00,0.000E+00,-507.80E-06,0.000E+00,-1.0100E-06,0.000E+03,0.000E+03,Error,Error,Error,NAN,373.25E-03,-358.97E-03,34.951E-03,-31.064E-03,Error,Error,NAN,NAN,NAN,NAN,NAN,NAN,NAN,NAN,NAN,236.14E+00,236.61E+00,213.03E+00,-81.816E-03,236.14E+00,0.000E+00,0.000E+00,0.000E+00,178.95E-06,0.000E+00,-565.58E-03,0.000E+03,0.000E+03,Error,Error,50.033E+00,NAN,340.63E+00,-340.62E+00,163.70E-03,-156.36E-03,1.442E+00,Error,NAN,NAN,NAN,NAN,NAN,NAN,NAN,NAN,NAN,NAN,NAN
   41,  2026/04/21,09:26:01,0.00E+00,0.00E+00,0.00E+00,-12.888E-03,0.00E+00,0.000E+00,0.000E+00,0.000E+00,-271.08E-06,0.000E+00,-6.7443E-06,0.000E+03,0.000E+03,Error,Error,Error,NAN,436.92E-03,-454.48E-03,34.951E-03,-31.064E-03,Error,Error,NAN,NAN,NAN,NAN,NAN,NAN,NAN,NAN,NAN,236.00E+00,236.48E+00,212.90E+00,-56.975E-03,236.00E+00,0.000E+00,0.000E+00,0.000E+00,572.95E-06,0.000E+00,-451.95E-03,0.000E+03,0.000E+03,Error,Error,50.044E+00,NAN,340.22E+00,-340.31E+00,163.70E-03,-151.28E-03,1.442E+00,Error,NAN,NAN,NAN,NAN,NAN,NAN,NAN,NAN,NAN,NAN,NAN
   42,  2026/04/21,09:26:03,0.00E+00,0.00E+00,0.00E+00,-12.247E-03,0.00E+00,0.000E+00,0.000E+00,0.000E+00,-802.55E-06,0.000E+00,-696.58E-09,0.000E+03,0.000E+03,Error,Error,Error,NAN,373.25E-03,-390.81E-03,40.029E-03,-36.142E-03,Error,Error,NAN,NAN,NAN,NAN,NAN,NAN,NAN,NAN,NAN,236.05E+00,236.52E+00,212.94E+00,-49.417E-03,236.05E+00,0.000E+00,0.000E+00,0.000E+00,836.96E-06,0.000E+00,-198.22E-03,0.000E+03,0.000E+03,Error,Error,50.042E+00,NAN,340.53E+00,-340.50E+00,148.46E-03,-64.914E-03,1.443E+00,Error,NAN,NAN,NAN,NAN,NAN,NAN,NAN,NAN,NAN,NAN,NAN
   43,  2026/04/21,09:26:05,0.00E+00,0.00E+00,0.00E+00,-13.751E-03,0.00E+00,0.000E+00,0.000E+00,0.000E+00,-647.73E-06,0.000E+00,15.311E-06,0.000E+03,0.000E+03,Error,Error,Error,NAN,341.41E-03,-422.64E-03,40.029E-03,-36.142E-03,Error,Error,NAN,NAN,NAN,NAN,NAN,NAN,NAN,NAN,NAN,236.06E+00,236.55E+00,212.97E+00,-20.335E-03,236.06E+00,0.000E+00,0.000E+00,0.000E+00,494.20E-06,0.000E+00,-158.73E-03,0.000E+03,0.000E+03,Error,Error,50.039E+00,NAN,340.53E+00,-340.69E+00,173.86E-03,-69.995E-03,1.443E+00,Error,NAN,NAN,NAN,NAN,NAN,NAN,NAN,NAN,NAN,NAN,NAN
   44,  2026/04/21,09:26:07,0.00E+00,0.00E+00,0.00E+00,-12.221E-03,0.00E+00,0.000E+00,0.000E+00,0.000E+00,-616.79E-06,0.000E+00,-5.3453E-06,0.000E+03,0.000E+03,Error,Error,Error,NAN,373.25E-03,-358.97E-03,40.029E-03,-36.142E-03,Error,Error,NAN,NAN,NAN,NAN,NAN,NAN,NAN,NAN,NAN,236.04E+00,236.54E+00,212.96E+00,12.542E-03,236.04E+00,0.000E+00,0.000E+00,0.000E+00,432.13E-06,0.000E+00,-1.7273E+00,0.000E+03,0.000E+03,Error,Error,50.047E+00,NAN,340.50E+00,-340.46E+00,178.94E-03,-176.68E-03,1.443E+00,Error,NAN,NAN,NAN,NAN,NAN,NAN,NAN,NAN,NAN,NAN,NAN
   45,  2026/04/21,09:26:09,4.5426E+00,0.00E+00,0.00E+00,4.5216E+00,0.00E+00,19.571E+00,21.651E+00,19.493E+00,19.493E+00,1.7488E+00,88.883E+00,88.904E+00,-1.9037E+00,0.9998E+00,-1.23E+00,Error,NAN,5.1486E+00,787.11E-03,20.637E+00,4.3158E+00,1.133E+00,1.054E+00,NAN,NAN,NAN,NAN,NAN,NAN,NAN,NAN,NAN,235.68E+00,236.19E+00,212.65E+00,88.355E-03,235.68E+00,608.93E-03,0.000E+00,0.000E+00,60.587E-03,605.91E-03,-116.15E+00,143.51E+00,-84.288E+00,-0.8093E+00,-144.03E+00,50.045E+00,NAN,340.03E+00,-340.15E+00,2.5210E+00,-1.0911E+00,1.443E+00,4.140E+00,NAN,NAN,NAN,NAN,NAN,NAN,NAN,NAN,NAN,NAN,NAN
   46,  2026/04/21,09:26:11,0.00E+00,0.00E+00,0.00E+00,-13.346E-03,0.00E+00,0.000E+00,0.000E+00,0.000E+00,-953.76E-06,0.000E+00,15.733E-06,0.000E+03,0.000E+03,Error,Error,Error,NAN,341.41E-03,-390.81E-03,34.951E-03,-31.064E-03,Error,Error,NAN,NAN,NAN,NAN,NAN,NAN,NAN,NAN,NAN,235.84E+00,236.33E+00,212.77E+00,87.356E-03,235.84E+00,0.000E+00,0.000E+00,0.000E+00,516.11E-06,0.000E+00,-530.16E-03,0.000E+03,0.000E+03,Error,Error,50.048E+00,NAN,340.12E+00,-340.12E+00,163.70E-03,-141.12E-03,1.442E+00,Error,NAN,NAN,NAN,NAN,NAN,NAN,NAN,NAN,NAN,NAN,NAN
   47,  2026/04/21,09:26:13,0.00E+00,0.00E+00,0.00E+00,-12.782E-03,0.00E+00,0.000E+00,0.000E+00,0.000E+00,-1.0942E-03,0.000E+00,17.991E-06,0.000E+03,0.000E+03,Error,Error,Error,NAN,341.41E-03,-422.64E-03,34.951E-03,-31.064E-03,Error,Error,NAN,NAN,NAN,NAN,NAN,NAN,NAN,NAN,NAN,235.93E+00,236.39E+00,212.83E+00,111.55E-03,235.93E+00,0.000E+00,0.000E+00,0.000E+00,373.55E-06,0.000E+00,-529.52E-03,0.000E+03,0.000E+03,Error,Error,50.042E+00,NAN,340.38E+00,-340.53E+00,158.62E-03,-151.28E-03,1.443E+00,Error,NAN,NAN,NAN,NAN,NAN,NAN,NAN,NAN,NAN,NAN,NAN
   48,  2026/04/21,09:26:15,0.00E+00,0.00E+00,0.00E+00,-12.374E-03,0.00E+00,0.000E+00,0.000E+00,0.000E+00,-990.00E-06,0.000E+00,12.939E-06,0.000E+03,0.000E+03,Error,Error,Error,NAN,341.41E-03,-358.97E-03,29.873E-03,-31.064E-03,Error,Error,NAN,NAN,NAN,NAN,NAN,NAN,NAN,NAN,NAN,236.15E+00,236.64E+00,213.05E+00,42.355E-03,236.15E+00,0.000E+00,0.000E+00,0.000E+00,-177.79E-06,0.000E+00,-504.41E-03,0.000E+03,0.000E+03,Error,Error,50.050E+00,NAN,340.66E+00,-340.72E+00,148.46E-03,-161.44E-03,1.443E+00,Error,NAN,NAN,NAN,NAN,NAN,NAN,NAN,NAN,NAN,NAN,NAN
   49,  2026/04/21,09:26:17,0.00E+00,0.00E+00,0.00E+00,-8.3807E-03,0.00E+00,0.000E+00,0.000E+00,0.000E+00,-572.42E-06,0.000E+00,17.143E-06,0.000E+03,0.000E+03,Error,Error,Error,NAN,373.25E-03,-390.81E-03,40.029E-03,-36.142E-03,Error,Error,NAN,NAN,NAN,NAN,NAN,NAN,NAN,NAN,NAN,235.87E+00,236.37E+00,212.80E+00,16.611E-03,235.87E+00,0.000E+00,0.000E+00,0.000E+00,-216.45E-06,0.000E+00,-527.31E-03,0.000E+03,0.000E+03,Error,Error,50.055E+00,NAN,340.12E+00,-340.08E+00,158.62E-03,-141.12E-03,1.442E+00,Error,NAN,NAN,NAN,NAN,NAN,NAN,NAN,NAN,NAN,NAN,NAN
   50,  2026/04/21,09:26:19,0.00E+00,0.00E+00,0.00E+00,-14.392E-03,0.00E+00,0.000E+00,0.000E+00,0.000E+00,414.14E-06,0.000E+00,-26.403E-06,0.000E+03,0.000E+03,Error,Error,Error,NAN,373.25E-03,-390.81E-03,40.029E-03,-31.064E-03,Error,Error,NAN,NAN,NAN,NAN,NAN,NAN,NAN,NAN,NAN,236.15E+00,236.65E+00,213.06E+00,10.851E-03,236.15E+00,0.000E+00,0.000E+00,0.000E+00,335.81E-06,0.000E+00,-1.7319E+00,0.000E+03,0.000E+03,Error,Error,50.058E+00,NAN,340.53E+00,-340.69E+00,153.54E-03,-166.52E-03,1.443E+00,Error,NAN,NAN,NAN,NAN,NAN,NAN,NAN,NAN,NAN,NAN,NAN
   51,  2026/04/21,09:26:21,3.8436E+00,0.00E+00,0.00E+00,3.3017E+00,1.9678E+00,16.585E+00,15.852E+00,14.272E+00,14.270E+00,8.4513E+00,63.796E+00,63.745E+00,0.000E+03,1.0000E+00,0.00E+00,Error,NAN,5.0849E+00,-327.14E-03,20.083E+00,-41.220E-03,1.323E+00,1.211E+00,NAN,NAN,NAN,NAN,NAN,NAN,NAN,NAN,NAN,236.00E+00,236.50E+00,212.92E+00,-6.6026E-03,236.00E+00,510.68E-03,0.000E+00,0.000E+00,-55.476E-03,507.66E-03,-85.674E+00,120.52E+00,-84.762E+00,-0.7109E+00,-135.31E+00,50.059E+00,NAN,340.57E+00,-340.53E+00,1.1544E+00,-2.1174E+00,1.443E+00,4.146E+00,NAN,NAN,NAN,NAN,NAN,NAN,NAN,NAN,NAN,NAN,NAN
   52,  2026/04/21,09:26:23,0.00E+00,0.00E+00,0.00E+00,-14.649E-03,0.00E+00,0.000E+00,0.000E+00,0.000E+00,-701.81E-06,0.000E+00,3.6364E-06,0.000E+03,0.000E+03,Error,Error,Error,NAN,341.41E-03,-358.97E-03,34.951E-03,-41.220E-03,Error,Error,NAN,NAN,NAN,NAN,NAN,NAN,NAN,NAN,NAN,236.16E+00,236.63E+00,213.04E+00,-57.278E-03,236.16E+00,0.000E+00,0.000E+00,0.000E+00,10.227E-06,0.000E+00,-551.98E-03,0.000E+03,0.000E+03,Error,Error,50.046E+00,NAN,340.41E+00,-340.46E+00,153.54E-03,-166.52E-03,1.442E+00,Error,NAN,NAN,NAN,NAN,NAN,NAN,NAN,NAN,NAN,NAN,NAN
   53,  2026/04/21,09:26:25,0.00E+00,0.00E+00,0.00E+00,-12.952E-03,0.00E+00,0.000E+00,0.000E+00,0.000E+00,-755.43E-06,0.000E+00,5.0166E-06,0.000E+03,0.000E+03,Error,Error,Error,NAN,405.08E-03,-390.81E-03,34.951E-03,-31.064E-03,Error,Error,NAN,NAN,NAN,NAN,NAN,NAN,NAN,NAN,NAN,236.29E+00,236.76E+00,213.16E+00,-31.572E-03,236.29E+00,0.000E+00,0.000E+00,0.000E+00,403.08E-06,0.000E+00,-541.59E-03,0.000E+03,0.000E+03,Error,Error,50.042E+00,NAN,340.47E+00,-340.37E+00,153.54E-03,-151.28E-03,1.441E+00,Error,NAN,NAN,NAN,NAN,NAN,NAN,NAN,NAN,NAN,NAN,NAN
   54,  2026/04/21,09:26:27,0.00E+00,0.00E+00,0.00E+00,-14.756E-03,0.00E+00,0.000E+00,0.000E+00,0.000E+00,-787.35E-06,0.000E+00,19.116E-06,0.000E+03,0.000E+03,Error,Error,Error,NAN,309.58E-03,-486.31E-03,34.951E-03,-36.142E-03,Error,Error,NAN,NAN,NAN,NAN,NAN,NAN,NAN,NAN,NAN,236.47E+00,236.95E+00,213.33E+00,-31.942E-03,236.47E+00,0.000E+00,0.000E+00,0.000E+00,966.21E-06,0.000E+00,-535.44E-03,0.000E+03,0.000E+03,Error,Error,50.035E+00,NAN,340.88E+00,-340.85E+00,158.62E-03,-156.36E-03,1.442E+00,Error,NAN,NAN,NAN,NAN,NAN,NAN,NAN,NAN,NAN,NAN,NAN
   55,  2026/04/21,09:26:29,0.00E+00,0.00E+00,0.00E+00,-10.108E-03,0.00E+00,0.000E+00,0.000E+00,0.000E+00,-764.16E-06,0.000E+00,9.5264E-06,0.000E+03,0.000E+03,Error,Error,Error,NAN,405.08E-03,-390.81E-03,29.873E-03,-41.220E-03,Error,Error,NAN,NAN,NAN,NAN,NAN,NAN,NAN,NAN,NAN,236.29E+00,236.84E+00,213.23E+00,20.959E-03,236.29E+00,0.000E+00,0.000E+00,0.000E+00,314.67E-06,0.000E+00,-1.0328E+00,0.000E+03,0.000E+03,Error,Error,50.033E+00,NAN,340.82E+00,-340.72E+00,163.70E-03,-166.52E-03,1.442E+00,Error,NAN,NAN,NAN,NAN,NAN,NAN,NAN,NAN,NAN,NAN,NAN
   56,  2026/04/21,09:26:31,0.00E+00,0.00E+00,0.00E+00,-12.108E-03,0.00E+00,0.000E+00,0.000E+00,0.000E+00,1.0768E-03,0.000E+00,-11.108E-06,0.000E+03,0.000E+03,Error,Error,Error,NAN,373.25E-03,-422.64E-03,34.951E-03,-36.142E-03,Error,Error,NAN,NAN,NAN,NAN,NAN,NAN,NAN,NAN,NAN,236.36E+00,236.87E+00,213.25E+00,103.10E-03,236.36E+00,0.000E+00,0.000E+00,0.000E+00,229.91E-06,0.000E+00,-1.8033E+00,0.000E+03,0.000E+03,Error,Error,50.021E+00,NAN,340.95E+00,-340.85E+00,173.86E-03,-166.52E-03,1.442E+00,Error,NAN,NAN,NAN,NAN,NAN,NAN,NAN,NAN,NAN,NAN,NAN
   57,  2026/04/21,09:26:33,3.1266E+00,0.00E+00,0.00E+00,2.1770E+00,2.2442E+00,13.499E+00,10.486E+00,9.4410E+00,9.4369E+00,9.6527E+00,42.273E+00,42.207E+00,0.000E+03,1.0000E+00,0.00E+00,Error,NAN,5.1486E+00,-358.97E-03,20.428E+00,-36.142E-03,1.647E+00,1.513E+00,NAN,NAN,NAN,NAN,NAN,NAN,NAN,NAN,NAN,236.21E+00,236.72E+00,213.13E+00,69.931E-03,236.21E+00,463.81E-03,0.000E+00,0.000E+00,-103.41E-03,452.14E-03,-49.681E+00,109.56E+00,-97.646E+00,-0.4535E+00,-116.97E+00,50.019E+00,NAN,340.85E+00,-340.81E+00,605.69E-03,-2.6711E+00,1.443E+00,5.759E+00,NAN,NAN,NAN,NAN,NAN,NAN,NAN,NAN,NAN,NAN,NAN
   58,  2026/04/21,09:26:35,0.00E+00,0.00E+00,0.00E+00,-13.562E-03,0.00E+00,0.000E+00,0.000E+00,0.000E+00,-1.1342E-03,0.000E+00,2.6729E-06,0.000E+03,0.000E+03,Error,Error,Error,NAN,341.41E-03,-327.14E-03,40.029E-03,-31.064E-03,Error,Error,NAN,NAN,NAN,NAN,NAN,NAN,NAN,NAN,NAN,236.46E+00,236.93E+00,213.31E+00,147.87E-03,236.46E+00,0.000E+00,0.000E+00,0.000E+00,-629.67E-06,0.000E+00,-297.66E-03,0.000E+03,0.000E+03,Error,Error,50.029E+00,NAN,341.11E+00,-341.20E+00,148.46E-03,-156.36E-03,1.443E+00,Error,NAN,NAN,NAN,NAN,NAN,NAN,NAN,NAN,NAN,NAN,NAN
   59,  2026/04/21,09:26:37,0.00E+00,0.00E+00,0.00E+00,-15.709E-03,0.00E+00,0.000E+00,0.000E+00,0.000E+00,-794.44E-06,0.000E+00,13.943E-06,0.000E+03,0.000E+03,Error,Error,Error,NAN,373.25E-03,-390.81E-03,34.951E-03,-36.142E-03,Error,Error,NAN,NAN,NAN,NAN,NAN,NAN,NAN,NAN,NAN,236.31E+00,236.78E+00,213.17E+00,178.57E-03,236.31E+00,0.000E+00,0.000E+00,0.000E+00,-36.882E-06,0.000E+00,-465.68E-03,0.000E+03,0.000E+03,Error,Error,50.029E+00,NAN,340.95E+00,-341.10E+00,143.38E-03,-166.52E-03,1.443E+00,Error,NAN,NAN,NAN,NAN,NAN,NAN,NAN,NAN,NAN,NAN,NAN
   60,  2026/04/21,09:26:39,0.00E+00,0.00E+00,0.00E+00,-14.200E-03,0.00E+00,0.000E+00,0.000E+00,0.000E+00,-606.07E-06,0.000E+00,-9.4533E-06,0.000E+03,0.000E+03,Error,Error,Error,NAN,373.25E-03,-358.97E-03,29.873E-03,-31.064E-03,Error,Error,NAN,NAN,NAN,NAN,NAN,NAN,NAN,NAN,NAN,236.41E+00,236.86E+00,213.25E+00,144.21E-03,236.41E+00,0.000E+00,0.000E+00,0.000E+00,456.80E-06,0.000E+00,-514.96E-03,0.000E+03,0.000E+03,Error,Error,50.032E+00,NAN,341.17E+00,-341.13E+00,158.62E-03,-176.68E-03,1.443E+00,Error,NAN,NAN,NAN,NAN,NAN,NAN,NAN,NAN,NAN,NAN,NAN
   61,  2026/04/21,09:26:41,0.00E+00,0.00E+00,0.00E+00,-10.007E-03,0.00E+00,0.000E+00,0.000E+00,0.000E+00,-720.95E-06,0.000E+00,15.910E-06,0.000E+03,0.000E+03,Error,Error,Error,NAN,373.25E-03,-358.97E-03,34.951E-03,-36.142E-03,Error,Error,NAN,NAN,NAN,NAN,NAN,NAN,NAN,NAN,NAN,236.35E+00,236.79E+00,213.18E+00,199.14E-03,236.35E+00,0.000E+00,0.000E+00,0.000E+00,-32.020E-06,0.000E+00,-1.4503E+00,0.000E+03,0.000E+03,Error,Error,50.024E+00,NAN,341.01E+00,-341.01E+00,184.02E-03,-156.36E-03,1.443E+00,Error,NAN,NAN,NAN,NAN,NAN,NAN,NAN,NAN,NAN,NAN,NAN
   62,  2026/04/21,09:26:43,0.00E+00,0.00E+00,0.00E+00,-12.370E-03,0.00E+00,0.000E+00,0.000E+00,0.000E+00,2.8961E-03,0.000E+00,-31.716E-06,0.000E+03,0.000E+03,Error,Error,Error,NAN,373.25E-03,-358.97E-03,45.107E-03,-31.064E-03,Error,Error,NAN,NAN,NAN,NAN,NAN,NAN,NAN,NAN,NAN,236.44E+00,236.87E+00,213.26E+00,143.75E-03,236.44E+00,0.000E+00,0.000E+00,0.000E+00,40.777E-06,0.000E+00,-1.8049E+00,0.000E+03,0.000E+03,Error,Error,50.023E+00,NAN,341.04E+00,-341.10E+00,168.78E-03,-166.52E-03,1.443E+00,Error,NAN,NAN,NAN,NAN,NAN,NAN,NAN,NAN,NAN,NAN,NAN
   63,  2026/04/21,09:26:45,2.1078E+00,0.00E+00,0.00E+00,1.0174E+00,1.8460E+00,9.1626E+00,4.9764E+00,4.4804E+00,4.4743E+00,7.9958E+00,19.377E+00,19.313E+00,0.000E+03,1.0000E+00,0.00E+00,Error,NAN,4.9576E+00,-422.64E-03,19.921E+00,-36.142E-03,2.352E+00,2.174E+00,NAN,NAN,NAN,NAN,NAN,NAN,NAN,NAN,NAN,236.31E+00,236.81E+00,213.20E+00,198.25E-03,236.31E+00,397.28E-03,0.000E+00,0.000E+00,90.184E-03,386.91E-03,-30.442E+00,93.880E+00,-88.808E+00,-0.3243E+00,-108.92E+00,50.023E+00,NAN,341.04E+00,-341.04E+00,2.4194E+00,-308.77E-03,1.443E+00,6.090E+00,NAN,NAN,NAN,NAN,NAN,NAN,NAN,NAN,NAN,NAN,NAN
   64,  2026/04/21,09:26:47,0.00E+00,0.00E+00,0.00E+00,-14.397E-03,0.00E+00,0.000E+00,0.000E+00,0.000E+00,-962.14E-06,0.000E+00,7.4481E-06,0.000E+03,0.000E+03,Error,Error,Error,NAN,341.41E-03,-358.97E-03,29.873E-03,-31.064E-03,Error,Error,NAN,NAN,NAN,NAN,NAN,NAN,NAN,NAN,NAN,236.22E+00,236.75E+00,213.15E+00,75.260E-03,236.22E+00,0.000E+00,0.000E+00,0.000E+00,257.61E-06,0.000E+00,4.0709E-03,0.000E+03,0.000E+03,Error,Error,50.026E+00,NAN,340.47E+00,-340.46E+00,72.254E-03,-64.914E-03,1.441E+00,Error,NAN,NAN,NAN,NAN,NAN,NAN,NAN,NAN,NAN,NAN,NAN
   65,  2026/04/21,09:26:49,0.00E+00,0.00E+00,0.00E+00,-14.532E-03,0.00E+00,0.000E+00,0.000E+00,0.000E+00,-360.93E-06,0.000E+00,7.2675E-06,0.000E+03,0.000E+03,Error,Error,Error,NAN,373.25E-03,-422.64E-03,34.951E-03,-31.064E-03,Error,Error,NAN,NAN,NAN,NAN,NAN,NAN,NAN,NAN,NAN,236.35E+00,236.94E+00,213.32E+00,23.857E-03,236.35E+00,0.000E+00,0.000E+00,0.000E+00,271.39E-06,0.000E+00,-36.229E-03,0.000E+03,0.000E+03,Error,Error,50.012E+00,NAN,340.66E+00,-340.62E+00,72.254E-03,-69.995E-03,1.441E+00,Error,NAN,NAN,NAN,NAN,NAN,NAN,NAN,NAN,NAN,NAN,NAN
   66,  2026/04/21,09:26:51,0.00E+00,0.00E+00,0.00E+00,-13.566E-03,0.00E+00,0.000E+00,0.000E+00,0.000E+00,-699.55E-06,0.000E+00,6.5137E-06,0.000E+03,0.000E+03,Error,Error,Error,NAN,341.41E-03,-422.64E-03,40.029E-03,-36.142E-03,Error,Error,NAN,NAN,NAN,NAN,NAN,NAN,NAN,NAN,NAN,236.62E+00,237.16E+00,213.52E+00,-10.035E-03,236.62E+00,0.000E+00,0.000E+00,0.000E+00,634.35E-06,0.000E+00,-399.83E-03,0.000E+03,0.000E+03,Error,Error,50.010E+00,NAN,341.36E+00,-341.32E+00,148.46E-03,-161.44E-03,1.443E+00,Error,NAN,NAN,NAN,NAN,NAN,NAN,NAN,NAN,NAN,NAN,NAN
   67,  2026/04/21,09:26:53,0.00E+00,0.00E+00,0.00E+00,-12.650E-03,0.00E+00,0.000E+00,0.000E+00,0.000E+00,-232.57E-06,0.000E+00,-3.1854E-06,0.000E+03,0.000E+03,Error,Error,Error,NAN,436.92E-03,-422.64E-03,34.951E-03,-41.220E-03,Error,Error,NAN,NAN,NAN,NAN,NAN,NAN,NAN,NAN,NAN,236.66E+00,237.16E+00,213.51E+00,-46.466E-03,236.66E+00,0.000E+00,0.000E+00,0.000E+00,445.15E-06,0.000E+00,-1.6863E+00,0.000E+03,0.000E+03,Error,Error,50.020E+00,NAN,341.49E+00,-341.45E+00,158.62E-03,-156.36E-03,1.443E+00,Error,NAN,NAN,NAN,NAN,NAN,NAN,NAN,NAN,NAN,NAN,NAN
   68,  2026/04/21,09:26:55,0.00E+00,0.00E+00,0.00E+00,470.65E-03,0.00E+00,7.2885E+00,3.1081E+00,2.7982E+00,2.7951E+00,6.7313E+00,9.1473E+00,0.000E+03,0.000E+03,Error,Error,Error,NAN,3.8115E+00,-454.48E-03,19.966E+00,-31.064E-03,Error,2.739E+00,NAN,NAN,NAN,NAN,NAN,NAN,NAN,NAN,NAN,236.47E+00,236.91E+00,213.30E+00,-105.68E-03,236.47E+00,201.32E-03,0.000E+00,0.000E+00,-18.591E-03,200.46E-03,-18.622E+00,47.606E+00,-43.813E+00,-0.3912E+00,-113.03E+00,50.023E+00,NAN,341.52E+00,-342.82E+00,1.0782E+00,-999.69E-03,1.450E+00,5.355E+00,NAN,NAN,NAN,NAN,NAN,NAN,NAN,NAN,NAN,NAN,NAN
   69,  2026/04/21,09:26:57,0.00E+00,0.00E+00,0.00E+00,-15.315E-03,0.00E+00,0.000E+00,0.000E+00,0.000E+00,-605.97E-06,0.000E+00,7.8142E-06,0.000E+03,0.000E+03,Error,Error,Error,NAN,341.41E-03,-486.31E-03,34.951E-03,-36.142E-03,Error,Error,NAN,NAN,NAN,NAN,NAN,NAN,NAN,NAN,NAN,236.48E+00,236.93E+00,213.31E+00,-136.62E-03,236.48E+00,0.000E+00,0.000E+00,0.000E+00,161.30E-06,0.000E+00,2.6848E-03,0.000E+03,0.000E+03,Error,Error,50.016E+00,NAN,341.39E+00,-341.48E+00,72.254E-03,-75.075E-03,1.444E+00,Error,NAN,NAN,NAN,NAN,NAN,NAN,NAN,NAN,NAN,NAN,NAN
   70,  2026/04/21,09:26:59,0.00E+00,0.00E+00,0.00E+00,-12.158E-03,0.00E+00,0.000E+00,0.000E+00,0.000E+00,-277.61E-06,0.000E+00,-19.141E-06,0.000E+03,0.000E+03,Error,Error,Error,NAN,405.08E-03,-454.48E-03,34.951E-03,-36.142E-03,Error,Error,NAN,NAN,NAN,NAN,NAN,NAN,NAN,NAN,NAN,236.56E+00,236.94E+00,213.32E+00,-174.98E-03,236.56E+00,0.000E+00,0.000E+00,0.000E+00,247.35E-06,0.000E+00,-27.875E-03,0.000E+03,0.000E+03,Error,Error,50.015E+00,NAN,342.00E+00,-341.96E+00,67.174E-03,-75.075E-03,1.446E+00,Error,NAN,NAN,NAN,NAN,NAN,NAN,NAN,NAN,NAN,NAN,NAN
   71,  2026/04/21,09:27:01,0.00E+00,0.00E+00,0.00E+00,-17.660E-03,0.00E+00,0.000E+00,0.000E+00,0.000E+00,-980.51E-06,0.000E+00,3.3483E-06,0.000E+03,0.000E+03,Error,Error,Error,NAN,341.41E-03,-358.97E-03,34.951E-03,-36.142E-03,Error,Error,NAN,NAN,NAN,NAN,NAN,NAN,NAN,NAN,NAN,236.49E+00,236.86E+00,213.25E+00,-173.60E-03,236.49E+00,0.000E+00,0.000E+00,0.000E+00,-164.96E-06,0.000E+00,-2.5922E-03,0.000E+03,0.000E+03,Error,Error,50.025E+00,NAN,341.87E+00,-341.89E+00,72.254E-03,-69.995E-03,1.446E+00,Error,NAN,NAN,NAN,NAN,NAN,NAN,NAN,NAN,NAN,NAN,NAN
   72,  2026/04/21,09:27:03,0.00E+00,0.00E+00,0.00E+00,-13.139E-03,0.00E+00,0.000E+00,0.000E+00,0.000E+00,-532.00E-06,0.000E+00,6.4603E-06,0.000E+03,0.000E+03,Error,Error,Error,NAN,341.41E-03,-358.97E-03,34.951E-03,-36.142E-03,Error,Error,NAN,NAN,NAN,NAN,NAN,NAN,NAN,NAN,NAN,236.42E+00,236.78E+00,213.18E+00,-220.10E-03,236.42E+00,0.000E+00,0.000E+00,0.000E+00,483.16E-06,0.000E+00,-13.465E-03,0.000E+03,0.000E+03,Error,Error,50.021E+00,NAN,341.84E+00,-341.74E+00,72.254E-03,-69.995E-03,1.446E+00,Error,NAN,NAN,NAN,NAN,NAN,NAN,NAN,NAN,NAN,NAN,NAN
   73,  2026/04/21,09:27:05,0.00E+00,0.00E+00,0.00E+00,-10.634E-03,0.00E+00,0.000E+00,0.000E+00,0.000E+00,-338.50E-06,0.000E+00,12.850E-06,0.000E+03,0.000E+03,Error,Error,Error,NAN,373.25E-03,-390.81E-03,40.029E-03,-36.142E-03,Error,Error,NAN,NAN,NAN,NAN,NAN,NAN,NAN,NAN,NAN,236.39E+00,236.77E+00,213.17E+00,-186.43E-03,236.39E+00,0.000E+00,0.000E+00,0.000E+00,250.02E-06,0.000E+00,-1.7010E+00,0.000E+03,0.000E+03,Error,Error,50.019E+00,NAN,341.61E+00,-341.64E+00,158.62E-03,-166.52E-03,1.445E+00,Error,NAN,NAN,NAN,NAN,NAN,NAN,NAN,NAN,NAN,NAN,NAN
   74,  2026/04/21,09:27:07,2.2878E+00,0.00E+00,0.00E+00,1.4286E+00,1.7869E+00,12.203E+00,8.5074E+00,7.6594E+00,7.6578E+00,9.5005E+00,27.897E+00,27.916E+00,-1.0267E+00,0.9993E+00,-2.11E+00,Error,NAN,4.2890E+00,-390.81E-03,20.164E+00,-31.064E-03,1.875E+00,1.652E+00,NAN,NAN,NAN,NAN,NAN,NAN,NAN,NAN,NAN,236.27E+00,236.61E+00,213.02E+00,-100.19E-03,236.27E+00,321.47E-03,0.000E+00,0.000E+00,18.674E-03,320.93E-03,-44.885E+00,75.956E+00,-61.275E+00,-0.5909E+00,-126.22E+00,50.027E+00,NAN,341.71E+00,-341.55E+00,1.0731E+00,-1.0962E+00,1.446E+00,3.410E+00,NAN,NAN,NAN,NAN,NAN,NAN,NAN,NAN,NAN,NAN,NAN
   75,  2026/04/21,09:27:09,0.00E+00,0.00E+00,0.00E+00,-15.449E-03,0.00E+00,0.000E+00,0.000E+00,0.000E+00,-444.78E-06,0.000E+00,4.8772E-06,0.000E+03,0.000E+03,Error,Error,Error,NAN,309.58E-03,-390.81E-03,29.873E-03,-36.142E-03,Error,Error,NAN,NAN,NAN,NAN,NAN,NAN,NAN,NAN,NAN,236.51E+00,236.86E+00,213.25E+00,-120.18E-03,236.51E+00,0.000E+00,0.000E+00,0.000E+00,686.56E-06,0.000E+00,-115.85E-03,0.000E+03,0.000E+03,Error,Error,50.024E+00,NAN,341.61E+00,-341.61E+00,143.38E-03,-75.075E-03,1.444E+00,Error,NAN,NAN,NAN,NAN,NAN,NAN,NAN,NAN,NAN,NAN,NAN
   76,  2026/04/21,09:27:11,0.00E+00,0.00E+00,0.00E+00,-15.705E-03,0.00E+00,0.000E+00,0.000E+00,0.000E+00,-816.67E-06,0.000E+00,25.478E-06,0.000E+03,0.000E+03,Error,Error,Error,NAN,373.25E-03,-422.64E-03,34.951E-03,-41.220E-03,Error,Error,NAN,NAN,NAN,NAN,NAN,NAN,NAN,NAN,NAN,236.44E+00,236.79E+00,213.19E+00,-120.59E-03,236.44E+00,0.000E+00,0.000E+00,0.000E+00,169.07E-06,0.000E+00,-17.575E-03,0.000E+03,0.000E+03,Error,Error,50.019E+00,NAN,341.61E+00,-341.67E+00,67.174E-03,-69.995E-03,1.445E+00,Error,NAN,NAN,NAN,NAN,NAN,NAN,NAN,NAN,NAN,NAN,NAN
   77,  2026/04/21,09:27:13,0.00E+00,0.00E+00,0.00E+00,-15.537E-03,0.00E+00,0.000E+00,0.000E+00,0.000E+00,-682.98E-06,0.000E+00,-1.1352E-06,0.000E+03,0.000E+03,Error,Error,Error,NAN,341.41E-03,-358.97E-03,29.873E-03,-41.220E-03,Error,Error,NAN,NAN,NAN,NAN,NAN,NAN,NAN,NAN,NAN,236.55E+00,236.92E+00,213.30E+00,-52.448E-03,236.55E+00,0.000E+00,0.000E+00,0.000E+00,216.04E-06,0.000E+00,-50.858E-03,0.000E+03,0.000E+03,Error,Error,50.020E+00,NAN,341.84E+00,-341.77E+00,72.254E-03,-69.995E-03,1.445E+00,Error,NAN,NAN,NAN,NAN,NAN,NAN,NAN,NAN,NAN,NAN,NAN
   78,  2026/04/21,09:27:15,0.00E+00,0.00E+00,0.00E+00,-16.983E-03,0.00E+00,0.000E+00,0.000E+00,0.000E+00,-57.276E-06,0.000E+00,-5.2217E-06,0.000E+03,0.000E+03,Error,Error,Error,NAN,405.08E-03,-390.81E-03,34.951E-03,-31.064E-03,Error,Error,NAN,NAN,NAN,NAN,NAN,NAN,NAN,NAN,NAN,236.45E+00,236.91E+00,213.29E+00,-8.5707E-03,236.45E+00,0.000E+00,0.000E+00,0.000E+00,450.72E-06,0.000E+00,-3.8937E-03,0.000E+03,0.000E+03,Error,Error,50.008E+00,NAN,341.42E+00,-341.42E+00,67.174E-03,-64.914E-03,1.444E+00,Error,NAN,NAN,NAN,NAN,NAN,NAN,NAN,NAN,NAN,NAN,NAN
   79,  2026/04/21,09:27:17,0.00E+00,0.00E+00,0.00E+00,-17.709E-03,0.00E+00,0.000E+00,0.000E+00,0.000E+00,-434.10E-06,0.000E+00,14.173E-06,0.000E+03,0.000E+03,Error,Error,Error,NAN,436.92E-03,-486.31E-03,34.951E-03,-31.064E-03,Error,Error,NAN,NAN,NAN,NAN,NAN,NAN,NAN,NAN,NAN,236.48E+00,236.98E+00,213.36E+00,11.922E-03,236.48E+00,0.000E+00,0.000E+00,0.000E+00,219.03E-06,0.000E+00,-1.7099E+00,0.000E+03,0.000E+03,Error,Error,50.008E+00,NAN,341.80E+00,-341.48E+00,168.78E-03,-171.60E-03,1.445E+00,Error,NAN,NAN,NAN,NAN,NAN,NAN,NAN,NAN,NAN,NAN,NAN
   80,  2026/04/21,09:27:19,2.7524E+00,0.00E+00,0.00E+00,2.2119E+00,1.6381E+00,15.648E+00,14.012E+00,12.615E+00,12.615E+00,9.2582E+00,43.044E+00,43.069E+00,-1.4742E+00,0.9994E+00,-1.96E+00,Error,NAN,3.9388E+00,-358.97E-03,20.048E+00,-20.908E-03,1.431E+00,1.281E+00,NAN,NAN,NAN,NAN,NAN,NAN,NAN,NAN,NAN,236.32E+00,236.78E+00,213.18E+00,50.220E-03,236.32E+00,412.11E-03,0.000E+00,0.000E+00,6.2792E-03,412.07E-03,-74.626E+00,97.393E+00,-62.580E+00,-0.7662E+00,-140.02E+00,50.013E+00,NAN,341.80E+00,-341.61E+00,1.0832E+00,-1.0708E+00,1.446E+00,2.628E+00,NAN,NAN,NAN,NAN,NAN,NAN,NAN,NAN,NAN,NAN,NAN
   81,  2026/04/21,09:27:21,0.00E+00,0.00E+00,0.00E+00,-17.910E-03,0.00E+00,0.000E+00,0.000E+00,0.000E+00,-542.52E-06,0.000E+00,14.876E-06,0.000E+03,0.000E+03,Error,Error,Error,NAN,468.75E-03,-549.98E-03,29.873E-03,-31.064E-03,Error,Error,NAN,NAN,NAN,NAN,NAN,NAN,NAN,NAN,NAN,236.64E+00,237.07E+00,213.44E+00,75.455E-03,236.64E+00,0.000E+00,0.000E+00,0.000E+00,689.23E-06,0.000E+00,-528.21E-03,0.000E+03,0.000E+03,Error,Error,50.013E+00,NAN,342.15E+00,-341.93E+00,178.94E-03,-146.20E-03,1.446E+00,Error,NAN,NAN,NAN,NAN,NAN,NAN,NAN,NAN,NAN,NAN,NAN
   82,  2026/04/21,09:27:23,0.00E+00,0.00E+00,0.00E+00,-14.399E-03,0.00E+00,0.000E+00,0.000E+00,0.000E+00,-774.44E-06,0.000E+00,1.8956E-06,0.000E+03,0.000E+03,Error,Error,Error,NAN,436.92E-03,-454.48E-03,34.951E-03,-36.142E-03,Error,Error,NAN,NAN,NAN,NAN,NAN,NAN,NAN,NAN,NAN,236.51E+00,236.86E+00,213.25E+00,111.20E-03,236.51E+00,0.000E+00,0.000E+00,0.000E+00,312.15E-06,0.000E+00,-448.34E-03,0.000E+03,0.000E+03,Error,Error,50.013E+00,NAN,341.65E+00,-341.67E+00,168.78E-03,-151.28E-03,1.445E+00,Error,NAN,NAN,NAN,NAN,NAN,NAN,NAN,NAN,NAN,NAN,NAN
   83,  2026/04/21,09:27:25,0.00E+00,0.00E+00,0.00E+00,-14.870E-03,0.00E+00,0.000E+00,0.000E+00,0.000E+00,-844.09E-06,0.000E+00,1.7480E-06,0.000E+03,0.000E+03,Error,Error,Error,NAN,468.75E-03,-486.31E-03,34.951E-03,-36.142E-03,Error,Error,NAN,NAN,NAN,NAN,NAN,NAN,NAN,NAN,NAN,236.34E+00,236.69E+00,213.10E+00,135.90E-03,236.34E+00,0.000E+00,0.000E+00,0.000E+00,410.17E-06,0.000E+00,-60.934E-03,0.000E+03,0.000E+03,Error,Error,50.019E+00,NAN,341.23E+00,-341.45E+00,97.656E-03,-75.075E-03,1.445E+00,Error,NAN,NAN,NAN,NAN,NAN,NAN,NAN,NAN,NAN,NAN,NAN
   84,  2026/04/21,09:27:27,0.00E+00,0.00E+00,0.00E+00,-16.681E-03,0.00E+00,0.000E+00,0.000E+00,0.000E+00,-651.47E-06,0.000E+00,20.804E-06,0.000E+03,0.000E+03,Error,Error,Error,NAN,500.59E-03,-518.15E-03,29.873E-03,-36.142E-03,Error,Error,NAN,NAN,NAN,NAN,NAN,NAN,NAN,NAN,NAN,236.63E+00,236.98E+00,213.36E+00,124.14E-03,236.63E+00,0.000E+00,0.000E+00,0.000E+00,554.05E-06,0.000E+00,-161.17E-03,0.000E+03,0.000E+03,Error,Error,50.032E+00,NAN,342.03E+00,-341.96E+00,163.70E-03,-69.995E-03,1.445E+00,Error,NAN,NAN,NAN,NAN,NAN,NAN,NAN,NAN,NAN,NAN,NAN
   85,  2026/04/21,09:27:29,0.00E+00,0.00E+00,0.00E+00,-16.231E-03,0.00E+00,0.000E+00,0.000E+00,0.000E+00,-55.436E-06,0.000E+00,-5.9551E-06,0.000E+03,0.000E+03,Error,Error,Error,NAN,500.59E-03,-518.15E-03,34.951E-03,-31.064E-03,Error,Error,NAN,NAN,NAN,NAN,NAN,NAN,NAN,NAN,NAN,236.43E+00,236.76E+00,213.16E+00,207.97E-03,236.43E+00,0.000E+00,0.000E+00,0.000E+00,687.30E-06,0.000E+00,-1.7203E+00,0.000E+03,0.000E+03,Error,Error,50.027E+00,NAN,341.87E+00,-341.89E+00,163.70E-03,-161.44E-03,1.446E+00,Error,NAN,NAN,NAN,NAN,NAN,NAN,NAN,NAN,NAN,NAN,NAN
   86,  2026/04/21,09:27:31,3.1265E+00,0.00E+00,0.00E+00,2.9538E+00,0.00E+00,18.597E+00,19.623E+00,17.667E+00,17.667E+00,5.8076E+00,58.114E+00,58.145E+00,-1.8880E+00,0.9995E+00,-1.86E+00,Error,NAN,3.8433E+00,-390.81E-03,20.357E+00,4.4827E-03,1.229E+00,1.095E+00,NAN,NAN,NAN,NAN,NAN,NAN,NAN,NAN,NAN,236.02E+00,236.42E+00,212.86E+00,186.22E-03,236.02E+00,579.96E-03,0.000E+00,0.000E+00,-60.863E-03,576.75E-03,-112.81E+00,136.88E+00,-77.528E+00,-0.8241E+00,-145.50E+00,50.025E+00,NAN,341.49E+00,-341.45E+00,1.1137E+00,-2.3104E+00,1.447E+00,3.984E+00,NAN,NAN,NAN,NAN,NAN,NAN,NAN,NAN,NAN,NAN,NAN
   87,  2026/04/21,09:27:33,0.00E+00,0.00E+00,0.00E+00,-13.294E-03,0.00E+00,0.000E+00,0.000E+00,0.000E+00,-782.32E-06,0.000E+00,10.094E-06,0.000E+03,0.000E+03,Error,Error,Error,NAN,436.92E-03,-518.15E-03,29.873E-03,-31.064E-03,Error,Error,NAN,NAN,NAN,NAN,NAN,NAN,NAN,NAN,NAN,236.50E+00,236.85E+00,213.24E+00,183.83E-03,236.50E+00,0.000E+00,0.000E+00,0.000E+00,92.467E-06,0.000E+00,-540.63E-03,0.000E+03,0.000E+03,Error,Error,50.035E+00,NAN,341.93E+00,-341.99E+00,158.62E-03,-161.44E-03,1.446E+00,Error,NAN,NAN,NAN,NAN,NAN,NAN,NAN,NAN,NAN,NAN,NAN
   88,  2026/04/21,09:27:35,0.00E+00,0.00E+00,0.00E+00,-19.152E-03,0.00E+00,0.000E+00,0.000E+00,0.000E+00,-961.12E-06,0.000E+00,35.918E-06,0.000E+03,0.000E+03,Error,Error,Error,NAN,436.92E-03,-486.31E-03,29.873E-03,-36.142E-03,Error,Error,NAN,NAN,NAN,NAN,NAN,NAN,NAN,NAN,NAN,236.45E+00,236.79E+00,213.19E+00,221.67E-03,236.45E+00,0.000E+00,0.000E+00,0.000E+00,1.1634E-03,0.000E+00,-544.88E-03,0.000E+03,0.000E+03,Error,Error,50.016E+00,NAN,341.90E+00,-341.83E+00,168.78E-03,-156.36E-03,1.446E+00,Error,NAN,NAN,NAN,NAN,NAN,NAN,NAN,NAN,NAN,NAN,NAN
   89,  2026/04/21,09:27:37,0.00E+00,0.00E+00,0.00E+00,-17.424E-03,0.00E+00,0.000E+00,0.000E+00,0.000E+00,-705.41E-06,0.000E+00,-25.503E-06,0.000E+03,0.000E+03,Error,Error,Error,NAN,436.92E-03,-486.31E-03,34.951E-03,-36.142E-03,Error,Error,NAN,NAN,NAN,NAN,NAN,NAN,NAN,NAN,NAN,236.63E+00,236.97E+00,213.35E+00,157.18E-03,236.63E+00,0.000E+00,0.000E+00,0.000E+00,258.57E-06,0.000E+00,-486.26E-03,0.000E+03,0.000E+03,Error,Error,50.019E+00,NAN,342.09E+00,-342.02E+00,138.30E-03,-171.60E-03,1.446E+00,Error,NAN,NAN,NAN,NAN,NAN,NAN,NAN,NAN,NAN,NAN,NAN
   90,  2026/04/21,09:27:39,0.00E+00,0.00E+00,0.00E+00,-18.380E-03,0.00E+00,0.000E+00,0.000E+00,0.000E+00,-468.71E-06,0.000E+00,14.740E-06,0.000E+03,0.000E+03,Error,Error,Error,NAN,468.75E-03,-454.48E-03,34.951E-03,-36.142E-03,Error,Error,NAN,NAN,NAN,NAN,NAN,NAN,NAN,NAN,NAN,236.65E+00,237.00E+00,213.37E+00,139.36E-03,236.65E+00,0.000E+00,0.000E+00,0.000E+00,-322.68E-06,0.000E+00,-496.54E-03,0.000E+03,0.000E+03,Error,Error,50.016E+00,NAN,341.80E+00,-341.74E+00,153.54E-03,-141.12E-03,1.444E+00,Error,NAN,NAN,NAN,NAN,NAN,NAN,NAN,NAN,NAN,NAN,NAN
   91,  2026/04/21,09:27:41,0.00E+00,0.00E+00,0.00E+00,-17.773E-03,0.00E+00,0.000E+00,0.000E+00,0.000E+00,-79.062E-06,0.000E+00,-3.6548E-06,0.000E+03,0.000E+03,Error,Error,Error,NAN,436.92E-03,-518.15E-03,34.951E-03,-31.064E-03,Error,Error,NAN,NAN,NAN,NAN,NAN,NAN,NAN,NAN,NAN,236.63E+00,237.02E+00,213.39E+00,81.264E-03,236.63E+00,0.000E+00,0.000E+00,0.000E+00,184.11E-06,0.000E+00,-1.7454E+00,0.000E+03,0.000E+03,Error,Error,50.022E+00,NAN,341.80E+00,-341.67E+00,168.78E-03,-156.36E-03,1.444E+00,Error,NAN,NAN,NAN,NAN,NAN,NAN,NAN,NAN,NAN,NAN,NAN
   92,  2026/04/21,09:27:43,2.9862E+00,0.00E+00,0.00E+00,2.7372E+00,0.00E+00,18.017E+00,18.495E+00,16.652E+00,16.651E+00,6.8823E+00,53.746E+00,53.802E+00,-2.4591E+00,0.9990E+00,-2.62E+00,Error,NAN,3.7797E+00,-486.31E-03,20.362E+00,-31.064E-03,1.266E+00,1.130E+00,NAN,NAN,NAN,NAN,NAN,NAN,NAN,NAN,NAN,236.38E+00,236.81E+00,213.21E+00,76.021E-03,236.38E+00,558.54E-03,0.000E+00,0.000E+00,93.891E-03,550.59E-03,-99.569E+00,132.02E+00,-86.699E+00,-0.7542E+00,-138.95E+00,50.022E+00,NAN,341.71E+00,-341.67E+00,2.3381E+00,-1.0861E+00,1.446E+00,4.186E+00,NAN,NAN,NAN,NAN,NAN,NAN,NAN,NAN,NAN,NAN,NAN
   93,  2026/04/21,09:27:45,0.00E+00,0.00E+00,0.00E+00,-22.652E-03,0.00E+00,0.000E+00,0.000E+00,0.000E+00,-637.38E-06,0.000E+00,12.122E-06,0.000E+03,0.000E+03,Error,Error,Error,NAN,436.92E-03,-454.48E-03,34.951E-03,-36.142E-03,Error,Error,NAN,NAN,NAN,NAN,NAN,NAN,NAN,NAN,NAN,236.57E+00,237.00E+00,213.37E+00,-40.303E-03,236.57E+00,0.000E+00,0.000E+00,0.000E+00,1.1127E-03,0.000E+00,-470.23E-03,0.000E+03,0.000E+03,Error,Error,50.014E+00,NAN,341.96E+00,-341.93E+00,153.54E-03,-161.44E-03,1.445E+00,Error,NAN,NAN,NAN,NAN,NAN,NAN,NAN,NAN,NAN,NAN,NAN
   94,  2026/04/21,09:27:47,0.00E+00,0.00E+00,0.00E+00,-15.740E-03,0.00E+00,0.000E+00,0.000E+00,0.000E+00,-1.0595E-03,0.000E+00,-4.1603E-06,0.000E+03,0.000E+03,Error,Error,Error,NAN,468.75E-03,-518.15E-03,29.873E-03,-36.142E-03,Error,Error,NAN,NAN,NAN,NAN,NAN,NAN,NAN,NAN,NAN,236.56E+00,236.98E+00,213.35E+00,-96.798E-03,236.56E+00,0.000E+00,0.000E+00,0.000E+00,426.34E-06,0.000E+00,-534.31E-03,0.000E+03,0.000E+03,Error,Error,50.014E+00,NAN,341.71E+00,-341.80E+00,158.62E-03,-156.36E-03,1.445E+00,Error,NAN,NAN,NAN,NAN,NAN,NAN,NAN,NAN,NAN,NAN,NAN
   95,  2026/04/21,09:27:49,0.00E+00,0.00E+00,0.00E+00,-16.841E-03,0.00E+00,0.000E+00,0.000E+00,0.000E+00,-1.0852E-03,0.000E+00,35.738E-06,0.000E+03,0.000E+03,Error,Error,Error,NAN,436.92E-03,-486.31E-03,34.951E-03,-36.142E-03,Error,Error,NAN,NAN,NAN,NAN,NAN,NAN,NAN,NAN,NAN,236.36E+00,236.73E+00,213.13E+00,-121.62E-03,236.36E+00,0.000E+00,0.000E+00,0.000E+00,659.14E-06,0.000E+00,-506.30E-03,0.000E+03,0.000E+03,Error,Error,50.018E+00,NAN,341.30E+00,-341.26E+00,138.30E-03,-171.60E-03,1.444E+00,Error,NAN,NAN,NAN,NAN,NAN,NAN,NAN,NAN,NAN,NAN,NAN
   96,  2026/04/21,09:27:51,0.00E+00,0.00E+00,0.00E+00,-18.660E-03,0.00E+00,0.000E+00,0.000E+00,0.000E+00,-523.39E-06,0.000E+00,17.856E-06,0.000E+03,0.000E+03,Error,Error,Error,NAN,436.92E-03,-454.48E-03,29.873E-03,-36.142E-03,Error,Error,NAN,NAN,NAN,NAN,NAN,NAN,NAN,NAN,NAN,236.51E+00,236.86E+00,213.24E+00,-196.95E-03,236.51E+00,0.000E+00,0.000E+00,0.000E+00,867.37E-06,0.000E+00,-865.56E-03,0.000E+03,0.000E+03,Error,Error,50.000E+00,NAN,341.77E+00,-341.89E+00,168.78E-03,-146.20E-03,1.446E+00,Error,NAN,NAN,NAN,NAN,NAN,NAN,NAN,NAN,NAN,NAN,NAN
   97,  2026/04/21,09:27:53,0.00E+00,0.00E+00,0.00E+00,-14.786E-03,0.00E+00,0.000E+00,0.000E+00,0.000E+00,471.71E-06,0.000E+00,-12.095E-06,0.000E+03,0.000E+03,Error,Error,Error,NAN,468.75E-03,-454.48E-03,34.951E-03,-36.142E-03,Error,Error,NAN,NAN,NAN,NAN,NAN,NAN,NAN,NAN,NAN,236.71E+00,237.08E+00,213.44E+00,-189.47E-03,236.71E+00,0.000E+00,0.000E+00,0.000E+00,818.53E-06,0.000E+00,-1.7414E+00,0.000E+03,0.000E+03,Error,Error,50.013E+00,NAN,342.19E+00,-342.28E+00,168.78E-03,-171.60E-03,1.446E+00,Error,NAN,NAN,NAN,NAN,NAN,NAN,NAN,NAN,NAN,NAN,NAN
   98,  2026/04/21,09:27:55,1.8519E+00,0.00E+00,0.00E+00,1.4448E+00,0.00E+00,15.210E+00,13.361E+00,12.029E+00,12.026E+00,9.3118E+00,28.125E+00,28.167E+00,-1.5302E+00,0.9985E+00,-3.11E+00,Error,NAN,2.7927E+00,-454.48E-03,19.971E+00,-36.142E-03,1.508E+00,1.313E+00,NAN,NAN,NAN,NAN,NAN,NAN,NAN,NAN,NAN,236.18E+00,236.59E+00,213.01E+00,-203.40E-03,236.18E+00,451.06E-03,0.000E+00,0.000E+00,-25.414E-03,450.34E-03,-66.899E+00,106.53E+00,-82.908E+00,-0.6280E+00,-128.90E+00,50.021E+00,NAN,341.39E+00,-341.35E+00,1.0324E+00,-2.0107E+00,1.445E+00,4.458E+00,NAN,NAN,NAN,NAN,NAN,NAN,NAN,NAN,NAN,NAN,NAN
   99,  2026/04/21,09:27:57,0.00E+00,0.00E+00,0.00E+00,-14.465E-03,0.00E+00,0.000E+00,0.000E+00,0.000E+00,-867.24E-06,0.000E+00,13.339E-06,0.000E+03,0.000E+03,Error,Error,Error,NAN,468.75E-03,-486.31E-03,34.951E-03,-31.064E-03,Error,Error,NAN,NAN,NAN,NAN,NAN,NAN,NAN,NAN,NAN,236.58E+00,236.96E+00,213.34E+00,-190.76E-03,236.58E+00,0.000E+00,0.000E+00,0.000E+00,1.0462E-03,0.000E+00,-453.29E-03,0.000E+03,0.000E+03,Error,Error,50.019E+00,NAN,342.00E+00,-341.99E+00,163.70E-03,-156.36E-03,1.446E+00,Error,NAN,NAN,NAN,NAN,NAN,NAN,NAN,NAN,NAN,NAN,NAN
  100,  2026/04/21,09:27:59,0.00E+00,0.00E+00,0.00E+00,-17.854E-03,0.00E+00,0.000E+00,0.000E+00,0.000E+00,-760.36E-06,0.000E+00,13.064E-06,0.000E+03,0.000E+03,Error,Error,Error,NAN,468.75E-03,-518.15E-03,29.873E-03,-36.142E-03,Error,Error,NAN,NAN,NAN,NAN,NAN,NAN,NAN,NAN,NAN,236.60E+00,236.99E+00,213.37E+00,-164.11E-03,236.60E+00,0.000E+00,0.000E+00,0.000E+00,1.1560E-03,0.000E+00,-516.86E-03,0.000E+03,0.000E+03,Error,Error,50.029E+00,NAN,341.93E+00,-342.05E+00,153.54E-03,-161.44E-03,1.446E+00,Error,NAN,NAN,NAN,NAN,NAN,NAN,NAN,NAN,NAN,NAN,NAN
  101,  2026/04/21,09:28:01,0.00E+00,0.00E+00,0.00E+00,-15.115E-03,0.00E+00,0.000E+00,0.000E+00,0.000E+00,-618.63E-06,0.000E+00,10.258E-06,0.000E+03,0.000E+03,Error,Error,Error,NAN,500.59E-03,-518.15E-03,34.951E-03,-31.064E-03,Error,Error,NAN,NAN,NAN,NAN,NAN,NAN,NAN,NAN,NAN,236.60E+00,237.02E+00,213.39E+00,-129.40E-03,236.60E+00,0.000E+00,0.000E+00,0.000E+00,498.88E-06,0.000E+00,-508.03E-03,0.000E+03,0.000E+03,Error,Error,50.030E+00,NAN,342.31E+00,-342.31E+00,178.94E-03,-156.36E-03,1.447E+00,Error,NAN,NAN,NAN,NAN,NAN,NAN,NAN,NAN,NAN,NAN,NAN
  102,  2026/04/21,09:28:03,0.00E+00,0.00E+00,0.00E+00,-14.038E-03,0.00E+00,0.000E+00,0.000E+00,0.000E+00,-730.60E-06,0.000E+00,-16.054E-06,0.000E+03,0.000E+03,Error,Error,Error,NAN,405.08E-03,-518.15E-03,29.873E-03,-36.142E-03,Error,Error,NAN,NAN,NAN,NAN,NAN,NAN,NAN,NAN,NAN,236.27E+00,236.75E+00,213.15E+00,-78.870E-03,236.27E+00,0.000E+00,0.000E+00,0.000E+00,1.6160E-03,0.000E+00,-1.2508E+00,0.000E+03,0.000E+03,Error,Error,50.031E+00,NAN,342.73E+00,-342.75E+00,168.78E-03,-156.36E-03,1.451E+00,Error,NAN,NAN,NAN,NAN,NAN,NAN,NAN,NAN,NAN,NAN,NAN
  103,  2026/04/21,09:28:05,0.00E+00,0.00E+00,0.00E+00,-15.322E-03,0.00E+00,0.000E+00,0.000E+00,0.000E+00,1.2130E-03,0.000E+00,-55.970E-06,0.000E+03,0.000E+03,Error,Error,Error,NAN,468.75E-03,-486.31E-03,34.951E-03,-36.142E-03,Error,Error,NAN,NAN,NAN,NAN,NAN,NAN,NAN,NAN,NAN,236.27E+00,236.75E+00,213.15E+00,-19.867E-03,236.27E+00,0.000E+00,0.000E+00,0.000E+00,809.45E-06,0.000E+00,-1.7598E+00,0.000E+03,0.000E+03,Error,Error,50.038E+00,NAN,343.36E+00,-343.36E+00,178.94E-03,-176.68E-03,1.453E+00,Error,NAN,NAN,NAN,NAN,NAN,NAN,NAN,NAN,NAN,NAN,NAN
  104,  2026/04/21,09:28:07,1.8701E+00,0.00E+00,0.00E+00,1.1557E+00,0.00E+00,11.929E+00,8.2890E+00,7.4627E+00,7.4578E+00,9.3102E+00,22.333E+00,22.309E+00,0.000E+03,1.0000E+00,0.00E+00,Error,NAN,3.4295E+00,-454.48E-03,19.941E+00,-41.220E-03,1.834E+00,1.672E+00,NAN,NAN,NAN,NAN,NAN,NAN,NAN,NAN,NAN,236.03E+00,236.51E+00,212.93E+00,66.375E-03,236.03E+00,429.28E-03,0.000E+00,0.000E+00,56.053E-03,425.60E-03,-42.174E+00,101.32E+00,-92.130E+00,-0.4162E+00,-114.60E+00,50.041E+00,NAN,343.65E+00,-343.74E+00,2.5006E+00,-654.23E-03,1.456E+00,5.825E+00,NAN,NAN,NAN,NAN,NAN,NAN,NAN,NAN,NAN,NAN,NAN
  105,  2026/04/21,09:28:09,0.00E+00,0.00E+00,0.00E+00,-12.717E-03,0.00E+00,0.000E+00,0.000E+00,0.000E+00,-931.86E-06,0.000E+00,5.2748E-06,0.000E+03,0.000E+03,Error,Error,Error,NAN,468.75E-03,-486.31E-03,34.951E-03,-31.064E-03,Error,Error,NAN,NAN,NAN,NAN,NAN,NAN,NAN,NAN,NAN,236.28E+00,236.76E+00,213.16E+00,49.471E-03,236.28E+00,0.000E+00,0.000E+00,0.000E+00,377.19E-06,0.000E+00,-2.2872E-03,0.000E+03,0.000E+03,Error,Error,50.048E+00,NAN,344.16E+00,-344.31E+00,72.254E-03,-64.914E-03,1.457E+00,Error,NAN,NAN,NAN,NAN,NAN,NAN,NAN,NAN,NAN,NAN,NAN
  106,  2026/04/21,09:28:11,0.00E+00,0.00E+00,0.00E+00,-14.441E-03,0.00E+00,0.000E+00,0.000E+00,0.000E+00,-1.2164E-03,0.000E+00,34.210E-06,0.000E+03,0.000E+03,Error,Error,Error,NAN,436.92E-03,-581.82E-03,29.873E-03,-36.142E-03,Error,Error,NAN,NAN,NAN,NAN,NAN,NAN,NAN,NAN,NAN,236.06E+00,236.50E+00,212.93E+00,124.08E-03,236.06E+00,0.000E+00,0.000E+00,0.000E+00,-383.51E-06,0.000E+00,-233.84E-03,0.000E+03,0.000E+03,Error,Error,50.040E+00,NAN,343.71E+00,-343.83E+00,148.46E-03,-161.44E-03,1.457E+00,Error,NAN,NAN,NAN,NAN,NAN,NAN,NAN,NAN,NAN,NAN,NAN
  107,  2026/04/21,09:28:13,0.00E+00,0.00E+00,0.00E+00,-15.782E-03,0.00E+00,0.000E+00,0.000E+00,0.000E+00,-744.28E-06,0.000E+00,15.534E-06,0.000E+03,0.000E+03,Error,Error,Error,NAN,405.08E-03,-486.31E-03,34.951E-03,-31.064E-03,Error,Error,NAN,NAN,NAN,NAN,NAN,NAN,NAN,NAN,NAN,235.99E+00,236.50E+00,212.92E+00,114.68E-03,235.99E+00,0.000E+00,0.000E+00,0.000E+00,158.26E-06,0.000E+00,-539.03E-03,0.000E+03,0.000E+03,Error,Error,50.040E+00,NAN,343.68E+00,-343.67E+00,158.62E-03,-171.60E-03,1.456E+00,Error,NAN,NAN,NAN,NAN,NAN,NAN,NAN,NAN,NAN,NAN,NAN
  108,  2026/04/21,09:28:15,0.00E+00,0.00E+00,0.00E+00,-14.187E-03,0.00E+00,0.000E+00,0.000E+00,0.000E+00,-766.30E-06,0.000E+00,13.317E-06,0.000E+03,0.000E+03,Error,Error,Error,NAN,436.92E-03,-486.31E-03,34.951E-03,-36.142E-03,Error,Error,NAN,NAN,NAN,NAN,NAN,NAN,NAN,NAN,NAN,236.27E+00,236.76E+00,213.16E+00,80.756E-03,236.27E+00,0.000E+00,0.000E+00,0.000E+00,156.51E-06,0.000E+00,-1.6340E+00,0.000E+03,0.000E+03,Error,Error,50.040E+00,NAN,344.00E+00,-344.15E+00,178.94E-03,-181.76E-03,1.457E+00,Error,NAN,NAN,NAN,NAN,NAN,NAN,NAN,NAN,NAN,NAN,NAN
  109,  2026/04/21,09:28:17,0.00E+00,0.00E+00,0.00E+00,-14.293E-03,0.00E+00,0.000E+00,0.000E+00,0.000E+00,14.738E-03,0.000E+00,1.2939E-03,0.000E+03,0.000E+03,Error,Error,Error,NAN,468.75E-03,-454.48E-03,888.07E-03,-31.064E-03,Error,Error,NAN,NAN,NAN,NAN,NAN,NAN,NAN,NAN,NAN,236.14E+00,236.65E+00,213.06E+00,72.089E-03,236.14E+00,0.000E+00,0.000E+00,0.000E+00,-23.007E-06,0.000E+00,-1.8928E+00,0.000E+03,0.000E+03,Error,Error,50.032E+00,NAN,343.84E+00,-343.83E+00,189.10E-03,-181.76E-03,1.456E+00,Error,NAN,NAN,NAN,NAN,NAN,NAN,NAN,NAN,NAN,NAN,NAN
  110,  2026/04/21,09:28:19,0.00E+00,0.00E+00,0.00E+00,537.44E-03,0.00E+00,7.2113E+00,3.1517E+00,2.8375E+00,2.8303E+00,6.6327E+00,10.219E+00,0.000E+03,0.000E+03,Error,Error,Error,NAN,4.4164E+00,-549.98E-03,19.682E+00,-31.064E-03,Error,2.729E+00,NAN,NAN,NAN,NAN,NAN,NAN,NAN,NAN,NAN,236.24E+00,236.75E+00,213.15E+00,9.2561E-03,236.24E+00,0.000E+00,0.000E+00,0.000E+00,7.3801E-03,0.000E+00,-2.2478E+00,0.000E+03,0.000E+03,Error,Error,50.033E+00,NAN,343.81E+00,-343.77E+00,341.51E-03,-69.995E-03,1.455E+00,Error,NAN,NAN,NAN,NAN,NAN,NAN,NAN,NAN,NAN,NAN,NAN
  111,  2026/04/21,09:28:21,0.00E+00,0.00E+00,0.00E+00,-12.225E-03,0.00E+00,0.000E+00,0.000E+00,0.000E+00,-1.1060E-03,0.000E+00,5.8454E-06,0.000E+03,0.000E+03,Error,Error,Error,NAN,405.08E-03,-454.48E-03,34.951E-03,-31.064E-03,Error,Error,NAN,NAN,NAN,NAN,NAN,NAN,NAN,NAN,NAN,236.43E+00,236.91E+00,213.29E+00,-28.316E-03,236.43E+00,0.000E+00,0.000E+00,0.000E+00,-352.16E-06,0.000E+00,-23.734E-03,0.000E+03,0.000E+03,Error,Error,50.037E+00,NAN,343.97E+00,-343.99E+00,72.254E-03,-64.914E-03,1.455E+00,Error,NAN,NAN,NAN,NAN,NAN,NAN,NAN,NAN,NAN,NAN,NAN
  112,  2026/04/21,09:28:23,0.00E+00,0.00E+00,0.00E+00,-10.586E-03,0.00E+00,0.000E+00,0.000E+00,0.000E+00,-926.46E-06,0.000E+00,19.547E-06,0.000E+03,0.000E+03,Error,Error,Error,NAN,532.42E-03,-454.48E-03,34.951E-03,-36.142E-03,Error,Error,NAN,NAN,NAN,NAN,NAN,NAN,NAN,NAN,NAN,236.07E+00,236.53E+00,212.95E+00,-124.10E-03,236.07E+00,0.000E+00,0.000E+00,0.000E+00,134.15E-06,0.000E+00,-1.6472E-03,0.000E+03,0.000E+03,Error,Error,50.031E+00,NAN,343.74E+00,-343.61E+00,72.254E-03,-69.995E-03,1.456E+00,Error,NAN,NAN,NAN,NAN,NAN,NAN,NAN,NAN,NAN,NAN,NAN
  113,  2026/04/21,09:28:25,0.00E+00,0.00E+00,0.00E+00,-12.777E-03,0.00E+00,0.000E+00,0.000E+00,0.000E+00,-464.11E-06,0.000E+00,-1.2778E-06,0.000E+03,0.000E+03,Error,Error,Error,NAN,436.92E-03,-454.48E-03,40.029E-03,-36.142E-03,Error,Error,NAN,NAN,NAN,NAN,NAN,NAN,NAN,NAN,NAN,236.29E+00,236.76E+00,213.16E+00,-83.743E-03,236.29E+00,0.000E+00,0.000E+00,0.000E+00,-63.746E-06,0.000E+00,-79.821E-03,0.000E+03,0.000E+03,Error,Error,50.038E+00,NAN,344.16E+00,-344.02E+00,72.254E-03,-161.44E-03,1.457E+00,Error,NAN,NAN,NAN,NAN,NAN,NAN,NAN,NAN,NAN,NAN,NAN
  114,  2026/04/21,09:28:27,0.00E+00,0.00E+00,0.00E+00,-12.831E-03,0.00E+00,0.000E+00,0.000E+00,0.000E+00,-605.00E-06,0.000E+00,-14.347E-06,0.000E+03,0.000E+03,Error,Error,Error,NAN,468.75E-03,-486.31E-03,34.951E-03,-41.220E-03,Error,Error,NAN,NAN,NAN,NAN,NAN,NAN,NAN,NAN,NAN,236.30E+00,236.78E+00,213.18E+00,-38.603E-03,236.30E+00,0.000E+00,0.000E+00,0.000E+00,75.294E-06,0.000E+00,-1.6648E+00,0.000E+03,0.000E+03,Error,Error,50.044E+00,NAN,343.81E+00,-343.80E+00,178.94E-03,-171.60E-03,1.455E+00,Error,NAN,NAN,NAN,NAN,NAN,NAN,NAN,NAN,NAN,NAN,NAN
  115,  2026/04/21,09:28:29,1.8206E+00,0.00E+00,0.00E+00,813.76E-03,1.6286E+00,8.6558E+00,4.3408E+00,3.9081E+00,3.9053E+00,7.7247E+00,15.740E+00,15.759E+00,-760.10E-03,0.9988E+00,-2.76E+00,Error,NAN,4.5119E+00,-518.15E-03,20.002E+00,-36.142E-03,2.478E+00,2.311E+00,NAN,NAN,NAN,NAN,NAN,NAN,NAN,NAN,NAN,236.13E+00,236.63E+00,213.04E+00,-31.448E-03,236.13E+00,227.54E-03,0.000E+00,0.000E+00,7.2184E-03,227.43E-03,-23.693E+00,53.731E+00,-48.225E+00,-0.4410E+00,-116.17E+00,50.040E+00,NAN,343.81E+00,-343.77E+00,1.0934E+00,-1.1115E+00,1.456E+00,4.885E+00,NAN,NAN,NAN,NAN,NAN,NAN,NAN,NAN,NAN,NAN,NAN
  116,  2026/04/21,09:28:31,0.00E+00,0.00E+00,0.00E+00,-7.4365E-03,0.00E+00,0.000E+00,0.000E+00,0.000E+00,-575.63E-06,0.000E+00,-6.1036E-06,0.000E+03,0.000E+03,Error,Error,Error,NAN,436.92E-03,-486.31E-03,40.029E-03,-36.142E-03,Error,Error,NAN,NAN,NAN,NAN,NAN,NAN,NAN,NAN,NAN,236.16E+00,236.65E+00,213.06E+00,-6.7830E-03,236.16E+00,0.000E+00,0.000E+00,0.000E+00,168.27E-06,0.000E+00,-29.841E-03,0.000E+03,0.000E+03,Error,Error,50.035E+00,NAN,343.74E+00,-343.90E+00,72.254E-03,-64.914E-03,1.456E+00,Error,NAN,NAN,NAN,NAN,NAN,NAN,NAN,NAN,NAN,NAN,NAN
  117,  2026/04/21,09:28:33,0.00E+00,0.00E+00,0.00E+00,-12.087E-03,0.00E+00,0.000E+00,0.000E+00,0.000E+00,-1.0504E-03,0.000E+00,9.7841E-06,0.000E+03,0.000E+03,Error,Error,Error,NAN,468.75E-03,-454.48E-03,40.029E-03,-36.142E-03,Error,Error,NAN,NAN,NAN,NAN,NAN,NAN,NAN,NAN,NAN,236.28E+00,236.77E+00,213.17E+00,37.429E-03,236.28E+00,0.000E+00,0.000E+00,0.000E+00,373.44E-06,0.000E+00,7.2771E-03,0.000E+03,0.000E+03,Error,Error,50.039E+00,NAN,343.84E+00,-344.06E+00,72.254E-03,-69.995E-03,1.456E+00,Error,NAN,NAN,NAN,NAN,NAN,NAN,NAN,NAN,NAN,NAN,NAN
  118,  2026/04/21,09:28:35,0.00E+00,0.00E+00,0.00E+00,-9.7251E-03,0.00E+00,0.000E+00,0.000E+00,0.000E+00,-786.26E-06,0.000E+00,-264.58E-09,0.000E+03,0.000E+03,Error,Error,Error,NAN,500.59E-03,-454.48E-03,34.951E-03,-31.064E-03,Error,Error,NAN,NAN,NAN,NAN,NAN,NAN,NAN,NAN,NAN,236.24E+00,236.69E+00,213.09E+00,86.968E-03,236.24E+00,0.000E+00,0.000E+00,0.000E+00,-34.836E-06,0.000E+00,2.3845E-03,0.000E+03,0.000E+03,Error,Error,50.041E+00,NAN,343.93E+00,-343.83E+00,72.254E-03,-64.914E-03,1.456E+00,Error,NAN,NAN,NAN,NAN,NAN,NAN,NAN,NAN,NAN,NAN,NAN
  119,  2026/04/21,09:28:37,0.00E+00,0.00E+00,0.00E+00,-15.795E-03,0.00E+00,0.000E+00,0.000E+00,0.000E+00,-756.95E-06,0.000E+00,16.171E-06,0.000E+03,0.000E+03,Error,Error,Error,NAN,468.75E-03,-454.48E-03,29.873E-03,-36.142E-03,Error,Error,NAN,NAN,NAN,NAN,NAN,NAN,NAN,NAN,NAN,235.87E+00,236.30E+00,212.75E+00,168.61E-03,235.87E+00,0.000E+00,0.000E+00,0.000E+00,-175.26E-06,0.000E+00,3.2349E-03,0.000E+03,0.000E+03,Error,Error,50.032E+00,NAN,343.30E+00,-343.29E+00,72.254E-03,-75.075E-03,1.455E+00,Error,NAN,NAN,NAN,NAN,NAN,NAN,NAN,NAN,NAN,NAN,NAN
  120,  2026/04/21,09:28:39,0.00E+00,0.00E+00,0.00E+00,-8.8629E-03,0.00E+00,0.000E+00,0.000E+00,0.000E+00,-562.28E-06,0.000E+00,-2.0061E-06,0.000E+03,0.000E+03,Error,Error,Error,NAN,564.26E-03,-549.98E-03,29.873E-03,-31.064E-03,Error,Error,NAN,NAN,NAN,NAN,NAN,NAN,NAN,NAN,NAN,236.11E+00,236.56E+00,212.98E+00,160.02E-03,236.11E+00,0.000E+00,0.000E+00,0.000E+00,-222.32E-06,0.000E+00,-1.6660E+00,0.000E+03,0.000E+03,Error,Error,50.034E+00,NAN,343.81E+00,-343.77E+00,173.86E-03,-171.60E-03,1.456E+00,Error,NAN,NAN,NAN,NAN,NAN,NAN,NAN,NAN,NAN,NAN,NAN
  121,  2026/04/21,09:28:41,2.1136E+00,0.00E+00,0.00E+00,1.3644E+00,1.6143E+00,12.389E+00,8.9708E+00,8.0765E+00,8.0748E+00,9.3964E+00,26.167E+00,26.187E+00,-1.0070E+00,0.9993E+00,-2.20E+00,Error,NAN,3.6841E+00,-390.81E-03,19.641E+00,-25.986E-03,1.743E+00,1.585E+00,NAN,NAN,NAN,NAN,NAN,NAN,NAN,NAN,NAN,235.97E+00,236.43E+00,212.86E+00,141.10E-03,235.97E+00,332.60E-03,0.000E+00,0.000E+00,2.9415E-03,332.59E-03,-50.064E+00,78.485E+00,-60.444E+00,-0.6379E+00,-129.63E+00,50.041E+00,NAN,343.65E+00,-343.61E+00,1.0375E+00,-1.1216E+00,1.456E+00,3.372E+00,NAN,NAN,NAN,NAN,NAN,NAN,NAN,NAN,NAN,NAN,NAN
  122,  2026/04/21,09:28:43,0.00E+00,0.00E+00,0.00E+00,-13.129E-03,0.00E+00,0.000E+00,0.000E+00,0.000E+00,-1.4969E-03,0.000E+00,3.8604E-06,0.000E+03,0.000E+03,Error,Error,Error,NAN,436.92E-03,-518.15E-03,29.873E-03,-36.142E-03,Error,Error,NAN,NAN,NAN,NAN,NAN,NAN,NAN,NAN,NAN,235.92E+00,236.42E+00,212.85E+00,142.86E-03,235.92E+00,0.000E+00,0.000E+00,0.000E+00,539.62E-06,0.000E+00,28.364E-03,0.000E+03,0.000E+03,Error,Error,50.027E+00,NAN,343.39E+00,-343.58E+00,72.254E-03,-64.914E-03,1.456E+00,Error,NAN,NAN,NAN,NAN,NAN,NAN,NAN,NAN,NAN,NAN,NAN
  123,  2026/04/21,09:28:45,0.00E+00,0.00E+00,0.00E+00,-12.482E-03,0.00E+00,0.000E+00,0.000E+00,0.000E+00,-812.16E-06,0.000E+00,15.415E-06,0.000E+03,0.000E+03,Error,Error,Error,NAN,468.75E-03,-422.64E-03,29.873E-03,-36.142E-03,Error,Error,NAN,NAN,NAN,NAN,NAN,NAN,NAN,NAN,NAN,236.20E+00,236.67E+00,213.08E+00,76.415E-03,236.20E+00,0.000E+00,0.000E+00,0.000E+00,1.7775E-06,0.000E+00,-82.140E-03,0.000E+03,0.000E+03,Error,Error,50.037E+00,NAN,343.65E+00,-343.67E+00,72.254E-03,-146.20E-03,1.455E+00,Error,NAN,NAN,NAN,NAN,NAN,NAN,NAN,NAN,NAN,NAN,NAN
  124,  2026/04/21,09:28:47,0.00E+00,0.00E+00,0.00E+00,-9.7788E-03,0.00E+00,0.000E+00,0.000E+00,0.000E+00,-1.0478E-03,0.000E+00,1.9356E-06,0.000E+03,0.000E+03,Error,Error,Error,NAN,468.75E-03,-454.48E-03,29.873E-03,-31.064E-03,Error,Error,NAN,NAN,NAN,NAN,NAN,NAN,NAN,NAN,NAN,236.13E+00,236.67E+00,213.08E+00,4.0885E-03,236.13E+00,0.000E+00,0.000E+00,0.000E+00,177.52E-06,0.000E+00,38.759E-03,0.000E+03,0.000E+03,Error,Error,50.032E+00,NAN,343.58E+00,-343.61E+00,72.254E-03,-69.995E-03,1.455E+00,Error,NAN,NAN,NAN,NAN,NAN,NAN,NAN,NAN,NAN,NAN,NAN
  125,  2026/04/21,09:28:49,0.00E+00,0.00E+00,0.00E+00,-14.207E-03,0.00E+00,0.000E+00,0.000E+00,0.000E+00,-945.92E-06,0.000E+00,16.080E-06,0.000E+03,0.000E+03,Error,Error,Error,NAN,436.92E-03,-422.64E-03,29.873E-03,-31.064E-03,Error,Error,NAN,NAN,NAN,NAN,NAN,NAN,NAN,NAN,NAN,236.05E+00,236.52E+00,212.94E+00,-58.218E-03,236.05E+00,0.000E+00,0.000E+00,0.000E+00,-183.37E-06,0.000E+00,38.575E-03,0.000E+03,0.000E+03,Error,Error,50.024E+00,NAN,343.39E+00,-343.36E+00,72.254E-03,-80.155E-03,1.455E+00,Error,NAN,NAN,NAN,NAN,NAN,NAN,NAN,NAN,NAN,NAN,NAN
  126,  2026/04/21,09:28:51,0.00E+00,0.00E+00,0.00E+00,-9.2814E-03,0.00E+00,0.000E+00,0.000E+00,0.000E+00,-280.81E-06,0.000E+00,-1.7734E-06,0.000E+03,0.000E+03,Error,Error,Error,NAN,468.75E-03,-518.15E-03,34.951E-03,-41.220E-03,Error,Error,NAN,NAN,NAN,NAN,NAN,NAN,NAN,NAN,NAN,236.32E+00,236.77E+00,213.17E+00,-73.761E-03,236.32E+00,0.000E+00,0.000E+00,0.000E+00,482.98E-06,0.000E+00,-1.7281E+00,0.000E+03,0.000E+03,Error,Error,50.032E+00,NAN,343.81E+00,-343.83E+00,173.86E-03,-166.52E-03,1.455E+00,Error,NAN,NAN,NAN,NAN,NAN,NAN,NAN,NAN,NAN,NAN,NAN
  127,  2026/04/21,09:28:53,2.4320E+00,0.00E+00,0.00E+00,1.9484E+00,0.00E+00,15.839E+00,14.138E+00,12.728E+00,12.728E+00,9.4278E+00,38.506E+00,38.522E+00,-1.1017E+00,0.9996E+00,-1.64E+00,Error,NAN,3.4295E+00,-518.15E-03,20.428E+00,-20.908E-03,1.410E+00,1.290E+00,NAN,NAN,NAN,NAN,NAN,NAN,NAN,NAN,NAN,235.78E+00,236.24E+00,212.69E+00,-182.64E-03,235.78E+00,441.91E-03,0.000E+00,0.000E+00,-16.555E-03,441.60E-03,-82.122E+00,104.19E+00,-64.128E+00,-0.7882E+00,-142.01E+00,50.017E+00,NAN,343.36E+00,-343.45E+00,1.0883E+00,-1.1115E+00,1.457E+00,2.515E+00,NAN,NAN,NAN,NAN,NAN,NAN,NAN,NAN,NAN,NAN,NAN
  128,  2026/04/21,09:28:55,0.00E+00,0.00E+00,0.00E+00,-8.9533E-03,0.00E+00,0.000E+00,0.000E+00,0.000E+00,-693.13E-06,0.000E+00,16.738E-06,0.000E+03,0.000E+03,Error,Error,Error,NAN,436.92E-03,-549.98E-03,29.873E-03,-36.142E-03,Error,Error,NAN,NAN,NAN,NAN,NAN,NAN,NAN,NAN,NAN,236.02E+00,236.47E+00,212.90E+00,-206.42E-03,236.02E+00,0.000E+00,0.000E+00,0.000E+00,-675.43E-06,0.000E+00,-550.08E-03,0.000E+03,0.000E+03,Error,Error,50.014E+00,NAN,343.52E+00,-343.58E+00,158.62E-03,-156.36E-03,1.456E+00,Error,NAN,NAN,NAN,NAN,NAN,NAN,NAN,NAN,NAN,NAN,NAN
  129,  2026/04/21,09:28:57,0.00E+00,0.00E+00,0.00E+00,-11.303E-03,0.00E+00,0.000E+00,0.000E+00,0.000E+00,-920.27E-06,0.000E+00,5.9017E-06,0.000E+03,0.000E+03,Error,Error,Error,NAN,436.92E-03,-518.15E-03,29.873E-03,-41.220E-03,Error,Error,NAN,NAN,NAN,NAN,NAN,NAN,NAN,NAN,NAN,236.15E+00,236.65E+00,213.06E+00,-161.34E-03,236.15E+00,0.000E+00,0.000E+00,0.000E+00,-105.25E-06,0.000E+00,-339.46E-03,0.000E+03,0.000E+03,Error,Error,50.031E+00,NAN,343.93E+00,-343.83E+00,148.46E-03,-171.60E-03,1.456E+00,Error,NAN,NAN,NAN,NAN,NAN,NAN,NAN,NAN,NAN,NAN,NAN
  130,  2026/04/21,09:28:59,0.00E+00,0.00E+00,0.00E+00,-11.510E-03,0.00E+00,0.000E+00,0.000E+00,0.000E+00,-842.57E-06,0.000E+00,-5.6080E-06,0.000E+03,0.000E+03,Error,Error,Error,NAN,373.25E-03,-358.97E-03,29.873E-03,-36.142E-03,Error,Error,NAN,NAN,NAN,NAN,NAN,NAN,NAN,NAN,NAN,235.97E+00,236.43E+00,212.86E+00,-208.82E-03,235.97E+00,0.000E+00,0.000E+00,0.000E+00,711.76E-06,0.000E+00,-180.44E-03,0.000E+03,0.000E+03,Error,Error,50.017E+00,NAN,344.03E+00,-343.96E+00,184.02E-03,-69.995E-03,1.458E+00,Error,NAN,NAN,NAN,NAN,NAN,NAN,NAN,NAN,NAN,NAN,NAN
  131,  2026/04/21,09:29:01,0.00E+00,0.00E+00,0.00E+00,-14.183E-03,0.00E+00,0.000E+00,0.000E+00,0.000E+00,-501.93E-06,0.000E+00,4.0384E-06,0.000E+03,0.000E+03,Error,Error,Error,NAN,373.25E-03,-390.81E-03,34.951E-03,-36.142E-03,Error,Error,NAN,NAN,NAN,NAN,NAN,NAN,NAN,NAN,NAN,235.88E+00,236.34E+00,212.78E+00,-163.33E-03,235.88E+00,0.000E+00,0.000E+00,0.000E+00,136.21E-06,0.000E+00,-27.198E-03,0.000E+03,0.000E+03,Error,Error,50.022E+00,NAN,343.39E+00,-343.45E+00,67.174E-03,-69.995E-03,1.456E+00,Error,NAN,NAN,NAN,NAN,NAN,NAN,NAN,NAN,NAN,NAN,NAN
  132,  2026/04/21,09:29:03,0.00E+00,0.00E+00,0.00E+00,-11.419E-03,0.00E+00,0.000E+00,0.000E+00,0.000E+00,401.75E-06,0.000E+00,-1.8905E-06,0.000E+03,0.000E+03,Error,Error,Error,NAN,373.25E-03,-390.81E-03,29.873E-03,-31.064E-03,Error,Error,NAN,NAN,NAN,NAN,NAN,NAN,NAN,NAN,NAN,236.11E+00,236.56E+00,212.98E+00,-150.08E-03,236.11E+00,0.000E+00,0.000E+00,0.000E+00,-124.40E-06,0.000E+00,-1.6910E+00,0.000E+03,0.000E+03,Error,Error,50.019E+00,NAN,344.00E+00,-343.96E+00,158.62E-03,-186.84E-03,1.457E+00,Error,NAN,NAN,NAN,NAN,NAN,NAN,NAN,NAN,NAN,NAN,NAN
  133,  2026/04/21,09:29:05,4.1993E+00,0.00E+00,0.00E+00,3.9033E+00,1.5486E+00,18.235E+00,18.840E+00,16.962E+00,16.962E+00,6.6948E+00,76.552E+00,76.577E+00,-1.9404E+00,0.9997E+00,-1.45E+00,Error,NAN,5.1167E+00,-295.30E-03,20.383E+00,-5.6734E-03,1.218E+00,1.118E+00,NAN,NAN,NAN,NAN,NAN,NAN,NAN,NAN,NAN,235.73E+00,236.23E+00,212.68E+00,-86.307E-03,235.73E+00,582.84E-03,0.000E+00,0.000E+00,64.814E-03,579.22E-03,-111.44E+00,137.39E+00,-80.357E+00,-0.8111E+00,-144.21E+00,50.016E+00,NAN,343.74E+00,-343.83E+00,2.3381E+00,-1.1470E+00,1.459E+00,4.012E+00,NAN,NAN,NAN,NAN,NAN,NAN,NAN,NAN,NAN,NAN,NAN
  134,  2026/04/21,09:29:07,0.00E+00,0.00E+00,0.00E+00,-8.7368E-03,0.00E+00,0.000E+00,0.000E+00,0.000E+00,-865.65E-06,0.000E+00,11.334E-06,0.000E+03,0.000E+03,Error,Error,Error,NAN,341.41E-03,-358.97E-03,29.873E-03,-31.064E-03,Error,Error,NAN,NAN,NAN,NAN,NAN,NAN,NAN,NAN,NAN,235.89E+00,236.37E+00,212.81E+00,-73.158E-03,235.89E+00,0.000E+00,0.000E+00,0.000E+00,-460.12E-06,0.000E+00,-545.82E-03,0.000E+03,0.000E+03,Error,Error,50.016E+00,NAN,343.58E+00,-343.55E+00,158.62E-03,-176.68E-03,1.457E+00,Error,NAN,NAN,NAN,NAN,NAN,NAN,NAN,NAN,NAN,NAN,NAN
  135,  2026/04/21,09:29:09,0.00E+00,0.00E+00,0.00E+00,-8.5941E-03,0.00E+00,0.000E+00,0.000E+00,0.000E+00,-1.5249E-03,0.000E+00,-8.6025E-06,0.000E+03,0.000E+03,Error,Error,Error,NAN,373.25E-03,-358.97E-03,34.951E-03,-36.142E-03,Error,Error,NAN,NAN,NAN,NAN,NAN,NAN,NAN,NAN,NAN,235.97E+00,236.49E+00,212.92E+00,-23.194E-03,235.97E+00,0.000E+00,0.000E+00,0.000E+00,-464.52E-06,0.000E+00,-545.79E-03,0.000E+03,0.000E+03,Error,Error,50.012E+00,NAN,343.49E+00,-343.55E+00,163.70E-03,-166.52E-03,1.456E+00,Error,NAN,NAN,NAN,NAN,NAN,NAN,NAN,NAN,NAN,NAN,NAN
  136,  2026/04/21,09:29:11,0.00E+00,0.00E+00,0.00E+00,-11.103E-03,0.00E+00,0.000E+00,0.000E+00,0.000E+00,-1.3014E-03,0.000E+00,613.80E-09,0.000E+03,0.000E+03,Error,Error,Error,NAN,341.41E-03,-390.81E-03,34.951E-03,-36.142E-03,Error,Error,NAN,NAN,NAN,NAN,NAN,NAN,NAN,NAN,NAN,236.05E+00,236.61E+00,213.02E+00,28.225E-03,236.05E+00,0.000E+00,0.000E+00,0.000E+00,251.62E-06,0.000E+00,-535.91E-03,0.000E+03,0.000E+03,Error,Error,50.014E+00,NAN,343.71E+00,-343.71E+00,158.62E-03,-146.20E-03,1.456E+00,Error,NAN,NAN,NAN,NAN,NAN,NAN,NAN,NAN,NAN,NAN,NAN
  137,  2026/04/21,09:29:13,0.00E+00,0.00E+00,0.00E+00,-10.015E-03,0.00E+00,0.000E+00,0.000E+00,0.000E+00,-711.94E-06,0.000E+00,-9.9712E-06,0.000E+03,0.000E+03,Error,Error,Error,NAN,341.41E-03,-358.97E-03,29.873E-03,-31.064E-03,Error,Error,NAN,NAN,NAN,NAN,NAN,NAN,NAN,NAN,NAN,236.10E+00,236.63E+00,213.04E+00,86.210E-03,236.10E+00,0.000E+00,0.000E+00,0.000E+00,526.20E-06,0.000E+00,-444.39E-03,0.000E+03,0.000E+03,Error,Error,50.014E+00,NAN,343.71E+00,-343.64E+00,148.46E-03,-171.60E-03,1.456E+00,Error,NAN,NAN,NAN,NAN,NAN,NAN,NAN,NAN,NAN,NAN,NAN
  138,  2026/04/21,09:29:15,0.00E+00,0.00E+00,0.00E+00,-8.0097E-03,0.00E+00,0.000E+00,0.000E+00,0.000E+00,-126.18E-06,0.000E+00,254.56E-09,0.000E+03,0.000E+03,Error,Error,Error,NAN,373.25E-03,-390.81E-03,34.951E-03,-31.064E-03,Error,Error,NAN,NAN,NAN,NAN,NAN,NAN,NAN,NAN,NAN,236.03E+00,236.53E+00,212.95E+00,107.62E-03,236.03E+00,0.000E+00,0.000E+00,0.000E+00,106.56E-06,0.000E+00,-1.7197E+00,0.000E+03,0.000E+03,Error,Error,50.018E+00,NAN,343.68E+00,-343.90E+00,184.02E-03,-176.68E-03,1.457E+00,Error,NAN,NAN,NAN,NAN,NAN,NAN,NAN,NAN,NAN,NAN,NAN
  139,  2026/04/21,09:29:17,4.1840E+00,0.00E+00,0.00E+00,4.0099E+00,0.00E+00,18.201E+00,19.389E+00,17.456E+00,17.456E+00,5.1546E+00,76.200E+00,76.152E+00,0.000E+03,1.0000E+00,0.00E+00,Error,NAN,4.9257E+00,-327.14E-03,19.560E+00,-36.142E-03,1.177E+00,1.075E+00,NAN,NAN,NAN,NAN,NAN,NAN,NAN,NAN,NAN,235.70E+00,236.20E+00,212.65E+00,157.86E-03,235.70E+00,497.22E-03,0.000E+00,0.000E+00,8.9316E-03,497.14E-03,-100.50E+00,117.19E+00,-60.279E+00,-0.8576E+00,-149.05E+00,50.024E+00,NAN,343.52E+00,-343.64E+00,1.3322E+00,-1.0911E+00,1.458E+00,2.679E+00,NAN,NAN,NAN,NAN,NAN,NAN,NAN,NAN,NAN,NAN,NAN
  140,  2026/04/21,09:29:19,0.00E+00,0.00E+00,0.00E+00,-8.7084E-03,0.00E+00,0.000E+00,0.000E+00,0.000E+00,-852.70E-06,0.000E+00,-15.323E-06,0.000E+03,0.000E+03,Error,Error,Error,NAN,309.58E-03,-358.97E-03,40.029E-03,-36.142E-03,Error,Error,NAN,NAN,NAN,NAN,NAN,NAN,NAN,NAN,NAN,235.96E+00,236.45E+00,212.88E+00,190.21E-03,235.96E+00,0.000E+00,0.000E+00,0.000E+00,-466.20E-06,0.000E+00,-560.01E-03,0.000E+03,0.000E+03,Error,Error,50.023E+00,NAN,343.68E+00,-343.71E+00,148.46E-03,-161.44E-03,1.457E+00,Error,NAN,NAN,NAN,NAN,NAN,NAN,NAN,NAN,NAN,NAN,NAN
  141,  2026/04/21,09:29:21,0.00E+00,0.00E+00,0.00E+00,-10.895E-03,0.00E+00,0.000E+00,0.000E+00,0.000E+00,-1.0755E-03,0.000E+00,7.2603E-06,0.000E+03,0.000E+03,Error,Error,Error,NAN,341.41E-03,-358.97E-03,34.951E-03,-36.142E-03,Error,Error,NAN,NAN,NAN,NAN,NAN,NAN,NAN,NAN,NAN,236.00E+00,236.48E+00,212.91E+00,200.24E-03,236.00E+00,0.000E+00,0.000E+00,0.000E+00,-262.40E-06,0.000E+00,-521.32E-03,0.000E+03,0.000E+03,Error,Error,50.026E+00,NAN,343.93E+00,-343.96E+00,163.70E-03,-161.44E-03,1.457E+00,Error,NAN,NAN,NAN,NAN,NAN,NAN,NAN,NAN,NAN,NAN,NAN
  142,  2026/04/21,09:29:23,0.00E+00,0.00E+00,0.00E+00,-11.529E-03,0.00E+00,0.000E+00,0.000E+00,0.000E+00,-1.1686E-03,0.000E+00,16.597E-06,0.000E+03,0.000E+03,Error,Error,Error,NAN,468.75E-03,-454.48E-03,34.951E-03,-36.142E-03,Error,Error,NAN,NAN,NAN,NAN,NAN,NAN,NAN,NAN,NAN,235.81E+00,236.28E+00,212.73E+00,300.41E-03,235.81E+00,0.000E+00,0.000E+00,0.000E+00,-391.40E-06,0.000E+00,-546.54E-03,0.000E+03,0.000E+03,Error,Error,50.007E+00,NAN,343.58E+00,-343.58E+00,153.54E-03,-171.60E-03,1.457E+00,Error,NAN,NAN,NAN,NAN,NAN,NAN,NAN,NAN,NAN,NAN,NAN
  143,  2026/04/21,09:29:25,0.00E+00,0.00E+00,0.00E+00,-13.057E-03,0.00E+00,0.000E+00,0.000E+00,0.000E+00,-801.53E-06,0.000E+00,8.9069E-06,0.000E+03,0.000E+03,Error,Error,Error,NAN,309.58E-03,-390.81E-03,34.951E-03,-36.142E-03,Error,Error,NAN,NAN,NAN,NAN,NAN,NAN,NAN,NAN,NAN,235.82E+00,236.28E+00,212.73E+00,300.17E-03,235.82E+00,0.000E+00,0.000E+00,0.000E+00,123.29E-06,0.000E+00,-664.39E-03,0.000E+03,0.000E+03,Error,Error,50.014E+00,NAN,343.55E+00,-343.64E+00,163.70E-03,-176.68E-03,1.457E+00,Error,NAN,NAN,NAN,NAN,NAN,NAN,NAN,NAN,NAN,NAN,NAN
  144,  2026/04/21,09:29:27,0.00E+00,0.00E+00,0.00E+00,-8.3640E-03,0.00E+00,0.000E+00,0.000E+00,0.000E+00,-6.8302E-06,0.000E+00,-13.763E-06,0.000E+03,0.000E+03,Error,Error,Error,NAN,373.25E-03,-358.97E-03,34.951E-03,-41.220E-03,Error,Error,NAN,NAN,NAN,NAN,NAN,NAN,NAN,NAN,NAN,235.85E+00,236.33E+00,212.77E+00,292.01E-03,235.85E+00,0.000E+00,0.000E+00,0.000E+00,-69.507E-06,0.000E+00,-1.7182E+00,0.000E+03,0.000E+03,Error,Error,50.010E+00,NAN,343.49E+00,-343.52E+00,178.94E-03,-176.68E-03,1.457E+00,Error,NAN,NAN,NAN,NAN,NAN,NAN,NAN,NAN,NAN,NAN,NAN
  145,  2026/04/21,09:29:29,3.7213E+00,0.00E+00,0.00E+00,3.0901E+00,2.0735E+00,16.171E+00,14.947E+00,13.457E+00,13.454E+00,8.9703E+00,60.236E+00,60.176E+00,0.000E+03,1.0000E+00,0.00E+00,Error,NAN,5.0849E+00,-358.97E-03,20.393E+00,-36.142E-03,1.366E+00,1.261E+00,NAN,NAN,NAN,NAN,NAN,NAN,NAN,NAN,NAN,235.74E+00,236.22E+00,212.67E+00,212.03E-03,235.74E+00,521.26E-03,0.000E+00,0.000E+00,-69.889E-03,516.55E-03,-82.121E+00,122.88E+00,-91.414E+00,-0.6683E+00,-131.93E+00,50.020E+00,NAN,343.81E+00,-343.80E+00,1.1391E+00,-2.3968E+00,1.458E+00,4.598E+00,NAN,NAN,NAN,NAN,NAN,NAN,NAN,NAN,NAN,NAN,NAN
  146,  2026/04/21,09:29:31,0.00E+00,0.00E+00,0.00E+00,-9.1876E-03,0.00E+00,0.000E+00,0.000E+00,0.000E+00,-921.18E-06,0.000E+00,-14.549E-06,0.000E+03,0.000E+03,Error,Error,Error,NAN,468.75E-03,-486.31E-03,29.873E-03,-31.064E-03,Error,Error,NAN,NAN,NAN,NAN,NAN,NAN,NAN,NAN,NAN,235.94E+00,236.41E+00,212.84E+00,210.28E-03,235.94E+00,0.000E+00,0.000E+00,0.000E+00,776.86E-06,0.000E+00,-500.10E-03,0.000E+03,0.000E+03,Error,Error,50.022E+00,NAN,343.68E+00,-343.87E+00,158.62E-03,-161.44E-03,1.457E+00,Error,NAN,NAN,NAN,NAN,NAN,NAN,NAN,NAN,NAN,NAN,NAN
  147,  2026/04/21,09:29:33,0.00E+00,0.00E+00,0.00E+00,-11.525E-03,0.00E+00,0.000E+00,0.000E+00,0.000E+00,-675.34E-06,0.000E+00,2.4686E-06,0.000E+03,0.000E+03,Error,Error,Error,NAN,341.41E-03,-390.81E-03,34.951E-03,-36.142E-03,Error,Error,NAN,NAN,NAN,NAN,NAN,NAN,NAN,NAN,NAN,235.93E+00,236.40E+00,212.84E+00,193.92E-03,235.93E+00,0.000E+00,0.000E+00,0.000E+00,-181.29E-06,0.000E+00,-530.36E-03,0.000E+03,0.000E+03,Error,Error,50.016E+00,NAN,343.68E+00,-343.67E+00,163.70E-03,-146.20E-03,1.457E+00,Error,NAN,NAN,NAN,NAN,NAN,NAN,NAN,NAN,NAN,NAN,NAN
  148,  2026/04/21,09:29:35,0.00E+00,0.00E+00,0.00E+00,-8.5846E-03,0.00E+00,0.000E+00,0.000E+00,0.000E+00,-970.24E-06,0.000E+00,17.865E-06,0.000E+03,0.000E+03,Error,Error,Error,NAN,436.92E-03,-390.81E-03,34.951E-03,-31.064E-03,Error,Error,NAN,NAN,NAN,NAN,NAN,NAN,NAN,NAN,NAN,235.89E+00,236.34E+00,212.78E+00,182.72E-03,235.89E+00,0.000E+00,0.000E+00,0.000E+00,-401.32E-06,0.000E+00,-522.78E-03,0.000E+03,0.000E+03,Error,Error,50.014E+00,NAN,343.58E+00,-343.58E+00,163.70E-03,-166.52E-03,1.457E+00,Error,NAN,NAN,NAN,NAN,NAN,NAN,NAN,NAN,NAN,NAN,NAN
  149,  2026/04/21,09:29:37,0.00E+00,0.00E+00,0.00E+00,-10.262E-03,0.00E+00,0.000E+00,0.000E+00,0.000E+00,-760.96E-06,0.000E+00,4.3049E-06,0.000E+03,0.000E+03,Error,Error,Error,NAN,405.08E-03,-390.81E-03,34.951E-03,-36.142E-03,Error,Error,NAN,NAN,NAN,NAN,NAN,NAN,NAN,NAN,NAN,236.06E+00,236.51E+00,212.94E+00,111.80E-03,236.06E+00,0.000E+00,0.000E+00,0.000E+00,54.455E-06,0.000E+00,-1.2547E+00,0.000E+03,0.000E+03,Error,Error,50.017E+00,NAN,343.30E+00,-343.36E+00,158.62E-03,-176.68E-03,1.455E+00,Error,NAN,NAN,NAN,NAN,NAN,NAN,NAN,NAN,NAN,NAN,NAN
  150,  2026/04/21,09:29:39,0.00E+00,0.00E+00,0.00E+00,-10.682E-03,0.00E+00,0.000E+00,0.000E+00,0.000E+00,870.77E-06,0.000E+00,-3.8482E-06,0.000E+03,0.000E+03,Error,Error,Error,NAN,373.25E-03,-390.81E-03,29.873E-03,-31.064E-03,Error,Error,NAN,NAN,NAN,NAN,NAN,NAN,NAN,NAN,NAN,235.86E+00,236.33E+00,212.77E+00,60.987E-03,235.86E+00,0.000E+00,0.000E+00,0.000E+00,141.47E-06,0.000E+00,-1.7262E+00,0.000E+03,0.000E+03,Error,Error,50.016E+00,NAN,340.31E+00,-340.18E+00,163.70E-03,-156.36E-03,1.443E+00,Error,NAN,NAN,NAN,NAN,NAN,NAN,NAN,NAN,NAN,NAN,NAN
  151,  2026/04/21,09:29:41,2.7150E+00,0.00E+00,0.00E+00,1.8649E+00,1.9731E+00,13.310E+00,10.198E+00,9.1816E+00,9.1778E+00,9.6394E+00,36.203E+00,36.136E+00,0.000E+03,1.0000E+00,0.00E+00,Error,NAN,4.4800E+00,-390.81E-03,20.469E+00,-31.064E-03,1.650E+00,1.538E+00,NAN,NAN,NAN,NAN,NAN,NAN,NAN,NAN,NAN,235.99E+00,236.51E+00,212.93E+00,80.401E-03,235.99E+00,461.87E-03,0.000E+00,0.000E+00,103.52E-03,450.12E-03,-50.139E+00,109.00E+00,-96.779E+00,-0.4600E+00,-117.39E+00,50.015E+00,NAN,340.76E+00,-340.81E+00,2.6073E+00,-608.51E-03,1.444E+00,5.645E+00,NAN,NAN,NAN,NAN,NAN,NAN,NAN,NAN,NAN,NAN,NAN
  152,  2026/04/21,09:29:43,0.00E+00,0.00E+00,0.00E+00,-10.978E-03,0.00E+00,0.000E+00,0.000E+00,0.000E+00,-242.93E-06,0.000E+00,-18.808E-06,0.000E+03,0.000E+03,Error,Error,Error,NAN,341.41E-03,-358.97E-03,29.873E-03,-31.064E-03,Error,Error,NAN,NAN,NAN,NAN,NAN,NAN,NAN,NAN,NAN,236.14E+00,236.59E+00,213.01E+00,-41.311E-03,236.14E+00,0.000E+00,0.000E+00,0.000E+00,38.391E-06,0.000E+00,-59.111E-03,0.000E+03,0.000E+03,Error,Error,50.026E+00,NAN,340.72E+00,-340.78E+00,138.30E-03,-69.995E-03,1.443E+00,Error,NAN,NAN,NAN,NAN,NAN,NAN,NAN,NAN,NAN,NAN,NAN
  153,  2026/04/21,09:29:45,0.00E+00,0.00E+00,0.00E+00,-13.348E-03,0.00E+00,0.000E+00,0.000E+00,0.000E+00,-813.16E-06,0.000E+00,8.4409E-06,0.000E+03,0.000E+03,Error,Error,Error,NAN,373.25E-03,-422.64E-03,29.873E-03,-36.142E-03,Error,Error,NAN,NAN,NAN,NAN,NAN,NAN,NAN,NAN,NAN,236.08E+00,236.47E+00,212.90E+00,-83.251E-03,236.08E+00,0.000E+00,0.000E+00,0.000E+00,-69.709E-06,0.000E+00,-413.58E-03,0.000E+03,0.000E+03,Error,Error,50.016E+00,NAN,340.92E+00,-340.97E+00,143.38E-03,-146.20E-03,1.444E+00,Error,NAN,NAN,NAN,NAN,NAN,NAN,NAN,NAN,NAN,NAN,NAN
  154,  2026/04/21,09:29:47,0.00E+00,0.00E+00,0.00E+00,-9.9109E-03,0.00E+00,0.000E+00,0.000E+00,0.000E+00,-754.55E-06,0.000E+00,12.570E-06,0.000E+03,0.000E+03,Error,Error,Error,NAN,468.75E-03,-486.31E-03,34.951E-03,-41.220E-03,Error,Error,NAN,NAN,NAN,NAN,NAN,NAN,NAN,NAN,NAN,236.13E+00,236.53E+00,212.96E+00,-99.656E-03,236.13E+00,0.000E+00,0.000E+00,0.000E+00,160.79E-06,0.000E+00,-373.73E-03,0.000E+03,0.000E+03,Error,Error,50.024E+00,NAN,341.20E+00,-341.07E+00,143.38E-03,-146.20E-03,1.445E+00,Error,NAN,NAN,NAN,NAN,NAN,NAN,NAN,NAN,NAN,NAN,NAN
  155,  2026/04/21,09:29:49,0.00E+00,0.00E+00,0.00E+00,-10.233E-03,0.00E+00,0.000E+00,0.000E+00,0.000E+00,-444.50E-06,0.000E+00,17.014E-06,0.000E+03,0.000E+03,Error,Error,Error,NAN,468.75E-03,-454.48E-03,34.951E-03,-36.142E-03,Error,Error,NAN,NAN,NAN,NAN,NAN,NAN,NAN,NAN,NAN,236.00E+00,236.39E+00,212.83E+00,-193.12E-03,236.00E+00,0.000E+00,0.000E+00,0.000E+00,-362.67E-06,0.000E+00,-1.5521E+00,0.000E+03,0.000E+03,Error,Error,50.016E+00,NAN,340.92E+00,-340.88E+00,163.70E-03,-156.36E-03,1.445E+00,Error,NAN,NAN,NAN,NAN,NAN,NAN,NAN,NAN,NAN,NAN,NAN
  156,  2026/04/21,09:29:51,0.00E+00,0.00E+00,0.00E+00,-11.484E-03,0.00E+00,0.000E+00,0.000E+00,0.000E+00,3.1406E-03,0.000E+00,-91.912E-06,0.000E+03,0.000E+03,Error,Error,Error,NAN,405.08E-03,-486.31E-03,45.107E-03,-31.064E-03,Error,Error,NAN,NAN,NAN,NAN,NAN,NAN,NAN,NAN,NAN,236.12E+00,236.49E+00,212.91E+00,-149.65E-03,236.12E+00,0.000E+00,0.000E+00,0.000E+00,208.95E-06,0.000E+00,-1.8081E+00,0.000E+03,0.000E+03,Error,Error,50.028E+00,NAN,341.33E+00,-341.20E+00,163.70E-03,-161.44E-03,1.446E+00,Error,NAN,NAN,NAN,NAN,NAN,NAN,NAN,NAN,NAN,NAN,NAN
  157,  2026/04/21,09:29:53,1.7551E+00,0.00E+00,0.00E+00,841.08E-03,1.5405E+00,9.1469E+00,4.9927E+00,4.4950E+00,4.4890E+00,7.9696E+00,16.081E+00,16.054E+00,0.000E+03,1.0000E+00,0.00E+00,Error,NAN,4.0980E+00,-518.15E-03,19.530E+00,-36.142E-03,2.335E+00,2.135E+00,NAN,NAN,NAN,NAN,NAN,NAN,NAN,NAN,NAN,235.93E+00,236.30E+00,212.75E+00,-229.20E-03,235.93E+00,217.19E-03,0.000E+00,0.000E+00,6.7489E-03,217.09E-03,-17.805E+00,51.241E+00,-48.048E+00,-0.3475E+00,-110.33E+00,50.022E+00,NAN,341.23E+00,-341.16E+00,925.75E-03,-1.3960E+00,1.446E+00,6.427E+00,NAN,NAN,NAN,NAN,NAN,NAN,NAN,NAN,NAN,NAN,NAN
  158,  2026/04/21,09:29:55,0.00E+00,0.00E+00,0.00E+00,-10.795E-03,0.00E+00,0.000E+00,0.000E+00,0.000E+00,-973.28E-06,0.000E+00,22.057E-06,0.000E+03,0.000E+03,Error,Error,Error,NAN,500.59E-03,-486.31E-03,34.951E-03,-36.142E-03,Error,Error,NAN,NAN,NAN,NAN,NAN,NAN,NAN,NAN,NAN,235.90E+00,236.28E+00,212.73E+00,-232.87E-03,235.90E+00,0.000E+00,0.000E+00,0.000E+00,-325.29E-06,0.000E+00,2.9558E-03,0.000E+03,0.000E+03,Error,Error,50.018E+00,NAN,341.23E+00,-341.16E+00,67.174E-03,-75.075E-03,1.447E+00,Error,NAN,NAN,NAN,NAN,NAN,NAN,NAN,NAN,NAN,NAN,NAN
  159,  2026/04/21,09:29:57,0.00E+00,0.00E+00,0.00E+00,-11.555E-03,0.00E+00,0.000E+00,0.000E+00,0.000E+00,-1.0766E-03,0.000E+00,24.348E-06,0.000E+03,0.000E+03,Error,Error,Error,NAN,500.59E-03,-518.15E-03,29.873E-03,-36.142E-03,Error,Error,NAN,NAN,NAN,NAN,NAN,NAN,NAN,NAN,NAN,236.20E+00,236.57E+00,212.99E+00,-133.81E-03,236.20E+00,0.000E+00,0.000E+00,0.000E+00,-220.72E-06,0.000E+00,-14.972E-03,0.000E+03,0.000E+03,Error,Error,50.030E+00,NAN,341.42E+00,-341.35E+00,72.254E-03,-69.995E-03,1.446E+00,Error,NAN,NAN,NAN,NAN,NAN,NAN,NAN,NAN,NAN,NAN,NAN
  160,  2026/04/21,09:29:59,0.00E+00,0.00E+00,0.00E+00,-7.7272E-03,0.00E+00,0.000E+00,0.000E+00,0.000E+00,-635.93E-06,0.000E+00,-26.399E-06,0.000E+03,0.000E+03,Error,Error,Error,NAN,500.59E-03,-518.15E-03,29.873E-03,-31.064E-03,Error,Error,NAN,NAN,NAN,NAN,NAN,NAN,NAN,NAN,NAN,236.00E+00,236.37E+00,212.81E+00,-179.01E-03,236.00E+00,0.000E+00,0.000E+00,0.000E+00,-584.05E-06,0.000E+00,-171.39E-03,0.000E+03,0.000E+03,Error,Error,50.017E+00,NAN,341.01E+00,-341.10E+00,67.174E-03,-151.28E-03,1.445E+00,Error,NAN,NAN,NAN,NAN,NAN,NAN,NAN,NAN,NAN,NAN,NAN
  161,  2026/04/21,09:30:01,0.00E+00,0.00E+00,0.00E+00,-10.023E-03,0.00E+00,0.000E+00,0.000E+00,0.000E+00,-572.02E-06,0.000E+00,1.8379E-06,0.000E+03,0.000E+03,Error,Error,Error,NAN,468.75E-03,-518.15E-03,34.951E-03,-36.142E-03,Error,Error,NAN,NAN,NAN,NAN,NAN,NAN,NAN,NAN,NAN,236.24E+00,236.61E+00,213.02E+00,-68.354E-03,236.24E+00,0.000E+00,0.000E+00,0.000E+00,281.94E-06,0.000E+00,-1.6237E+00,0.000E+03,0.000E+03,Error,Error,50.030E+00,NAN,341.33E+00,-341.20E+00,158.62E-03,-146.20E-03,1.445E+00,Error,NAN,NAN,NAN,NAN,NAN,NAN,NAN,NAN,NAN,NAN,NAN
  162,  2026/04/21,09:30:03,0.00E+00,0.00E+00,0.00E+00,440.31E-03,0.00E+00,6.9455E+00,2.8041E+00,2.5245E+00,2.5209E+00,6.4718E+00,8.7489E+00,0.000E+03,0.000E+03,Error,Error,Error,NAN,4.0662E+00,-518.15E-03,20.281E+00,-25.986E-03,Error,2.920E+00,NAN,NAN,NAN,NAN,NAN,NAN,NAN,NAN,NAN,236.02E+00,236.46E+00,212.89E+00,-6.5117E-03,236.02E+00,0.000E+00,0.000E+00,0.000E+00,37.414E-03,0.000E+00,-14.452E+00,0.000E+03,0.000E+03,Error,Error,50.023E+00,NAN,340.98E+00,-341.04E+00,1.0528E+00,-374.81E-03,1.445E+00,Error,NAN,NAN,NAN,NAN,NAN,NAN,NAN,NAN,NAN,NAN,NAN
  163,  2026/04/21,09:30:05,0.00E+00,0.00E+00,0.00E+00,4.9018E-03,0.00E+00,1.1403E+00,0.000E+00,0.000E+00,133.48E-03,1.1324E+00,132.14E-03,0.000E+03,0.000E+03,Error,Error,Error,NAN,1.6785E+00,-518.15E-03,12.984E+00,-31.064E-03,Error,Error,NAN,NAN,NAN,NAN,NAN,NAN,NAN,NAN,NAN,236.23E+00,236.68E+00,213.09E+00,39.419E-03,236.23E+00,0.000E+00,0.000E+00,0.000E+00,78.683E-06,0.000E+00,-16.969E-03,0.000E+03,0.000E+03,Error,Error,50.022E+00,NAN,341.49E+00,-341.42E+00,67.174E-03,-64.914E-03,1.446E+00,Error,NAN,NAN,NAN,NAN,NAN,NAN,NAN,NAN,NAN,NAN,NAN
  164,  2026/04/21,09:30:07,0.00E+00,0.00E+00,0.00E+00,-5.7990E-03,0.00E+00,0.000E+00,0.000E+00,0.000E+00,-1.0625E-03,0.000E+00,14.803E-06,0.000E+03,0.000E+03,Error,Error,Error,NAN,468.75E-03,-454.48E-03,34.951E-03,-31.064E-03,Error,Error,NAN,NAN,NAN,NAN,NAN,NAN,NAN,NAN,NAN,236.15E+00,236.56E+00,212.98E+00,82.688E-03,236.15E+00,0.000E+00,0.000E+00,0.000E+00,-4.4428E-06,0.000E+00,5.7271E-03,0.000E+03,0.000E+03,Error,Error,50.031E+00,NAN,341.07E+00,-341.16E+00,72.254E-03,-69.995E-03,1.445E+00,Error,NAN,NAN,NAN,NAN,NAN,NAN,NAN,NAN,NAN,NAN,NAN
  165,  2026/04/21,09:30:09,0.00E+00,0.00E+00,0.00E+00,-10.453E-03,0.00E+00,0.000E+00,0.000E+00,0.000E+00,-985.27E-06,0.000E+00,-1.9028E-06,0.000E+03,0.000E+03,Error,Error,Error,NAN,500.59E-03,-518.15E-03,34.951E-03,-36.142E-03,Error,Error,NAN,NAN,NAN,NAN,NAN,NAN,NAN,NAN,NAN,236.01E+00,236.38E+00,212.82E+00,163.78E-03,236.01E+00,0.000E+00,0.000E+00,0.000E+00,-233.01E-06,0.000E+00,5.3334E-03,0.000E+03,0.000E+03,Error,Error,50.022E+00,NAN,340.98E+00,-340.94E+00,67.174E-03,-64.914E-03,1.445E+00,Error,NAN,NAN,NAN,NAN,NAN,NAN,NAN,NAN,NAN,NAN,NAN
  166,  2026/04/21,09:30:11,0.00E+00,0.00E+00,0.00E+00,-6.4565E-03,0.00E+00,0.000E+00,0.000E+00,0.000E+00,-943.91E-06,0.000E+00,-502.57E-09,0.000E+03,0.000E+03,Error,Error,Error,NAN,500.59E-03,-549.98E-03,29.873E-03,-36.142E-03,Error,Error,NAN,NAN,NAN,NAN,NAN,NAN,NAN,NAN,NAN,236.13E+00,236.48E+00,212.91E+00,217.25E-03,236.13E+00,0.000E+00,0.000E+00,0.000E+00,-122.15E-06,0.000E+00,-17.246E-03,0.000E+03,0.000E+03,Error,Error,50.015E+00,NAN,341.14E+00,-341.13E+00,67.174E-03,-75.075E-03,1.445E+00,Error,NAN,NAN,NAN,NAN,NAN,NAN,NAN,NAN,NAN,NAN,NAN
  167,  2026/04/21,09:30:13,0.00E+00,0.00E+00,0.00E+00,-4.9350E-03,0.00E+00,0.000E+00,0.000E+00,0.000E+00,-533.52E-06,0.000E+00,2.9941E-06,0.000E+03,0.000E+03,Error,Error,Error,NAN,500.59E-03,-518.15E-03,29.873E-03,-31.064E-03,Error,Error,NAN,NAN,NAN,NAN,NAN,NAN,NAN,NAN,NAN,236.14E+00,236.47E+00,212.90E+00,209.96E-03,236.14E+00,0.000E+00,0.000E+00,0.000E+00,-116.46E-06,0.000E+00,-1.7187E+00,0.000E+03,0.000E+03,Error,Error,50.023E+00,NAN,341.39E+00,-341.35E+00,163.70E-03,-161.44E-03,1.446E+00,Error,NAN,NAN,NAN,NAN,NAN,NAN,NAN,NAN,NAN,NAN,NAN
  168,  2026/04/21,09:30:15,2.2305E+00,0.00E+00,0.00E+00,1.3155E+00,1.8013E+00,11.207E+00,7.3939E+00,6.6569E+00,6.6548E+00,9.0177E+00,24.973E+00,24.998E+00,-1.1113E+00,0.9990E+00,-2.55E+00,Error,NAN,4.2253E+00,-454.48E-03,19.560E+00,-31.064E-03,1.894E+00,1.745E+00,NAN,NAN,NAN,NAN,NAN,NAN,NAN,NAN,NAN,235.97E+00,236.32E+00,212.76E+00,218.27E-03,235.97E+00,298.42E-03,0.000E+00,0.000E+00,-15.186E-03,298.04E-03,-42.247E+00,70.419E+00,-56.339E+00,-0.5999E+00,-126.87E+00,50.023E+00,NAN,341.01E+00,-340.88E+00,961.31E-03,-1.0708E+00,1.445E+00,3.588E+00,NAN,NAN,NAN,NAN,NAN,NAN,NAN,NAN,NAN,NAN,NAN
  169,  2026/04/21,09:30:17,0.00E+00,0.00E+00,0.00E+00,-8.3019E-03,0.00E+00,0.000E+00,0.000E+00,0.000E+00,-654.10E-06,0.000E+00,-7.0928E-06,0.000E+03,0.000E+03,Error,Error,Error,NAN,500.59E-03,-454.48E-03,29.873E-03,-41.220E-03,Error,Error,NAN,NAN,NAN,NAN,NAN,NAN,NAN,NAN,NAN,236.20E+00,236.54E+00,212.96E+00,183.07E-03,236.20E+00,0.000E+00,0.000E+00,0.000E+00,-148.39E-06,0.000E+00,-8.5193E-03,0.000E+03,0.000E+03,Error,Error,50.030E+00,NAN,341.14E+00,-341.20E+00,72.254E-03,-69.995E-03,1.445E+00,Error,NAN,NAN,NAN,NAN,NAN,NAN,NAN,NAN,NAN,NAN,NAN
  170,  2026/04/21,09:30:19,0.00E+00,0.00E+00,0.00E+00,-10.554E-03,0.00E+00,0.000E+00,0.000E+00,0.000E+00,-690.99E-06,0.000E+00,-3.0869E-06,0.000E+03,0.000E+03,Error,Error,Error,NAN,436.92E-03,-486.31E-03,29.873E-03,-36.142E-03,Error,Error,NAN,NAN,NAN,NAN,NAN,NAN,NAN,NAN,NAN,236.09E+00,236.47E+00,212.90E+00,193.99E-03,236.09E+00,0.000E+00,0.000E+00,0.000E+00,228.64E-06,0.000E+00,25.681E-03,0.000E+03,0.000E+03,Error,Error,50.025E+00,NAN,341.04E+00,-341.13E+00,67.174E-03,-69.995E-03,1.445E+00,Error,NAN,NAN,NAN,NAN,NAN,NAN,NAN,NAN,NAN,NAN,NAN
  171,  2026/04/21,09:30:21,0.00E+00,0.00E+00,0.00E+00,-8.8863E-03,0.00E+00,0.000E+00,0.000E+00,0.000E+00,-1.0168E-03,0.000E+00,-5.8066E-06,0.000E+03,0.000E+03,Error,Error,Error,NAN,468.75E-03,-486.31E-03,34.951E-03,-36.142E-03,Error,Error,NAN,NAN,NAN,NAN,NAN,NAN,NAN,NAN,NAN,236.27E+00,236.64E+00,213.05E+00,129.54E-03,236.27E+00,0.000E+00,0.000E+00,0.000E+00,174.68E-06,0.000E+00,-62.309E-03,0.000E+03,0.000E+03,Error,Error,50.028E+00,NAN,341.42E+00,-341.42E+00,72.254E-03,-64.914E-03,1.445E+00,Error,NAN,NAN,NAN,NAN,NAN,NAN,NAN,NAN,NAN,NAN,NAN
  172,  2026/04/21,09:30:23,0.00E+00,0.00E+00,0.00E+00,-7.2648E-03,0.00E+00,0.000E+00,0.000E+00,0.000E+00,-813.85E-06,0.000E+00,3.0216E-06,0.000E+03,0.000E+03,Error,Error,Error,NAN,468.75E-03,-549.98E-03,29.873E-03,-36.142E-03,Error,Error,NAN,NAN,NAN,NAN,NAN,NAN,NAN,NAN,NAN,236.36E+00,236.77E+00,213.16E+00,83.483E-03,236.36E+00,0.000E+00,0.000E+00,0.000E+00,661.39E-06,0.000E+00,6.8742E-03,0.000E+03,0.000E+03,Error,Error,50.030E+00,NAN,341.49E+00,-341.58E+00,67.174E-03,-69.995E-03,1.445E+00,Error,NAN,NAN,NAN,NAN,NAN,NAN,NAN,NAN,NAN,NAN,NAN
  173,  2026/04/21,09:30:25,0.00E+00,0.00E+00,0.00E+00,-12.701E-03,0.00E+00,0.000E+00,0.000E+00,0.000E+00,-682.98E-06,0.000E+00,1.2082E-06,0.000E+03,0.000E+03,Error,Error,Error,NAN,373.25E-03,-422.64E-03,34.951E-03,-36.142E-03,Error,Error,NAN,NAN,NAN,NAN,NAN,NAN,NAN,NAN,NAN,236.38E+00,236.76E+00,213.16E+00,4.2280E-03,236.38E+00,0.000E+00,0.000E+00,0.000E+00,-341.51E-06,0.000E+00,-1.6936E+00,0.000E+03,0.000E+03,Error,Error,50.034E+00,NAN,341.26E+00,-341.32E+00,178.94E-03,-161.44E-03,1.444E+00,Error,NAN,NAN,NAN,NAN,NAN,NAN,NAN,NAN,NAN,NAN,NAN
  174,  2026/04/21,09:30:27,2.3561E+00,0.00E+00,0.00E+00,1.7808E+00,1.5426E+00,14.561E+00,12.278E+00,11.054E+00,11.053E+00,9.4798E+00,34.274E+00,34.308E+00,-1.5110E+00,0.9990E+00,-2.52E+00,Error,NAN,3.6523E+00,-518.15E-03,19.905E+00,-25.986E-03,1.550E+00,1.367E+00,NAN,NAN,NAN,NAN,NAN,NAN,NAN,NAN,NAN,236.14E+00,236.53E+00,212.95E+00,-60.657E-03,236.14E+00,407.59E-03,0.000E+00,0.000E+00,-6.0429E-03,407.55E-03,-72.334E+00,96.249E+00,-63.495E+00,-0.7515E+00,-138.72E+00,50.025E+00,NAN,341.36E+00,-341.32E+00,1.0528E+00,-1.0657E+00,1.446E+00,2.615E+00,NAN,NAN,NAN,NAN,NAN,NAN,NAN,NAN,NAN,NAN,NAN
  175,  2026/04/21,09:30:29,0.00E+00,0.00E+00,0.00E+00,-13.422E-03,0.00E+00,0.000E+00,0.000E+00,0.000E+00,-1.2362E-03,0.000E+00,13.588E-06,0.000E+03,0.000E+03,Error,Error,Error,NAN,500.59E-03,-486.31E-03,34.951E-03,-41.220E-03,Error,Error,NAN,NAN,NAN,NAN,NAN,NAN,NAN,NAN,NAN,236.30E+00,236.68E+00,213.09E+00,-88.635E-03,236.30E+00,0.000E+00,0.000E+00,0.000E+00,-394.73E-06,0.000E+00,-511.79E-03,0.000E+03,0.000E+03,Error,Error,50.037E+00,NAN,341.30E+00,-341.45E+00,163.70E-03,-161.44E-03,1.445E+00,Error,NAN,NAN,NAN,NAN,NAN,NAN,NAN,NAN,NAN,NAN,NAN
  176,  2026/04/21,09:30:31,0.00E+00,0.00E+00,0.00E+00,-12.985E-03,0.00E+00,0.000E+00,0.000E+00,0.000E+00,-1.1242E-03,0.000E+00,6.0763E-06,0.000E+03,0.000E+03,Error,Error,Error,NAN,468.75E-03,-486.31E-03,34.951E-03,-36.142E-03,Error,Error,NAN,NAN,NAN,NAN,NAN,NAN,NAN,NAN,NAN,236.17E+00,236.56E+00,212.98E+00,-158.57E-03,236.17E+00,0.000E+00,0.000E+00,0.000E+00,116.33E-06,0.000E+00,-531.38E-03,0.000E+03,0.000E+03,Error,Error,50.031E+00,NAN,341.30E+00,-341.35E+00,168.78E-03,-161.44E-03,1.445E+00,Error,NAN,NAN,NAN,NAN,NAN,NAN,NAN,NAN,NAN,NAN,NAN
  177,  2026/04/21,09:30:33,0.00E+00,0.00E+00,0.00E+00,-9.3862E-03,0.00E+00,0.000E+00,0.000E+00,0.000E+00,-798.65E-06,0.000E+00,23.851E-06,0.000E+03,0.000E+03,Error,Error,Error,NAN,500.59E-03,-518.15E-03,34.951E-03,-31.064E-03,Error,Error,NAN,NAN,NAN,NAN,NAN,NAN,NAN,NAN,NAN,236.28E+00,236.71E+00,213.11E+00,-171.89E-03,236.28E+00,0.000E+00,0.000E+00,0.000E+00,267.09E-06,0.000E+00,4.0100E-03,0.000E+03,0.000E+03,Error,Error,50.031E+00,NAN,341.65E+00,-341.58E+00,72.254E-03,-69.995E-03,1.446E+00,Error,NAN,NAN,NAN,NAN,NAN,NAN,NAN,NAN,NAN,NAN,NAN
  178,  2026/04/21,09:30:35,0.00E+00,0.00E+00,0.00E+00,-12.390E-03,0.00E+00,0.000E+00,0.000E+00,0.000E+00,-670.82E-06,0.000E+00,8.1709E-06,0.000E+03,0.000E+03,Error,Error,Error,NAN,436.92E-03,-486.31E-03,34.951E-03,-36.142E-03,Error,Error,NAN,NAN,NAN,NAN,NAN,NAN,NAN,NAN,NAN,236.37E+00,236.79E+00,213.19E+00,-131.92E-03,236.37E+00,0.000E+00,0.000E+00,0.000E+00,-201.61E-06,0.000E+00,-6.5606E-03,0.000E+03,0.000E+03,Error,Error,50.034E+00,NAN,341.90E+00,-341.77E+00,67.174E-03,-69.995E-03,1.446E+00,Error,NAN,NAN,NAN,NAN,NAN,NAN,NAN,NAN,NAN,NAN,NAN
  179,  2026/04/21,09:30:37,0.00E+00,0.00E+00,0.00E+00,-12.345E-03,0.00E+00,0.000E+00,0.000E+00,0.000E+00,-570.82E-06,0.000E+00,8.0875E-06,0.000E+03,0.000E+03,Error,Error,Error,NAN,436.92E-03,-454.48E-03,40.029E-03,-36.142E-03,Error,Error,NAN,NAN,NAN,NAN,NAN,NAN,NAN,NAN,NAN,236.26E+00,236.67E+00,213.08E+00,-109.63E-03,236.26E+00,0.000E+00,0.000E+00,0.000E+00,147.96E-06,0.000E+00,-1.7095E+00,0.000E+03,0.000E+03,Error,Error,50.030E+00,NAN,341.46E+00,-341.51E+00,158.62E-03,-156.36E-03,1.446E+00,Error,NAN,NAN,NAN,NAN,NAN,NAN,NAN,NAN,NAN,NAN,NAN
  180,  2026/04/21,09:30:39,3.8250E+00,0.00E+00,0.00E+00,3.4131E+00,1.7267E+00,17.574E+00,17.409E+00,15.674E+00,15.674E+00,7.9491E+00,67.214E+00,67.221E+00,-947.86E-03,0.9999E+00,-0.81E+00,Error,NAN,4.7666E+00,-390.81E-03,20.444E+00,-15.830E-03,1.246E+00,1.163E+00,NAN,NAN,NAN,NAN,NAN,NAN,NAN,NAN,NAN,236.13E+00,236.57E+00,212.98E+00,-60.260E-03,236.13E+00,460.67E-03,0.000E+00,0.000E+00,2.3241E-03,460.66E-03,-92.392E+00,108.78E+00,-57.412E+00,-0.8494E+00,-148.14E+00,50.032E+00,NAN,341.49E+00,-341.42E+00,1.0883E+00,-1.1470E+00,1.446E+00,2.490E+00,NAN,NAN,NAN,NAN,NAN,NAN,NAN,NAN,NAN,NAN,NAN
  181,  2026/04/21,09:30:41,0.00E+00,0.00E+00,0.00E+00,-7.7512E-03,0.00E+00,0.000E+00,0.000E+00,0.000E+00,-779.65E-06,0.000E+00,8.1327E-06,0.000E+03,0.000E+03,Error,Error,Error,NAN,532.42E-03,-518.15E-03,34.951E-03,-36.142E-03,Error,Error,NAN,NAN,NAN,NAN,NAN,NAN,NAN,NAN,NAN,236.37E+00,236.85E+00,213.24E+00,-10.105E-03,236.37E+00,0.000E+00,0.000E+00,0.000E+00,-81.796E-06,0.000E+00,-511.32E-03,0.000E+03,0.000E+03,Error,Error,50.029E+00,NAN,341.42E+00,-341.45E+00,143.38E-03,-156.36E-03,1.445E+00,Error,NAN,NAN,NAN,NAN,NAN,NAN,NAN,NAN,NAN,NAN,NAN
  182,  2026/04/21,09:30:43,0.00E+00,0.00E+00,0.00E+00,-5.8176E-03,0.00E+00,0.000E+00,0.000E+00,0.000E+00,-884.79E-06,0.000E+00,4.0440E-06,0.000E+03,0.000E+03,Error,Error,Error,NAN,436.92E-03,-581.82E-03,34.951E-03,-46.298E-03,Error,Error,NAN,NAN,NAN,NAN,NAN,NAN,NAN,NAN,NAN,236.31E+00,236.78E+00,213.17E+00,62.336E-03,236.31E+00,0.000E+00,0.000E+00,0.000E+00,69.372E-06,0.000E+00,-576.65E-03,0.000E+03,0.000E+03,Error,Error,50.033E+00,NAN,341.39E+00,-341.39E+00,158.62E-03,-146.20E-03,1.445E+00,Error,NAN,NAN,NAN,NAN,NAN,NAN,NAN,NAN,NAN,NAN,NAN
  183,  2026/04/21,09:30:45,0.00E+00,0.00E+00,0.00E+00,-6.6028E-03,0.00E+00,0.000E+00,0.000E+00,0.000E+00,-635.35E-06,0.000E+00,-5.7906E-06,0.000E+03,0.000E+03,Error,Error,Error,NAN,436.92E-03,-518.15E-03,34.951E-03,-36.142E-03,Error,Error,NAN,NAN,NAN,NAN,NAN,NAN,NAN,NAN,NAN,236.21E+00,236.64E+00,213.06E+00,90.077E-03,236.21E+00,0.000E+00,0.000E+00,0.000E+00,406.70E-06,0.000E+00,-559.31E-03,0.000E+03,0.000E+03,Error,Error,50.029E+00,NAN,341.01E+00,-341.04E+00,153.54E-03,-146.20E-03,1.444E+00,Error,NAN,NAN,NAN,NAN,NAN,NAN,NAN,NAN,NAN,NAN,NAN
  184,  2026/04/21,09:30:47,0.00E+00,0.00E+00,0.00E+00,-11.582E-03,0.00E+00,0.000E+00,0.000E+00,0.000E+00,-390.30E-06,0.000E+00,7.9323E-06,0.000E+03,0.000E+03,Error,Error,Error,NAN,436.92E-03,-486.31E-03,40.029E-03,-36.142E-03,Error,Error,NAN,NAN,NAN,NAN,NAN,NAN,NAN,NAN,NAN,236.06E+00,236.51E+00,212.93E+00,171.41E-03,236.06E+00,0.000E+00,0.000E+00,0.000E+00,259.10E-06,0.000E+00,-415.37E-03,0.000E+03,0.000E+03,Error,Error,50.024E+00,NAN,340.82E+00,-340.91E+00,153.54E-03,-146.20E-03,1.444E+00,Error,NAN,NAN,NAN,NAN,NAN,NAN,NAN,NAN,NAN,NAN,NAN
  185,  2026/04/21,09:30:49,0.00E+00,0.00E+00,0.00E+00,-5.9588E-03,0.00E+00,0.000E+00,0.000E+00,0.000E+00,206.94E-06,0.000E+00,-15.573E-06,0.000E+03,0.000E+03,Error,Error,Error,NAN,405.08E-03,-486.31E-03,34.951E-03,-31.064E-03,Error,Error,NAN,NAN,NAN,NAN,NAN,NAN,NAN,NAN,NAN,236.27E+00,236.70E+00,213.10E+00,219.38E-03,236.27E+00,0.000E+00,0.000E+00,0.000E+00,645.06E-06,0.000E+00,-1.7150E+00,0.000E+03,0.000E+03,Error,Error,50.026E+00,NAN,341.36E+00,-341.23E+00,158.62E-03,-146.20E-03,1.445E+00,Error,NAN,NAN,NAN,NAN,NAN,NAN,NAN,NAN,NAN,NAN,NAN
  186,  2026/04/21,09:30:51,4.0563E+00,0.00E+00,0.00E+00,3.9749E+00,0.00E+00,18.846E+00,20.556E+00,18.507E+00,18.507E+00,3.5588E+00,76.461E+00,76.444E+00,0.000E+03,1.0000E+00,0.00E+00,Error,NAN,4.6074E+00,-263.46E-03,19.951E+00,-25.986E-03,1.136E+00,1.059E+00,NAN,NAN,NAN,NAN,NAN,NAN,NAN,NAN,NAN,236.04E+00,236.49E+00,212.92E+00,219.21E-03,236.04E+00,560.79E-03,0.000E+00,0.000E+00,70.671E-03,556.32E-03,-112.16E+00,132.37E+00,-70.294E+00,-0.8473E+00,-147.92E+00,50.035E+00,NAN,341.01E+00,-340.62E+00,2.1450E+00,-1.0353E+00,1.445E+00,3.825E+00,NAN,NAN,NAN,NAN,NAN,NAN,NAN,NAN,NAN,NAN,NAN
  187,  2026/04/21,09:30:53,0.00E+00,0.00E+00,0.00E+00,-5.1469E-03,0.00E+00,0.000E+00,0.000E+00,0.000E+00,-962.49E-06,0.000E+00,413.94E-09,0.000E+03,0.000E+03,Error,Error,Error,NAN,436.92E-03,-518.15E-03,40.029E-03,-36.142E-03,Error,Error,NAN,NAN,NAN,NAN,NAN,NAN,NAN,NAN,NAN,236.10E+00,236.53E+00,212.95E+00,191.07E-03,236.10E+00,0.000E+00,0.000E+00,0.000E+00,-66.944E-06,0.000E+00,-550.40E-03,0.000E+03,0.000E+03,Error,Error,50.029E+00,NAN,340.47E+00,-340.46E+00,138.30E-03,-166.52E-03,1.442E+00,Error,NAN,NAN,NAN,NAN,NAN,NAN,NAN,NAN,NAN,NAN,NAN
  188,  2026/04/21,09:30:55,0.00E+00,0.00E+00,0.00E+00,-6.0912E-03,0.00E+00,0.000E+00,0.000E+00,0.000E+00,-1.1491E-03,0.000E+00,7.8464E-06,0.000E+03,0.000E+03,Error,Error,Error,NAN,436.92E-03,-486.31E-03,29.873E-03,-31.064E-03,Error,Error,NAN,NAN,NAN,NAN,NAN,NAN,NAN,NAN,NAN,236.42E+00,236.86E+00,213.25E+00,112.69E-03,236.42E+00,0.000E+00,0.000E+00,0.000E+00,-227.97E-06,0.000E+00,-509.06E-03,0.000E+03,0.000E+03,Error,Error,50.032E+00,NAN,341.14E+00,-341.13E+00,158.62E-03,-161.44E-03,1.443E+00,Error,NAN,NAN,NAN,NAN,NAN,NAN,NAN,NAN,NAN,NAN,NAN
  189,  2026/04/21,09:30:57,0.00E+00,0.00E+00,0.00E+00,-7.2624E-03,0.00E+00,0.000E+00,0.000E+00,0.000E+00,-921.72E-06,0.000E+00,-10.252E-06,0.000E+03,0.000E+03,Error,Error,Error,NAN,436.92E-03,-486.31E-03,29.873E-03,-41.220E-03,Error,Error,NAN,NAN,NAN,NAN,NAN,NAN,NAN,NAN,NAN,236.45E+00,236.91E+00,213.29E+00,63.170E-03,236.45E+00,0.000E+00,0.000E+00,0.000E+00,-370.33E-06,0.000E+00,-534.04E-03,0.000E+03,0.000E+03,Error,Error,50.031E+00,NAN,341.23E+00,-341.13E+00,148.46E-03,-156.36E-03,1.443E+00,Error,NAN,NAN,NAN,NAN,NAN,NAN,NAN,NAN,NAN,NAN,NAN
  190,  2026/04/21,09:30:59,0.00E+00,0.00E+00,0.00E+00,-3.5973E-03,0.00E+00,0.000E+00,0.000E+00,0.000E+00,-790.77E-06,0.000E+00,4.5650E-06,0.000E+03,0.000E+03,Error,Error,Error,NAN,500.59E-03,-518.15E-03,34.951E-03,-36.142E-03,Error,Error,NAN,NAN,NAN,NAN,NAN,NAN,NAN,NAN,NAN,236.46E+00,236.93E+00,213.31E+00,-3.6402E-03,236.46E+00,0.000E+00,0.000E+00,0.000E+00,-607.70E-06,0.000E+00,-735.89E-03,0.000E+03,0.000E+03,Error,Error,50.031E+00,NAN,341.71E+00,-341.80E+00,148.46E-03,-161.44E-03,1.445E+00,Error,NAN,NAN,NAN,NAN,NAN,NAN,NAN,NAN,NAN,NAN,NAN
  191,  2026/04/21,09:31:01,0.00E+00,0.00E+00,0.00E+00,-5.8339E-03,0.00E+00,0.000E+00,0.000E+00,0.000E+00,290.28E-06,0.000E+00,-5.2059E-06,0.000E+03,0.000E+03,Error,Error,Error,NAN,500.59E-03,-581.82E-03,34.951E-03,-31.064E-03,Error,Error,NAN,NAN,NAN,NAN,NAN,NAN,NAN,NAN,NAN,236.33E+00,236.71E+00,213.12E+00,-51.354E-03,236.33E+00,0.000E+00,0.000E+00,0.000E+00,638.77E-06,0.000E+00,-1.6974E+00,0.000E+03,0.000E+03,Error,Error,50.036E+00,NAN,341.52E+00,-341.48E+00,158.62E-03,-161.44E-03,1.445E+00,Error,NAN,NAN,NAN,NAN,NAN,NAN,NAN,NAN,NAN,NAN,NAN
  192,  2026/04/21,09:31:03,3.5819E+00,0.00E+00,0.00E+00,3.0548E+00,1.8704E+00,16.321E+00,15.554E+00,14.004E+00,14.002E+00,8.3867E+00,58.461E+00,58.461E+00,-204.92E-03,1.0000E+00,-0.20E+00,Error,NAN,4.6392E+00,-390.81E-03,19.702E+00,-31.064E-03,1.295E+00,1.207E+00,NAN,NAN,NAN,NAN,NAN,NAN,NAN,NAN,NAN,235.98E+00,236.37E+00,212.80E+00,-138.02E-03,235.98E+00,480.55E-03,0.000E+00,0.000E+00,-45.253E-03,478.42E-03,-81.522E+00,113.40E+00,-78.825E+00,-0.7189E+00,-135.96E+00,50.033E+00,NAN,341.52E+00,-341.32E+00,1.0477E+00,-1.8989E+00,1.447E+00,3.952E+00,NAN,NAN,NAN,NAN,NAN,NAN,NAN,NAN,NAN,NAN,NAN
  193,  2026/04/21,09:31:05,0.00E+00,0.00E+00,0.00E+00,-8.2733E-03,0.00E+00,0.000E+00,0.000E+00,0.000E+00,-1.1314E-03,0.000E+00,11.723E-06,0.000E+03,0.000E+03,Error,Error,Error,NAN,564.26E-03,-486.31E-03,34.951E-03,-36.142E-03,Error,Error,NAN,NAN,NAN,NAN,NAN,NAN,NAN,NAN,NAN,236.26E+00,236.65E+00,213.06E+00,-99.325E-03,236.26E+00,0.000E+00,0.000E+00,0.000E+00,588.08E-06,0.000E+00,-518.72E-03,0.000E+03,0.000E+03,Error,Error,50.039E+00,NAN,341.52E+00,-341.51E+00,163.70E-03,-151.28E-03,1.446E+00,Error,NAN,NAN,NAN,NAN,NAN,NAN,NAN,NAN,NAN,NAN,NAN
  194,  2026/04/21,09:31:07,0.00E+00,0.00E+00,0.00E+00,-6.9677E-03,0.00E+00,0.000E+00,0.000E+00,0.000E+00,-739.59E-06,0.000E+00,-3.7880E-06,0.000E+03,0.000E+03,Error,Error,Error,NAN,405.08E-03,-486.31E-03,34.951E-03,-31.064E-03,Error,Error,NAN,NAN,NAN,NAN,NAN,NAN,NAN,NAN,NAN,236.13E+00,236.51E+00,212.94E+00,-119.89E-03,236.13E+00,0.000E+00,0.000E+00,0.000E+00,372.38E-06,0.000E+00,-538.97E-03,0.000E+03,0.000E+03,Error,Error,50.030E+00,NAN,341.23E+00,-341.32E+00,178.94E-03,-156.36E-03,1.445E+00,Error,NAN,NAN,NAN,NAN,NAN,NAN,NAN,NAN,NAN,NAN,NAN
  195,  2026/04/21,09:31:09,0.00E+00,0.00E+00,0.00E+00,-9.2680E-03,0.00E+00,0.000E+00,0.000E+00,0.000E+00,-826.11E-06,0.000E+00,11.550E-06,0.000E+03,0.000E+03,Error,Error,Error,NAN,500.59E-03,-518.15E-03,34.951E-03,-36.142E-03,Error,Error,NAN,NAN,NAN,NAN,NAN,NAN,NAN,NAN,NAN,236.13E+00,236.51E+00,212.94E+00,-92.397E-03,236.13E+00,0.000E+00,0.000E+00,0.000E+00,-177.97E-06,0.000E+00,-517.20E-03,0.000E+03,0.000E+03,Error,Error,50.032E+00,NAN,340.88E+00,-340.97E+00,163.70E-03,-161.44E-03,1.444E+00,Error,NAN,NAN,NAN,NAN,NAN,NAN,NAN,NAN,NAN,NAN,NAN
  196,  2026/04/21,09:31:11,0.00E+00,0.00E+00,0.00E+00,-9.8134E-03,0.00E+00,0.000E+00,0.000E+00,0.000E+00,-910.69E-06,0.000E+00,12.473E-06,0.000E+03,0.000E+03,Error,Error,Error,NAN,564.26E-03,-422.64E-03,29.873E-03,-31.064E-03,Error,Error,NAN,NAN,NAN,NAN,NAN,NAN,NAN,NAN,NAN,236.06E+00,236.46E+00,212.89E+00,-51.669E-03,236.06E+00,0.000E+00,0.000E+00,0.000E+00,870.94E-06,0.000E+00,-1.1544E+00,0.000E+03,0.000E+03,Error,Error,50.037E+00,NAN,340.63E+00,-340.69E+00,158.62E-03,-151.28E-03,1.443E+00,Error,NAN,NAN,NAN,NAN,NAN,NAN,NAN,NAN,NAN,NAN,NAN
  197,  2026/04/21,09:31:13,0.00E+00,0.00E+00,0.00E+00,-11.602E-03,0.00E+00,0.000E+00,0.000E+00,0.000E+00,707.25E-06,0.000E+00,-1.0364E-06,0.000E+03,0.000E+03,Error,Error,Error,NAN,468.75E-03,-486.31E-03,34.951E-03,-31.064E-03,Error,Error,NAN,NAN,NAN,NAN,NAN,NAN,NAN,NAN,NAN,236.19E+00,236.64E+00,213.05E+00,8.1021E-03,236.19E+00,0.000E+00,0.000E+00,0.000E+00,644.85E-06,0.000E+00,-1.7304E+00,0.000E+03,0.000E+03,Error,Error,50.025E+00,NAN,340.98E+00,-341.16E+00,168.78E-03,-166.52E-03,1.444E+00,Error,NAN,NAN,NAN,NAN,NAN,NAN,NAN,NAN,NAN,NAN,NAN
  198,  2026/04/21,09:31:15,2.6634E+00,0.00E+00,0.00E+00,1.9008E+00,1.8656E+00,13.651E+00,10.963E+00,9.8703E+00,9.8664E+00,9.4341E+00,36.235E+00,36.358E+00,-2.9766E+00,0.9966E+00,-4.70E+00,Error,NAN,4.4482E+00,-454.48E-03,19.702E+00,-36.142E-03,1.670E+00,1.443E+00,NAN,NAN,NAN,NAN,NAN,NAN,NAN,NAN,NAN,236.16E+00,236.57E+00,212.98E+00,81.485E-03,236.16E+00,423.03E-03,0.000E+00,0.000E+00,41.984E-03,420.94E-03,-56.151E+00,99.902E+00,-82.628E+00,-0.5621E+00,-124.20E+00,50.033E+00,NAN,341.42E+00,-341.29E+00,1.9977E+00,-1.0251E+00,1.446E+00,4.722E+00,NAN,NAN,NAN,NAN,NAN,NAN,NAN,NAN,NAN,NAN,NAN
  199,  2026/04/21,09:31:17,0.00E+00,0.00E+00,0.00E+00,-8.0827E-03,0.00E+00,0.000E+00,0.000E+00,0.000E+00,-724.52E-06,0.000E+00,14.160E-06,0.000E+03,0.000E+03,Error,Error,Error,NAN,468.75E-03,-486.31E-03,34.951E-03,-36.142E-03,Error,Error,NAN,NAN,NAN,NAN,NAN,NAN,NAN,NAN,NAN,236.13E+00,236.49E+00,212.91E+00,133.01E-03,236.13E+00,0.000E+00,0.000E+00,0.000E+00,69.053E-06,0.000E+00,-223.51E-03,0.000E+03,0.000E+03,Error,Error,50.028E+00,NAN,340.98E+00,-341.01E+00,117.98E-03,-161.44E-03,1.444E+00,Error,NAN,NAN,NAN,NAN,NAN,NAN,NAN,NAN,NAN,NAN,NAN
  200,  2026/04/21,09:31:19,0.00E+00,0.00E+00,0.00E+00,-9.3249E-03,0.00E+00,0.000E+00,0.000E+00,0.000E+00,-878.99E-06,0.000E+00,6.7150E-06,0.000E+03,0.000E+03,Error,Error,Error,NAN,532.42E-03,-518.15E-03,29.873E-03,-36.142E-03,Error,Error,NAN,NAN,NAN,NAN,NAN,NAN,NAN,NAN,NAN,236.26E+00,236.65E+00,213.06E+00,148.46E-03,236.26E+00,0.000E+00,0.000E+00,0.000E+00,-410.94E-06,0.000E+00,-107.60E-03,0.000E+03,0.000E+03,Error,Error,50.033E+00,NAN,341.26E+00,-341.26E+00,67.174E-03,-151.28E-03,1.444E+00,Error,NAN,NAN,NAN,NAN,NAN,NAN,NAN,NAN,NAN,NAN,NAN
  201,  2026/04/21,09:31:21,0.00E+00,0.00E+00,0.00E+00,-9.5451E-03,0.00E+00,0.000E+00,0.000E+00,0.000E+00,-958.55E-06,0.000E+00,7.7483E-06,0.000E+03,0.000E+03,Error,Error,Error,NAN,405.08E-03,-486.31E-03,34.951E-03,-36.142E-03,Error,Error,NAN,NAN,NAN,NAN,NAN,NAN,NAN,NAN,NAN,236.20E+00,236.59E+00,213.01E+00,213.96E-03,236.20E+00,0.000E+00,0.000E+00,0.000E+00,60.923E-06,0.000E+00,-541.83E-03,0.000E+03,0.000E+03,Error,Error,50.027E+00,NAN,341.17E+00,-341.26E+00,163.70E-03,-151.28E-03,1.445E+00,Error,NAN,NAN,NAN,NAN,NAN,NAN,NAN,NAN,NAN,NAN,NAN
  202,  2026/04/21,09:31:23,0.00E+00,0.00E+00,0.00E+00,-13.054E-03,0.00E+00,0.000E+00,0.000E+00,0.000E+00,-637.89E-06,0.000E+00,13.528E-06,0.000E+03,0.000E+03,Error,Error,Error,NAN,500.59E-03,-486.31E-03,29.873E-03,-31.064E-03,Error,Error,NAN,NAN,NAN,NAN,NAN,NAN,NAN,NAN,NAN,236.19E+00,236.55E+00,212.97E+00,203.85E-03,236.19E+00,0.000E+00,0.000E+00,0.000E+00,349.86E-06,0.000E+00,-1.3578E+00,0.000E+03,0.000E+03,Error,Error,50.023E+00,NAN,340.92E+00,-341.04E+00,168.78E-03,-151.28E-03,1.444E+00,Error,NAN,NAN,NAN,NAN,NAN,NAN,NAN,NAN,NAN,NAN,NAN
  203,  2026/04/21,09:31:25,0.00E+00,0.00E+00,0.00E+00,-10.567E-03,0.00E+00,0.000E+00,0.000E+00,0.000E+00,2.4852E-03,0.000E+00,25.462E-06,0.000E+03,0.000E+03,Error,Error,Error,NAN,436.92E-03,-518.15E-03,40.029E-03,-31.064E-03,Error,Error,NAN,NAN,NAN,NAN,NAN,NAN,NAN,NAN,NAN,236.20E+00,236.58E+00,213.00E+00,176.73E-03,236.20E+00,0.000E+00,0.000E+00,0.000E+00,253.76E-06,0.000E+00,-1.7395E+00,0.000E+03,0.000E+03,Error,Error,50.027E+00,NAN,340.85E+00,-340.88E+00,168.78E-03,-166.52E-03,1.443E+00,Error,NAN,NAN,NAN,NAN,NAN,NAN,NAN,NAN,NAN,NAN,NAN
  204,  2026/04/21,09:31:27,0.00E+00,0.00E+00,0.00E+00,503.47E-03,0.00E+00,10.471E+00,6.5006E+00,5.8526E+00,5.8472E+00,8.6868E+00,9.6466E+00,0.000E+03,0.000E+03,Error,Error,Error,NAN,2.1879E+00,-486.31E-03,19.646E+00,-31.064E-03,Error,1.876E+00,NAN,NAN,NAN,NAN,NAN,NAN,NAN,NAN,NAN,236.06E+00,236.44E+00,212.87E+00,97.116E-03,236.06E+00,410.21E-03,0.000E+00,0.000E+00,-64.759E-03,405.07E-03,-37.623E+00,96.834E+00,-89.227E+00,-0.3885E+00,-112.86E+00,50.026E+00,NAN,340.95E+00,-340.75E+00,641.25E-03,-2.3663E+00,1.444E+00,5.769E+00,NAN,NAN,NAN,NAN,NAN,NAN,NAN,NAN,NAN,NAN,NAN
  205,  2026/04/21,09:31:29,0.00E+00,0.00E+00,0.00E+00,-9.3618E-03,0.00E+00,0.000E+00,0.000E+00,0.000E+00,-648.80E-06,0.000E+00,19.321E-06,0.000E+03,0.000E+03,Error,Error,Error,NAN,468.75E-03,-454.48E-03,34.951E-03,-36.142E-03,Error,Error,NAN,NAN,NAN,NAN,NAN,NAN,NAN,NAN,NAN,236.38E+00,236.80E+00,213.20E+00,98.051E-03,236.38E+00,0.000E+00,0.000E+00,0.000E+00,-306.21E-06,0.000E+00,-37.632E-03,0.000E+03,0.000E+03,Error,Error,50.026E+00,NAN,341.14E+00,-341.16E+00,72.254E-03,-69.995E-03,1.443E+00,Error,NAN,NAN,NAN,NAN,NAN,NAN,NAN,NAN,NAN,NAN,NAN
  206,  2026/04/21,09:31:31,0.00E+00,0.00E+00,0.00E+00,-8.9838E-03,0.00E+00,0.000E+00,0.000E+00,0.000E+00,-875.79E-06,0.000E+00,9.4087E-06,0.000E+03,0.000E+03,Error,Error,Error,NAN,468.75E-03,-549.98E-03,40.029E-03,-36.142E-03,Error,Error,NAN,NAN,NAN,NAN,NAN,NAN,NAN,NAN,NAN,236.35E+00,236.79E+00,213.18E+00,48.356E-03,236.35E+00,0.000E+00,0.000E+00,0.000E+00,-363.80E-06,0.000E+00,8.3082E-03,0.000E+03,0.000E+03,Error,Error,50.023E+00,NAN,341.01E+00,-340.94E+00,67.174E-03,-75.075E-03,1.443E+00,Error,NAN,NAN,NAN,NAN,NAN,NAN,NAN,NAN,NAN,NAN,NAN
  207,  2026/04/21,09:31:33,0.00E+00,0.00E+00,0.00E+00,-9.2483E-03,0.00E+00,0.000E+00,0.000E+00,0.000E+00,-323.80E-06,0.000E+00,11.796E-06,0.000E+03,0.000E+03,Error,Error,Error,NAN,500.59E-03,-454.48E-03,34.951E-03,-36.142E-03,Error,Error,NAN,NAN,NAN,NAN,NAN,NAN,NAN,NAN,NAN,236.42E+00,236.86E+00,213.25E+00,-19.029E-03,236.42E+00,0.000E+00,0.000E+00,0.000E+00,138.59E-06,0.000E+00,-367.40E-03,0.000E+03,0.000E+03,Error,Error,50.021E+00,NAN,341.01E+00,-341.04E+00,158.62E-03,-161.44E-03,1.443E+00,Error,NAN,NAN,NAN,NAN,NAN,NAN,NAN,NAN,NAN,NAN,NAN
  208,  2026/04/21,09:31:35,0.00E+00,0.00E+00,0.00E+00,-9.3986E-03,0.00E+00,0.000E+00,0.000E+00,0.000E+00,-720.37E-06,0.000E+00,6.0825E-06,0.000E+03,0.000E+03,Error,Error,Error,NAN,500.59E-03,-486.31E-03,40.029E-03,-31.064E-03,Error,Error,NAN,NAN,NAN,NAN,NAN,NAN,NAN,NAN,NAN,236.23E+00,236.64E+00,213.05E+00,-68.528E-03,236.23E+00,0.000E+00,0.000E+00,0.000E+00,750.14E-06,0.000E+00,-1.6528E+00,0.000E+03,0.000E+03,Error,Error,50.025E+00,NAN,340.57E+00,-340.59E+00,158.62E-03,-171.60E-03,1.442E+00,Error,NAN,NAN,NAN,NAN,NAN,NAN,NAN,NAN,NAN,NAN,NAN
  209,  2026/04/21,09:31:37,0.00E+00,0.00E+00,0.00E+00,48.461E-03,0.00E+00,2.9526E+00,0.000E+00,0.000E+00,537.59E-03,2.9032E+00,1.0473E+00,0.000E+03,0.000E+03,Error,Error,Error,NAN,2.6972E+00,-454.48E-03,20.022E+00,-31.064E-03,Error,6.781E+00,NAN,NAN,NAN,NAN,NAN,NAN,NAN,NAN,NAN,236.36E+00,236.76E+00,213.16E+00,-131.51E-03,236.36E+00,0.000E+00,0.000E+00,0.000E+00,-7.2683E-03,0.000E+00,-3.6959E+00,0.000E+03,0.000E+03,Error,Error,50.020E+00,NAN,340.98E+00,-340.88E+00,168.78E-03,-710.12E-03,1.443E+00,Error,NAN,NAN,NAN,NAN,NAN,NAN,NAN,NAN,NAN,NAN,NAN
  210,  2026/04/21,09:31:39,0.00E+00,0.00E+00,0.00E+00,156.89E-03,0.00E+00,5.9959E+00,2.2373E+00,2.0143E+00,2.0073E+00,5.6499E+00,3.1771E+00,0.000E+03,0.000E+03,Error,Error,Error,NAN,2.3152E+00,-486.31E-03,19.514E+00,-36.142E-03,Error,3.255E+00,NAN,NAN,NAN,NAN,NAN,NAN,NAN,NAN,NAN,236.44E+00,236.83E+00,213.22E+00,-149.25E-03,236.44E+00,0.000E+00,0.000E+00,0.000E+00,79.034E-06,0.000E+00,-102.54E-03,0.000E+03,0.000E+03,Error,Error,50.022E+00,NAN,341.04E+00,-341.07E+00,67.174E-03,-329.09E-03,1.443E+00,Error,NAN,NAN,NAN,NAN,NAN,NAN,NAN,NAN,NAN,NAN,NAN
  211,  2026/04/21,09:31:41,0.00E+00,0.00E+00,0.00E+00,-5.4399E-03,0.00E+00,0.000E+00,0.000E+00,0.000E+00,-292.48E-06,0.000E+00,23.229E-06,0.000E+03,0.000E+03,Error,Error,Error,NAN,500.59E-03,-518.15E-03,29.873E-03,-36.142E-03,Error,Error,NAN,NAN,NAN,NAN,NAN,NAN,NAN,NAN,NAN,236.41E+00,236.81E+00,213.21E+00,-153.96E-03,236.41E+00,0.000E+00,0.000E+00,0.000E+00,535.21E-06,0.000E+00,15.461E-03,0.000E+03,0.000E+03,Error,Error,50.030E+00,NAN,341.14E+00,-341.16E+00,67.174E-03,-64.914E-03,1.443E+00,Error,NAN,NAN,NAN,NAN,NAN,NAN,NAN,NAN,NAN,NAN,NAN
  212,  2026/04/21,09:31:43,0.00E+00,0.00E+00,0.00E+00,-5.1510E-03,0.00E+00,0.000E+00,0.000E+00,0.000E+00,-752.89E-06,0.000E+00,264.75E-09,0.000E+03,0.000E+03,Error,Error,Error,NAN,468.75E-03,-518.15E-03,34.951E-03,-31.064E-03,Error,Error,NAN,NAN,NAN,NAN,NAN,NAN,NAN,NAN,NAN,236.27E+00,236.67E+00,213.07E+00,-184.54E-03,236.27E+00,0.000E+00,0.000E+00,0.000E+00,479.61E-06,0.000E+00,16.113E-03,0.000E+03,0.000E+03,Error,Error,50.028E+00,NAN,341.01E+00,-340.94E+00,67.174E-03,-69.995E-03,1.443E+00,Error,NAN,NAN,NAN,NAN,NAN,NAN,NAN,NAN,NAN,NAN,NAN
  213,  2026/04/21,09:31:45,0.00E+00,0.00E+00,0.00E+00,-9.6196E-03,0.00E+00,0.000E+00,0.000E+00,0.000E+00,-461.87E-06,0.000E+00,7.1858E-06,0.000E+03,0.000E+03,Error,Error,Error,NAN,468.75E-03,-518.15E-03,29.873E-03,-31.064E-03,Error,Error,NAN,NAN,NAN,NAN,NAN,NAN,NAN,NAN,NAN,236.29E+00,236.70E+00,213.11E+00,-194.80E-03,236.29E+00,0.000E+00,0.000E+00,0.000E+00,172.54E-06,0.000E+00,7.7878E-03,0.000E+03,0.000E+03,Error,Error,50.023E+00,NAN,340.98E+00,-341.01E+00,67.174E-03,-64.914E-03,1.443E+00,Error,NAN,NAN,NAN,NAN,NAN,NAN,NAN,NAN,NAN,NAN,NAN
  214,  2026/04/21,09:31:47,0.00E+00,0.00E+00,0.00E+00,-8.0943E-03,0.00E+00,0.000E+00,0.000E+00,0.000E+00,16.633E-06,0.000E+00,2.1192E-06,0.000E+03,0.000E+03,Error,Error,Error,NAN,468.75E-03,-486.31E-03,29.873E-03,-31.064E-03,Error,Error,NAN,NAN,NAN,NAN,NAN,NAN,NAN,NAN,NAN,236.45E+00,236.88E+00,213.27E+00,-110.53E-03,236.45E+00,0.000E+00,0.000E+00,0.000E+00,482.83E-06,0.000E+00,-1.6454E+00,0.000E+03,0.000E+03,Error,Error,50.032E+00,NAN,340.88E+00,-340.88E+00,168.78E-03,-166.52E-03,1.442E+00,Error,NAN,NAN,NAN,NAN,NAN,NAN,NAN,NAN,NAN,NAN,NAN
  215,  2026/04/21,09:31:49,0.00E+00,0.00E+00,0.00E+00,600.32E-03,0.00E+00,9.4120E+00,5.0330E+00,4.5313E+00,4.5285E+00,8.2510E+00,11.835E+00,0.000E+03,0.000E+03,Error,Error,Error,NAN,3.0793E+00,-454.48E-03,20.357E+00,-31.064E-03,Error,2.163E+00,NAN,NAN,NAN,NAN,NAN,NAN,NAN,NAN,NAN,236.40E+00,236.87E+00,213.25E+00,-36.915E-03,236.40E+00,242.64E-03,0.000E+00,0.000E+00,5.4805E-03,242.58E-03,-26.768E+00,57.360E+00,-50.731E+00,-0.4667E+00,-117.82E+00,50.037E+00,NAN,341.01E+00,-341.23E+00,1.0731E+00,-1.0708E+00,1.443E+00,4.422E+00,NAN,NAN,NAN,NAN,NAN,NAN,NAN,NAN,NAN,NAN,NAN
  216,  2026/04/21,09:31:51,0.00E+00,0.00E+00,0.00E+00,-7.2330E-03,0.00E+00,0.000E+00,0.000E+00,0.000E+00,-813.85E-06,0.000E+00,4.4320E-06,0.000E+03,0.000E+03,Error,Error,Error,NAN,436.92E-03,-518.15E-03,34.951E-03,-36.142E-03,Error,Error,NAN,NAN,NAN,NAN,NAN,NAN,NAN,NAN,NAN,236.44E+00,236.91E+00,213.29E+00,-15.401E-03,236.44E+00,0.000E+00,0.000E+00,0.000E+00,429.88E-06,0.000E+00,49.266E-03,0.000E+03,0.000E+03,Error,Error,50.029E+00,NAN,340.95E+00,-340.94E+00,77.335E-03,-69.995E-03,1.442E+00,Error,NAN,NAN,NAN,NAN,NAN,NAN,NAN,NAN,NAN,NAN,NAN
  217,  2026/04/21,09:31:53,0.00E+00,0.00E+00,0.00E+00,-8.5401E-03,0.00E+00,0.000E+00,0.000E+00,0.000E+00,-613.57E-06,0.000E+00,-401.32E-09,0.000E+03,0.000E+03,Error,Error,Error,NAN,436.92E-03,-486.31E-03,29.873E-03,-36.142E-03,Error,Error,NAN,NAN,NAN,NAN,NAN,NAN,NAN,NAN,NAN,236.47E+00,236.91E+00,213.29E+00,45.328E-03,236.47E+00,0.000E+00,0.000E+00,0.000E+00,671.21E-06,0.000E+00,16.559E-03,0.000E+03,0.000E+03,Error,Error,50.028E+00,NAN,340.92E+00,-340.85E+00,72.254E-03,-69.995E-03,1.442E+00,Error,NAN,NAN,NAN,NAN,NAN,NAN,NAN,NAN,NAN,NAN,NAN
  218,  2026/04/21,09:31:55,0.00E+00,0.00E+00,0.00E+00,-10.775E-03,0.00E+00,0.000E+00,0.000E+00,0.000E+00,-973.52E-06,0.000E+00,-9.1137E-06,0.000E+03,0.000E+03,Error,Error,Error,NAN,500.59E-03,-486.31E-03,29.873E-03,-41.220E-03,Error,Error,NAN,NAN,NAN,NAN,NAN,NAN,NAN,NAN,NAN,236.52E+00,236.92E+00,213.30E+00,71.264E-03,236.52E+00,0.000E+00,0.000E+00,0.000E+00,883.72E-06,0.000E+00,20.110E-03,0.000E+03,0.000E+03,Error,Error,50.032E+00,NAN,340.95E+00,-340.97E+00,77.335E-03,-69.995E-03,1.442E+00,Error,NAN,NAN,NAN,NAN,NAN,NAN,NAN,NAN,NAN,NAN,NAN
  219,  2026/04/21,09:31:57,0.00E+00,0.00E+00,0.00E+00,-6.0859E-03,0.00E+00,0.000E+00,0.000E+00,0.000E+00,-1.0363E-03,0.000E+00,8.8344E-06,0.000E+03,0.000E+03,Error,Error,Error,NAN,436.92E-03,-486.31E-03,29.873E-03,-36.142E-03,Error,Error,NAN,NAN,NAN,NAN,NAN,NAN,NAN,NAN,NAN,236.23E+00,236.65E+00,213.06E+00,184.20E-03,236.23E+00,0.000E+00,0.000E+00,0.000E+00,690.68E-06,0.000E+00,-8.7334E-03,0.000E+03,0.000E+03,Error,Error,50.024E+00,NAN,340.76E+00,-340.66E+00,72.254E-03,-64.914E-03,1.442E+00,Error,NAN,NAN,NAN,NAN,NAN,NAN,NAN,NAN,NAN,NAN,NAN
  220,  2026/04/21,09:31:59,0.00E+00,0.00E+00,0.00E+00,-5.4020E-03,0.00E+00,0.000E+00,0.000E+00,0.000E+00,-471.71E-06,0.000E+00,-11.704E-06,0.000E+03,0.000E+03,Error,Error,Error,NAN,500.59E-03,-422.64E-03,34.951E-03,-31.064E-03,Error,Error,NAN,NAN,NAN,NAN,NAN,NAN,NAN,NAN,NAN,235.98E+00,236.44E+00,212.87E+00,227.94E-03,235.98E+00,0.000E+00,0.000E+00,0.000E+00,1.0118E-03,0.000E+00,-1.6295E+00,0.000E+03,0.000E+03,Error,Error,50.020E+00,NAN,340.15E+00,-340.34E+00,173.86E-03,-161.44E-03,1.442E+00,Error,NAN,NAN,NAN,NAN,NAN,NAN,NAN,NAN,NAN,NAN,NAN
  221,  2026/04/21,09:32:01,1.7110E+00,0.00E+00,0.00E+00,1.1094E+00,0.00E+00,12.681E+00,9.2292E+00,8.3092E+00,8.3076E+00,9.5813E+00,21.666E+00,21.698E+00,-1.1794E+00,0.9985E+00,-3.12E+00,Error,NAN,3.1111E+00,-454.48E-03,20.119E+00,-25.986E-03,1.818E+00,1.586E+00,NAN,NAN,NAN,NAN,NAN,NAN,NAN,NAN,NAN,236.00E+00,236.46E+00,212.89E+00,249.14E-03,236.00E+00,351.80E-03,0.000E+00,0.000E+00,11.794E-03,351.60E-03,-53.726E+00,83.026E+00,-63.299E+00,-0.6471E+00,-130.32E+00,50.025E+00,NAN,340.44E+00,-340.53E+00,996.87E-03,-1.0708E+00,1.443E+00,3.044E+00,NAN,NAN,NAN,NAN,NAN,NAN,NAN,NAN,NAN,NAN,NAN
  222,  2026/04/21,09:32:03,0.00E+00,0.00E+00,0.00E+00,-10.093E-03,0.00E+00,0.000E+00,0.000E+00,0.000E+00,-881.58E-06,0.000E+00,15.089E-06,0.000E+03,0.000E+03,Error,Error,Error,NAN,436.92E-03,-486.31E-03,34.951E-03,-36.142E-03,Error,Error,NAN,NAN,NAN,NAN,NAN,NAN,NAN,NAN,NAN,236.21E+00,236.66E+00,213.07E+00,138.25E-03,236.21E+00,0.000E+00,0.000E+00,0.000E+00,757.38E-06,0.000E+00,-332.47E-03,0.000E+03,0.000E+03,Error,Error,50.041E+00,NAN,340.92E+00,-340.97E+00,153.54E-03,-161.44E-03,1.444E+00,Error,NAN,NAN,NAN,NAN,NAN,NAN,NAN,NAN,NAN,NAN,NAN
  223,  2026/04/21,09:32:05,0.00E+00,0.00E+00,0.00E+00,-12.981E-03,0.00E+00,0.000E+00,0.000E+00,0.000E+00,-1.2614E-03,0.000E+00,20.765E-06,0.000E+03,0.000E+03,Error,Error,Error,NAN,500.59E-03,-454.48E-03,34.951E-03,-36.142E-03,Error,Error,NAN,NAN,NAN,NAN,NAN,NAN,NAN,NAN,NAN,236.09E+00,236.53E+00,212.95E+00,155.03E-03,236.09E+00,0.000E+00,0.000E+00,0.000E+00,-140.57E-06,0.000E+00,-68.044E-03,0.000E+03,0.000E+03,Error,Error,50.024E+00,NAN,340.57E+00,-340.46E+00,72.254E-03,-141.12E-03,1.443E+00,Error,NAN,NAN,NAN,NAN,NAN,NAN,NAN,NAN,NAN,NAN,NAN
  224,  2026/04/21,09:32:07,0.00E+00,0.00E+00,0.00E+00,-13.763E-03,0.00E+00,0.000E+00,0.000E+00,0.000E+00,-838.63E-06,0.000E+00,33.883E-06,0.000E+03,0.000E+03,Error,Error,Error,NAN,436.92E-03,-454.48E-03,29.873E-03,-36.142E-03,Error,Error,NAN,NAN,NAN,NAN,NAN,NAN,NAN,NAN,NAN,236.16E+00,236.63E+00,213.04E+00,100.92E-03,236.16E+00,0.000E+00,0.000E+00,0.000E+00,483.39E-06,0.000E+00,3.3731E-03,0.000E+03,0.000E+03,Error,Error,50.034E+00,NAN,340.50E+00,-340.46E+00,72.254E-03,-64.914E-03,1.442E+00,Error,NAN,NAN,NAN,NAN,NAN,NAN,NAN,NAN,NAN,NAN,NAN
  225,  2026/04/21,09:32:09,0.00E+00,0.00E+00,0.00E+00,-11.359E-03,0.00E+00,0.000E+00,0.000E+00,0.000E+00,-826.80E-06,0.000E+00,-10.042E-06,0.000E+03,0.000E+03,Error,Error,Error,NAN,532.42E-03,-454.48E-03,29.873E-03,-36.142E-03,Error,Error,NAN,NAN,NAN,NAN,NAN,NAN,NAN,NAN,NAN,236.25E+00,236.75E+00,213.15E+00,47.179E-03,236.25E+00,0.000E+00,0.000E+00,0.000E+00,416.92E-06,0.000E+00,-18.296E-03,0.000E+03,0.000E+03,Error,Error,50.023E+00,NAN,340.60E+00,-340.72E+00,67.174E-03,-69.995E-03,1.442E+00,Error,NAN,NAN,NAN,NAN,NAN,NAN,NAN,NAN,NAN,NAN,NAN
  226,  2026/04/21,09:32:11,0.00E+00,0.00E+00,0.00E+00,-10.805E-03,0.00E+00,0.000E+00,0.000E+00,0.000E+00,-498.05E-06,0.000E+00,6.2424E-06,0.000E+03,0.000E+03,Error,Error,Error,NAN,468.75E-03,-486.31E-03,34.951E-03,-36.142E-03,Error,Error,NAN,NAN,NAN,NAN,NAN,NAN,NAN,NAN,NAN,236.16E+00,236.68E+00,213.09E+00,-13.780E-03,236.16E+00,0.000E+00,0.000E+00,0.000E+00,938.33E-06,0.000E+00,-1.6854E+00,0.000E+03,0.000E+03,Error,Error,50.030E+00,NAN,340.47E+00,-340.46E+00,168.78E-03,-171.60E-03,1.442E+00,Error,NAN,NAN,NAN,NAN,NAN,NAN,NAN,NAN,NAN,NAN,NAN
  227,  2026/04/21,09:32:13,2.3182E+00,0.00E+00,0.00E+00,1.8128E+00,0.00E+00,15.548E+00,13.576E+00,12.223E+00,12.222E+00,9.6107E+00,36.017E+00,36.043E+00,-1.3639E+00,0.9993E+00,-2.17E+00,Error,NAN,3.3658E+00,-454.48E-03,20.500E+00,-25.986E-03,1.452E+00,1.318E+00,NAN,NAN,NAN,NAN,NAN,NAN,NAN,NAN,NAN,235.92E+00,236.44E+00,212.87E+00,-98.592E-03,235.92E+00,415.67E-03,0.000E+00,0.000E+00,4.8489E-03,415.64E-03,-74.126E+00,98.065E+00,-64.204E+00,-0.7559E+00,-139.10E+00,50.022E+00,NAN,341.20E+00,-341.13E+00,1.0883E+00,-1.1572E+00,1.446E+00,2.784E+00,NAN,NAN,NAN,NAN,NAN,NAN,NAN,NAN,NAN,NAN,NAN
  228,  2026/04/21,09:32:15,0.00E+00,0.00E+00,0.00E+00,-11.275E-03,0.00E+00,0.000E+00,0.000E+00,0.000E+00,-1.2383E-03,0.000E+00,11.832E-06,0.000E+03,0.000E+03,Error,Error,Error,NAN,436.92E-03,-486.31E-03,29.873E-03,-36.142E-03,Error,Error,NAN,NAN,NAN,NAN,NAN,NAN,NAN,NAN,NAN,236.02E+00,236.53E+00,212.95E+00,-120.37E-03,236.02E+00,0.000E+00,0.000E+00,0.000E+00,-16.608E-06,0.000E+00,-536.67E-03,0.000E+03,0.000E+03,Error,Error,50.024E+00,NAN,341.87E+00,-341.86E+00,153.54E-03,-181.76E-03,1.448E+00,Error,NAN,NAN,NAN,NAN,NAN,NAN,NAN,NAN,NAN,NAN,NAN
  229,  2026/04/21,09:32:17,0.00E+00,0.00E+00,0.00E+00,-12.188E-03,0.00E+00,0.000E+00,0.000E+00,0.000E+00,-1.1898E-03,0.000E+00,23.052E-06,0.000E+03,0.000E+03,Error,Error,Error,NAN,436.92E-03,-486.31E-03,34.951E-03,-36.142E-03,Error,Error,NAN,NAN,NAN,NAN,NAN,NAN,NAN,NAN,NAN,236.03E+00,236.53E+00,212.95E+00,-152.14E-03,236.03E+00,0.000E+00,0.000E+00,0.000E+00,36.288E-06,0.000E+00,-568.39E-03,0.000E+03,0.000E+03,Error,Error,50.025E+00,NAN,342.09E+00,-342.12E+00,153.54E-03,-161.44E-03,1.449E+00,Error,NAN,NAN,NAN,NAN,NAN,NAN,NAN,NAN,NAN,NAN,NAN
  230,  2026/04/21,09:32:19,0.00E+00,0.00E+00,0.00E+00,-11.043E-03,0.00E+00,0.000E+00,0.000E+00,0.000E+00,-951.62E-06,0.000E+00,-4.4610E-06,0.000E+03,0.000E+03,Error,Error,Error,NAN,468.75E-03,-486.31E-03,34.951E-03,-31.064E-03,Error,Error,NAN,NAN,NAN,NAN,NAN,NAN,NAN,NAN,NAN,235.75E+00,236.22E+00,212.67E+00,-168.56E-03,235.75E+00,0.000E+00,0.000E+00,0.000E+00,620.30E-06,0.000E+00,-271.16E-03,0.000E+03,0.000E+03,Error,Error,50.023E+00,NAN,342.06E+00,-342.12E+00,163.70E-03,-146.20E-03,1.451E+00,Error,NAN,NAN,NAN,NAN,NAN,NAN,NAN,NAN,NAN,NAN,NAN
  231,  2026/04/21,09:32:21,0.00E+00,0.00E+00,0.00E+00,-8.6662E-03,0.00E+00,0.000E+00,0.000E+00,0.000E+00,-670.28E-06,0.000E+00,3.9000E-06,0.000E+03,0.000E+03,Error,Error,Error,NAN,532.42E-03,-454.48E-03,29.873E-03,-36.142E-03,Error,Error,NAN,NAN,NAN,NAN,NAN,NAN,NAN,NAN,NAN,235.84E+00,236.30E+00,212.74E+00,-106.22E-03,235.84E+00,0.000E+00,0.000E+00,0.000E+00,651.82E-06,0.000E+00,-130.70E-03,0.000E+03,0.000E+03,Error,Error,50.036E+00,NAN,342.57E+00,-342.47E+00,148.46E-03,-64.914E-03,1.453E+00,Error,NAN,NAN,NAN,NAN,NAN,NAN,NAN,NAN,NAN,NAN,NAN
  232,  2026/04/21,09:32:23,0.00E+00,0.00E+00,0.00E+00,-10.017E-03,0.00E+00,0.000E+00,0.000E+00,0.000E+00,-199.14E-06,0.000E+00,-1.6714E-06,0.000E+03,0.000E+03,Error,Error,Error,NAN,500.59E-03,-518.15E-03,34.951E-03,-36.142E-03,Error,Error,NAN,NAN,NAN,NAN,NAN,NAN,NAN,NAN,NAN,235.52E+00,235.99E+00,212.46E+00,-98.295E-03,235.52E+00,0.000E+00,0.000E+00,0.000E+00,422.85E-06,0.000E+00,-1.6574E+00,0.000E+03,0.000E+03,Error,Error,50.030E+00,NAN,341.87E+00,-341.74E+00,158.62E-03,-161.44E-03,1.452E+00,Error,NAN,NAN,NAN,NAN,NAN,NAN,NAN,NAN,NAN,NAN,NAN
  233,  2026/04/21,09:32:25,2.6179E+00,0.00E+00,0.00E+00,2.3722E+00,0.00E+00,17.838E+00,17.984E+00,16.191E+00,16.191E+00,7.4865E+00,46.656E+00,46.698E+00,-1.9928E+00,0.9991E+00,-2.45E+00,Error,NAN,3.3976E+00,-358.97E-03,20.428E+00,-15.830E-03,1.298E+00,1.145E+00,NAN,NAN,NAN,NAN,NAN,NAN,NAN,NAN,NAN,235.54E+00,236.07E+00,212.54E+00,-27.951E-03,235.54E+00,579.96E-03,0.000E+00,0.000E+00,63.677E-03,576.45E-03,-109.49E+00,136.60E+00,-81.680E+00,-0.8015E+00,-143.28E+00,50.028E+00,NAN,342.28E+00,-342.31E+00,2.3990E+00,-1.1115E+00,1.453E+00,4.137E+00,NAN,NAN,NAN,NAN,NAN,NAN,NAN,NAN,NAN,NAN,NAN
  234,  2026/04/21,09:32:27,0.00E+00,0.00E+00,0.00E+00,-14.168E-03,0.00E+00,0.000E+00,0.000E+00,0.000E+00,-350.11E-06,0.000E+00,15.322E-06,0.000E+03,0.000E+03,Error,Error,Error,NAN,468.75E-03,-518.15E-03,29.873E-03,-36.142E-03,Error,Error,NAN,NAN,NAN,NAN,NAN,NAN,NAN,NAN,NAN,235.92E+00,236.44E+00,212.88E+00,12.477E-03,235.92E+00,0.000E+00,0.000E+00,0.000E+00,209.96E-06,0.000E+00,-495.22E-03,0.000E+03,0.000E+03,Error,Error,50.045E+00,NAN,342.12E+00,-342.37E+00,168.78E-03,-146.20E-03,1.451E+00,Error,NAN,NAN,NAN,NAN,NAN,NAN,NAN,NAN,NAN,NAN,NAN
  235,  2026/04/21,09:32:29,0.00E+00,0.00E+00,0.00E+00,-11.083E-03,0.00E+00,0.000E+00,0.000E+00,0.000E+00,-643.46E-06,0.000E+00,13.822E-06,0.000E+03,0.000E+03,Error,Error,Error,NAN,468.75E-03,-549.98E-03,34.951E-03,-36.142E-03,Error,Error,NAN,NAN,NAN,NAN,NAN,NAN,NAN,NAN,NAN,235.72E+00,236.22E+00,212.67E+00,83.165E-03,235.72E+00,0.000E+00,0.000E+00,0.000E+00,655.57E-06,0.000E+00,-548.78E-03,0.000E+03,0.000E+03,Error,Error,50.031E+00,NAN,342.06E+00,-342.28E+00,168.78E-03,-141.12E-03,1.452E+00,Error,NAN,NAN,NAN,NAN,NAN,NAN,NAN,NAN,NAN,NAN,NAN
  236,  2026/04/21,09:32:31,0.00E+00,0.00E+00,0.00E+00,-11.479E-03,0.00E+00,0.000E+00,0.000E+00,0.000E+00,-459.14E-06,0.000E+00,12.051E-06,0.000E+03,0.000E+03,Error,Error,Error,NAN,468.75E-03,-486.31E-03,29.873E-03,-36.142E-03,Error,Error,NAN,NAN,NAN,NAN,NAN,NAN,NAN,NAN,NAN,235.86E+00,236.33E+00,212.77E+00,122.02E-03,235.86E+00,0.000E+00,0.000E+00,0.000E+00,407.35E-06,0.000E+00,-541.98E-03,0.000E+03,0.000E+03,Error,Error,50.034E+00,NAN,342.54E+00,-342.47E+00,173.86E-03,-151.28E-03,1.452E+00,Error,NAN,NAN,NAN,NAN,NAN,NAN,NAN,NAN,NAN,NAN,NAN
  237,  2026/04/21,09:32:33,0.00E+00,0.00E+00,0.00E+00,-8.6290E-03,0.00E+00,0.000E+00,0.000E+00,0.000E+00,-324.81E-06,0.000E+00,-6.4171E-06,0.000E+03,0.000E+03,Error,Error,Error,NAN,532.42E-03,-454.48E-03,29.873E-03,-36.142E-03,Error,Error,NAN,NAN,NAN,NAN,NAN,NAN,NAN,NAN,NAN,235.83E+00,236.28E+00,212.73E+00,94.065E-03,235.83E+00,0.000E+00,0.000E+00,0.000E+00,571.41E-06,0.000E+00,-487.53E-03,0.000E+03,0.000E+03,Error,Error,50.035E+00,NAN,342.41E+00,-342.44E+00,168.78E-03,-171.60E-03,1.452E+00,Error,NAN,NAN,NAN,NAN,NAN,NAN,NAN,NAN,NAN,NAN,NAN
  238,  2026/04/21,09:32:35,0.00E+00,0.00E+00,0.00E+00,-10.570E-03,0.00E+00,0.000E+00,0.000E+00,0.000E+00,-41.546E-06,0.000E+00,39.801E-06,0.000E+03,0.000E+03,Error,Error,Error,NAN,436.92E-03,-486.31E-03,29.873E-03,-31.064E-03,Error,Error,NAN,NAN,NAN,NAN,NAN,NAN,NAN,NAN,NAN,236.05E+00,236.49E+00,212.92E+00,35.260E-03,236.05E+00,0.000E+00,0.000E+00,0.000E+00,402.30E-06,0.000E+00,-1.6691E+00,0.000E+03,0.000E+03,Error,Error,50.051E+00,NAN,342.82E+00,-342.88E+00,178.94E-03,-171.60E-03,1.453E+00,Error,NAN,NAN,NAN,NAN,NAN,NAN,NAN,NAN,NAN,NAN,NAN
  239,  2026/04/21,09:32:37,2.6051E+00,0.00E+00,0.00E+00,2.5527E+00,0.00E+00,19.365E+00,21.092E+00,18.989E+00,18.989E+00,3.7988E+00,50.480E+00,50.449E+00,0.000E+03,1.0000E+00,0.00E+00,Error,NAN,3.1748E+00,-231.63E-03,20.748E+00,-31.064E-03,1.219E+00,1.071E+00,NAN,NAN,NAN,NAN,NAN,NAN,NAN,NAN,NAN,235.62E+00,236.12E+00,212.58E+00,18.082E-03,235.62E+00,603.47E-03,0.000E+00,0.000E+00,-53.345E-03,601.11E-03,-115.55E+00,142.19E+00,-82.863E+00,-0.8127E+00,-144.36E+00,50.047E+00,NAN,342.57E+00,-342.56E+00,1.1036E+00,-2.4882E+00,1.454E+00,4.123E+00,NAN,NAN,NAN,NAN,NAN,NAN,NAN,NAN,NAN,NAN,NAN
  240,  2026/04/21,09:32:39,0.00E+00,0.00E+00,0.00E+00,-8.4778E-03,0.00E+00,0.000E+00,0.000E+00,0.000E+00,-914.77E-06,0.000E+00,11.245E-06,0.000E+03,0.000E+03,Error,Error,Error,NAN,373.25E-03,-327.14E-03,34.951E-03,-36.142E-03,Error,Error,NAN,NAN,NAN,NAN,NAN,NAN,NAN,NAN,NAN,236.02E+00,236.50E+00,212.93E+00,21.949E-03,236.02E+00,0.000E+00,0.000E+00,0.000E+00,836.17E-06,0.000E+00,-539.11E-03,0.000E+03,0.000E+03,Error,Error,50.044E+00,NAN,343.08E+00,-343.07E+00,178.94E-03,-166.52E-03,1.454E+00,Error,NAN,NAN,NAN,NAN,NAN,NAN,NAN,NAN,NAN,NAN,NAN
  241,  2026/04/21,09:32:41,0.00E+00,0.00E+00,0.00E+00,-10.961E-03,0.00E+00,0.000E+00,0.000E+00,0.000E+00,-1.1089E-03,0.000E+00,-1.9319E-06,0.000E+03,0.000E+03,Error,Error,Error,NAN,341.41E-03,-390.81E-03,34.951E-03,-31.064E-03,Error,Error,NAN,NAN,NAN,NAN,NAN,NAN,NAN,NAN,NAN,236.16E+00,236.61E+00,213.02E+00,44.135E-03,236.16E+00,0.000E+00,0.000E+00,0.000E+00,322.29E-06,0.000E+00,-538.60E-03,0.000E+03,0.000E+03,Error,Error,50.059E+00,NAN,342.98E+00,-343.01E+00,158.62E-03,-166.52E-03,1.452E+00,Error,NAN,NAN,NAN,NAN,NAN,NAN,NAN,NAN,NAN,NAN,NAN
  242,  2026/04/21,09:32:43,0.00E+00,0.00E+00,0.00E+00,-12.714E-03,0.00E+00,0.000E+00,0.000E+00,0.000E+00,-794.44E-06,0.000E+00,12.261E-06,0.000E+03,0.000E+03,Error,Error,Error,NAN,373.25E-03,-390.81E-03,34.951E-03,-41.220E-03,Error,Error,NAN,NAN,NAN,NAN,NAN,NAN,NAN,NAN,NAN,235.94E+00,236.45E+00,212.88E+00,-52.607E-03,235.94E+00,0.000E+00,0.000E+00,0.000E+00,462.38E-06,0.000E+00,-542.89E-03,0.000E+03,0.000E+03,Error,Error,50.042E+00,NAN,342.82E+00,-342.75E+00,168.78E-03,-151.28E-03,1.453E+00,Error,NAN,NAN,NAN,NAN,NAN,NAN,NAN,NAN,NAN,NAN,NAN
  243,  2026/04/21,09:32:45,0.00E+00,0.00E+00,0.00E+00,-11.585E-03,0.00E+00,0.000E+00,0.000E+00,0.000E+00,-872.05E-06,0.000E+00,-608.56E-09,0.000E+03,0.000E+03,Error,Error,Error,NAN,373.25E-03,-358.97E-03,34.951E-03,-36.142E-03,Error,Error,NAN,NAN,NAN,NAN,NAN,NAN,NAN,NAN,NAN,236.27E+00,236.79E+00,213.19E+00,6.3312E-03,236.27E+00,0.000E+00,0.000E+00,0.000E+00,676.40E-06,0.000E+00,-848.72E-03,0.000E+03,0.000E+03,Error,Error,50.050E+00,NAN,343.33E+00,-343.42E+00,173.86E-03,-176.68E-03,1.453E+00,Error,NAN,NAN,NAN,NAN,NAN,NAN,NAN,NAN,NAN,NAN,NAN
  244,  2026/04/21,09:32:47,0.00E+00,0.00E+00,0.00E+00,-11.871E-03,0.00E+00,0.000E+00,0.000E+00,0.000E+00,487.90E-06,0.000E+00,-2.1995E-06,0.000E+03,0.000E+03,Error,Error,Error,NAN,436.92E-03,-518.15E-03,34.951E-03,-31.064E-03,Error,Error,NAN,NAN,NAN,NAN,NAN,NAN,NAN,NAN,NAN,236.26E+00,236.76E+00,213.16E+00,19.391E-03,236.26E+00,0.000E+00,0.000E+00,0.000E+00,115.56E-06,0.000E+00,-1.6996E+00,0.000E+03,0.000E+03,Error,Error,50.059E+00,NAN,343.11E+00,-343.13E+00,163.70E-03,-166.52E-03,1.452E+00,Error,NAN,NAN,NAN,NAN,NAN,NAN,NAN,NAN,NAN,NAN,NAN
  245,  2026/04/21,09:32:49,1.7896E+00,0.00E+00,0.00E+00,1.4198E+00,0.00E+00,16.524E+00,15.838E+00,14.259E+00,14.257E+00,8.3525E+00,27.537E+00,29.570E+00,-10.774E+00,0.9313E+00,-21.37E+00,Error,NAN,3.3976E+00,-454.48E-03,19.880E+00,-31.064E-03,1.899E+00,1.203E+00,NAN,NAN,NAN,NAN,NAN,NAN,NAN,NAN,NAN,235.88E+00,236.39E+00,212.83E+00,40.056E-03,235.88E+00,502.21E-03,0.000E+00,0.000E+00,43.003E-03,500.36E-03,-83.284E+00,118.46E+00,-84.240E+00,-0.7031E+00,-134.67E+00,50.049E+00,NAN,343.08E+00,-343.10E+00,2.1806E+00,-1.0556E+00,1.455E+00,4.342E+00,NAN,NAN,NAN,NAN,NAN,NAN,NAN,NAN,NAN,NAN,NAN
  246,  2026/04/21,09:32:51,0.00E+00,0.00E+00,0.00E+00,-15.080E-03,0.00E+00,0.000E+00,0.000E+00,0.000E+00,-1.0571E-03,0.000E+00,-1.6248E-06,0.000E+03,0.000E+03,Error,Error,Error,NAN,436.92E-03,-518.15E-03,29.873E-03,-31.064E-03,Error,Error,NAN,NAN,NAN,NAN,NAN,NAN,NAN,NAN,NAN,236.24E+00,236.71E+00,213.11E+00,28.622E-03,236.24E+00,0.000E+00,0.000E+00,0.000E+00,594.36E-06,0.000E+00,-397.83E-03,0.000E+03,0.000E+03,Error,Error,50.057E+00,NAN,343.23E+00,-343.23E+00,138.30E-03,-161.44E-03,1.453E+00,Error,NAN,NAN,NAN,NAN,NAN,NAN,NAN,NAN,NAN,NAN,NAN
  247,  2026/04/21,09:32:53,0.00E+00,0.00E+00,0.00E+00,-10.074E-03,0.00E+00,0.000E+00,0.000E+00,0.000E+00,-902.86E-06,0.000E+00,35.065E-06,0.000E+03,0.000E+03,Error,Error,Error,NAN,532.42E-03,-486.31E-03,29.873E-03,-36.142E-03,Error,Error,NAN,NAN,NAN,NAN,NAN,NAN,NAN,NAN,NAN,236.29E+00,236.78E+00,213.17E+00,47.551E-03,236.29E+00,0.000E+00,0.000E+00,0.000E+00,-53.102E-06,0.000E+00,-549.68E-03,0.000E+03,0.000E+03,Error,Error,50.047E+00,NAN,343.30E+00,-343.42E+00,168.78E-03,-161.44E-03,1.453E+00,Error,NAN,NAN,NAN,NAN,NAN,NAN,NAN,NAN,NAN,NAN,NAN
  248,  2026/04/21,09:32:55,0.00E+00,0.00E+00,0.00E+00,-10.614E-03,0.00E+00,0.000E+00,0.000E+00,0.000E+00,-1.0536E-03,0.000E+00,-13.360E-06,0.000E+03,0.000E+03,Error,Error,Error,NAN,436.92E-03,-486.31E-03,29.873E-03,-36.142E-03,Error,Error,NAN,NAN,NAN,NAN,NAN,NAN,NAN,NAN,NAN,236.22E+00,236.71E+00,213.11E+00,63.033E-03,236.22E+00,0.000E+00,0.000E+00,0.000E+00,628.85E-06,0.000E+00,-537.50E-03,0.000E+03,0.000E+03,Error,Error,50.050E+00,NAN,343.30E+00,-343.39E+00,168.78E-03,-171.60E-03,1.454E+00,Error,NAN,NAN,NAN,NAN,NAN,NAN,NAN,NAN,NAN,NAN,NAN
  249,  2026/04/21,09:32:57,0.00E+00,0.00E+00,0.00E+00,-12.443E-03,0.00E+00,0.000E+00,0.000E+00,0.000E+00,-932.09E-06,0.000E+00,-31.689E-06,0.000E+03,0.000E+03,Error,Error,Error,NAN,468.75E-03,-518.15E-03,29.873E-03,-31.064E-03,Error,Error,NAN,NAN,NAN,NAN,NAN,NAN,NAN,NAN,NAN,236.24E+00,236.71E+00,213.11E+00,84.949E-03,236.24E+00,0.000E+00,0.000E+00,0.000E+00,-191.43E-06,0.000E+00,-1.0414E+00,0.000E+03,0.000E+03,Error,Error,50.043E+00,NAN,343.11E+00,-343.04E+00,184.02E-03,-166.52E-03,1.452E+00,Error,NAN,NAN,NAN,NAN,NAN,NAN,NAN,NAN,NAN,NAN,NAN
  250,  2026/04/21,09:32:59,0.00E+00,0.00E+00,0.00E+00,-10.131E-03,0.00E+00,0.000E+00,0.000E+00,0.000E+00,708.26E-06,0.000E+00,-5.6254E-06,0.000E+03,0.000E+03,Error,Error,Error,NAN,468.75E-03,-518.15E-03,29.873E-03,-31.064E-03,Error,Error,NAN,NAN,NAN,NAN,NAN,NAN,NAN,NAN,NAN,236.18E+00,236.67E+00,213.08E+00,54.674E-03,236.18E+00,0.000E+00,0.000E+00,0.000E+00,139.00E-06,0.000E+00,-1.7250E+00,0.000E+03,0.000E+03,Error,Error,50.034E+00,NAN,342.98E+00,-343.10E+00,168.78E-03,-161.44E-03,1.453E+00,Error,NAN,NAN,NAN,NAN,NAN,NAN,NAN,NAN,NAN,NAN,NAN
  251,  2026/04/21,09:33:01,1.7476E+00,0.00E+00,0.00E+00,1.2299E+00,0.00E+00,14.227E+00,11.649E+00,10.488E+00,10.484E+00,9.6173E+00,24.103E+00,24.862E+00,-6.0999E+00,0.9694E+00,-14.20E+00,Error,NAN,3.2703E+00,-486.31E-03,20.408E+00,-36.142E-03,1.871E+00,1.434E+00,NAN,NAN,NAN,NAN,NAN,NAN,NAN,NAN,NAN,236.19E+00,236.67E+00,213.07E+00,-39.581E-03,236.19E+00,464.50E-03,0.000E+00,0.000E+00,-51.159E-03,461.67E-03,-60.093E+00,109.71E+00,-91.786E+00,-0.5478E+00,-123.21E+00,50.044E+00,NAN,343.08E+00,-343.07E+00,1.1340E+00,-2.4069E+00,1.453E+00,5.182E+00,NAN,NAN,NAN,NAN,NAN,NAN,NAN,NAN,NAN,NAN,NAN
  252,  2026/04/21,09:33:03,0.00E+00,0.00E+00,0.00E+00,-8.6798E-03,0.00E+00,0.000E+00,0.000E+00,0.000E+00,-963.66E-06,0.000E+00,-2.4083E-06,0.000E+03,0.000E+03,Error,Error,Error,NAN,532.42E-03,-518.15E-03,29.873E-03,-36.142E-03,Error,Error,NAN,NAN,NAN,NAN,NAN,NAN,NAN,NAN,NAN,236.15E+00,236.63E+00,213.04E+00,-79.190E-03,236.15E+00,0.000E+00,0.000E+00,0.000E+00,160.80E-06,0.000E+00,45.883E-03,0.000E+03,0.000E+03,Error,Error,50.028E+00,NAN,342.89E+00,-342.85E+00,67.174E-03,-69.995E-03,1.452E+00,Error,NAN,NAN,NAN,NAN,NAN,NAN,NAN,NAN,NAN,NAN,NAN
  253,  2026/04/21,09:33:05,0.00E+00,0.00E+00,0.00E+00,-13.343E-03,0.00E+00,0.000E+00,0.000E+00,0.000E+00,-873.11E-06,0.000E+00,32.799E-06,0.000E+03,0.000E+03,Error,Error,Error,NAN,468.75E-03,-454.48E-03,29.873E-03,-36.142E-03,Error,Error,NAN,NAN,NAN,NAN,NAN,NAN,NAN,NAN,NAN,236.31E+00,236.75E+00,213.15E+00,-51.857E-03,236.31E+00,0.000E+00,0.000E+00,0.000E+00,657.70E-06,0.000E+00,-189.11E-03,0.000E+03,0.000E+03,Error,Error,50.041E+00,NAN,343.17E+00,-343.20E+00,148.46E-03,-100.48E-03,1.452E+00,Error,NAN,NAN,NAN,NAN,NAN,NAN,NAN,NAN,NAN,NAN,NAN
  254,  2026/04/21,09:33:07,0.00E+00,0.00E+00,0.00E+00,-9.9581E-03,0.00E+00,0.000E+00,0.000E+00,0.000E+00,-1.2215E-03,0.000E+00,2.4309E-06,0.000E+03,0.000E+03,Error,Error,Error,NAN,373.25E-03,-358.97E-03,34.951E-03,-31.064E-03,Error,Error,NAN,NAN,NAN,NAN,NAN,NAN,NAN,NAN,NAN,236.21E+00,236.66E+00,213.07E+00,-103.04E-03,236.21E+00,0.000E+00,0.000E+00,0.000E+00,-122.71E-06,0.000E+00,-537.77E-03,0.000E+03,0.000E+03,Error,Error,50.040E+00,NAN,342.89E+00,-342.82E+00,143.38E-03,-156.36E-03,1.452E+00,Error,NAN,NAN,NAN,NAN,NAN,NAN,NAN,NAN,NAN,NAN,NAN
  255,  2026/04/21,09:33:09,0.00E+00,0.00E+00,0.00E+00,-7.7080E-03,0.00E+00,0.000E+00,0.000E+00,0.000E+00,-926.13E-06,0.000E+00,1.9911E-06,0.000E+03,0.000E+03,Error,Error,Error,NAN,341.41E-03,-422.64E-03,29.873E-03,-36.142E-03,Error,Error,NAN,NAN,NAN,NAN,NAN,NAN,NAN,NAN,NAN,236.15E+00,236.61E+00,213.02E+00,-33.637E-03,236.15E+00,0.000E+00,0.000E+00,0.000E+00,683.93E-06,0.000E+00,-1.3755E+00,0.000E+03,0.000E+03,Error,Error,50.043E+00,NAN,342.92E+00,-342.82E+00,168.78E-03,-181.76E-03,1.452E+00,Error,NAN,NAN,NAN,NAN,NAN,NAN,NAN,NAN,NAN,NAN,NAN
  256,  2026/04/21,09:33:11,0.00E+00,0.00E+00,0.00E+00,-13.380E-03,0.00E+00,0.000E+00,0.000E+00,0.000E+00,1.8048E-03,0.000E+00,-12.549E-06,0.000E+03,0.000E+03,Error,Error,Error,NAN,373.25E-03,-358.97E-03,40.029E-03,-25.986E-03,Error,Error,NAN,NAN,NAN,NAN,NAN,NAN,NAN,NAN,NAN,236.02E+00,236.49E+00,212.92E+00,-20.362E-03,236.02E+00,0.000E+00,0.000E+00,0.000E+00,193.91E-06,0.000E+00,-1.7058E+00,0.000E+03,0.000E+03,Error,Error,50.044E+00,NAN,342.57E+00,-342.56E+00,173.86E-03,-151.28E-03,1.451E+00,Error,NAN,NAN,NAN,NAN,NAN,NAN,NAN,NAN,NAN,NAN,NAN
  257,  2026/04/21,09:33:13,2.5451E+00,0.00E+00,0.00E+00,1.4836E+00,2.0680E+00,10.960E+00,7.1343E+00,6.4232E+00,6.4179E+00,8.8849E+00,27.961E+00,27.896E+00,0.000E+03,1.0000E+00,0.00E+00,Error,NAN,4.9257E+00,-390.81E-03,19.591E+00,-36.142E-03,1.935E+00,1.787E+00,NAN,NAN,NAN,NAN,NAN,NAN,NAN,NAN,NAN,236.09E+00,236.62E+00,213.04E+00,41.974E-03,236.09E+00,397.66E-03,0.000E+00,0.000E+00,54.790E-03,393.87E-03,-37.776E+00,93.886E+00,-85.951E+00,-0.4024E+00,-113.73E+00,50.036E+00,NAN,342.85E+00,-342.82E+00,2.2974E+00,-862.52E-03,1.452E+00,5.777E+00,NAN,NAN,NAN,NAN,NAN,NAN,NAN,NAN,NAN,NAN,NAN
  258,  2026/04/21,09:33:15,0.00E+00,0.00E+00,0.00E+00,-11.672E-03,0.00E+00,0.000E+00,0.000E+00,0.000E+00,-1.0265E-03,0.000E+00,7.6069E-06,0.000E+03,0.000E+03,Error,Error,Error,NAN,341.41E-03,-358.97E-03,29.873E-03,-36.142E-03,Error,Error,NAN,NAN,NAN,NAN,NAN,NAN,NAN,NAN,NAN,236.19E+00,236.69E+00,213.10E+00,63.070E-03,236.19E+00,0.000E+00,0.000E+00,0.000E+00,186.65E-06,0.000E+00,-8.6225E-03,0.000E+03,0.000E+03,Error,Error,50.036E+00,NAN,342.92E+00,-342.98E+00,67.174E-03,-64.914E-03,1.452E+00,Error,NAN,NAN,NAN,NAN,NAN,NAN,NAN,NAN,NAN,NAN,NAN
  259,  2026/04/21,09:33:17,0.00E+00,0.00E+00,0.00E+00,-12.814E-03,0.00E+00,0.000E+00,0.000E+00,0.000E+00,-776.44E-06,0.000E+00,4.0479E-06,0.000E+03,0.000E+03,Error,Error,Error,NAN,309.58E-03,-390.81E-03,34.951E-03,-36.142E-03,Error,Error,NAN,NAN,NAN,NAN,NAN,NAN,NAN,NAN,NAN,236.10E+00,236.63E+00,213.04E+00,82.854E-03,236.10E+00,0.000E+00,0.000E+00,0.000E+00,113.23E-06,0.000E+00,-4.2339E-03,0.000E+03,0.000E+03,Error,Error,50.037E+00,NAN,342.76E+00,-342.72E+00,67.174E-03,-69.995E-03,1.452E+00,Error,NAN,NAN,NAN,NAN,NAN,NAN,NAN,NAN,NAN,NAN,NAN